{"type": "FeatureCollection", "features": [{"type": "Feature", "geometry": {"type": "Point", "coordinates": [80.093, 40.9885]}, "properties": {"id": "airbase_001", "name": "Aksu Landing Strip", "category": "Airbase", "category_label": "Air Bases", "icon": "airbase", "color": "#FF3B30", "threat_level": "HIGH", "display_fields": [{"label": "Type", "value": "Strip"}, {"label": "Runway (Direction)", "value": "2000x35"}, {"label": "Distance IB", "value": "620"}]}}, {"type": "Feature", "geometry": {"type": "Point", "coordinates": [80.291667, 41.2625]}, "properties": {"id": "airbase_002", "name": "Aksu Onsu / Wensu", "category": "Airbase", "category_label": "Air Bases", "icon": "airbase", "color": "#FF3B30", "threat_level": "HIGH", "display_fields": [{"label": "Chinese Name", "value": "阿克苏/温宿"}, {"label": "Type", "value": "Airport"}, {"label": "Status", "value": "Upgraded"}, {"label": "Province", "value": "Xinjiang"}, {"label": "Aprox. Start of Work", "value": "2018"}, {"label": "Aprox. End of Work", "value": "2020"}, {"label": "Elevation (m)", "value": "1169"}, {"label": "Runway (Direction)", "value": "2800x45"}, {"label": "Military/Dual-Use", "value": "Yes"}, {"label": "Infrastructure / Equipment", "value": "CH5 UAVs, ATC, Terminal buidling, POL storage"}]}}, {"type": "Feature", "geometry": {"type": "Point", "coordinates": [88.088665, 47.753594]}, "properties": {"id": "airbase_003", "name": "Altay Airport", "category": "Airbase", "category_label": "Air Bases", "icon": "airbase", "color": "#FF3B30", "threat_level": "HIGH", "display_fields": [{"label": "Chinese Name", "value": "阿勒泰"}, {"label": "Type", "value": "Airport"}, {"label": "Status", "value": "Upgraded"}, {"label": "Province", "value": "Xinjiang"}, {"label": "Aprox. Start of Work", "value": "2017"}, {"label": "Aprox. End of Work", "value": "2019"}, {"label": "Elevation (m)", "value": "764"}, {"label": "Military Service", "value": "PLAAF"}, {"label": "Unit", "value": "2nd Battalion 3rd UAV Brigade"}]}}, {"type": "Feature", "geometry": {"type": "Point", "coordinates": [101.54928, 39.2274]}, "properties": {"id": "airbase_004", "name": "Alsa Youqi", "category": "Airbase", "category_label": "Air Bases", "icon": "airbase", "color": "#FF3B30", "threat_level": "HIGH", "display_fields": [{"label": "Type", "value": "Airport"}, {"label": "Province", "value": "Gansu"}]}}, {"type": "Feature", "geometry": {"type": "Point", "coordinates": [83.995883, 42.970108]}, "properties": {"id": "airbase_005", "name": "Baiyin Buluke / Bayanbulak", "category": "Airbase", "category_label": "Air Bases", "icon": "airbase", "color": "#FF3B30", "threat_level": "HIGH", "display_fields": [{"label": "Type", "value": "Airfield"}, {"label": "Status", "value": "New"}, {"label": "Province", "value": "Xinjiang"}, {"label": "Prefecture", "value": "Bayingolin Mongol AP"}, {"label": "Elevation (m)", "value": "4011"}, {"label": "Runway (Direction)", "value": "2900x45"}]}}, {"type": "Feature", "geometry": {"type": "Point", "coordinates": [78.03671, 35.75504]}, "properties": {"id": "airbase_006", "name": "Baksumbulaq", "category": "Airbase", "category_label": "Air Bases", "icon": "airbase", "color": "#FF3B30", "threat_level": "HIGH", "display_fields": [{"label": "Type", "value": "Helibase"}, {"label": "Status", "value": "New"}, {"label": "Province", "value": "Xinjiang"}, {"label": "Aprox. Start of Work", "value": "2024-05-01 00:00:00"}, {"label": "Runway (Direction)", "value": "300x40"}, {"label": "Military/Dual-Use", "value": "Military"}, {"label": "Infrastructure / Equipment", "value": "4 helipads"}]}}, {"type": "Feature", "geometry": {"type": "Point", "coordinates": [77.8855, 35.6316]}, "properties": {"id": "airbase_007", "name": "Balti Brangsa", "category": "Airbase", "category_label": "Air Bases", "icon": "airbase", "color": "#FF3B30", "threat_level": "HIGH", "display_fields": [{"label": "Type", "value": "Airstrip"}, {"label": "Status", "value": "New"}, {"label": "Province", "value": "Xinjiang"}, {"label": "Elevation (m)", "value": "4292"}, {"label": "Runway (Direction)", "value": "400x50"}, {"label": "Distance IB", "value": "15"}, {"label": "Infrastructure / Equipment", "value": "1 Tower, 500x60 plinth"}]}}, {"type": "Feature", "geometry": {"type": "Point", "coordinates": [99.168628, 25.051425]}, "properties": {"id": "airbase_008", "name": "Baoshan", "category": "Airbase", "category_label": "Air Bases", "icon": "airbase", "color": "#FF3B30", "threat_level": "HIGH", "display_fields": [{"label": "Type", "value": "Airport"}, {"label": "Status", "value": "Unchanged"}, {"label": "Province", "value": "Yunnan"}, {"label": "Prefecture", "value": "Nujiang Lisu"}]}}, {"type": "Feature", "geometry": {"type": "Point", "coordinates": [87.5357, 41.7142]}, "properties": {"id": "airbase_009", "name": "Bohu", "category": "Airbase", "category_label": "Air Bases", "icon": "airbase", "color": "#FF3B30", "threat_level": "HIGH", "display_fields": [{"label": "Type", "value": "Airstrip"}, {"label": "Province", "value": "Tibet"}, {"label": "Infrastructure / Equipment", "value": "HAPS with containers"}]}}, {"type": "Feature", "geometry": {"type": "Point", "coordinates": [82.300267, 44.893193]}, "properties": {"id": "airbase_010", "name": "Bole Alashankou Airport", "category": "Airbase", "category_label": "Air Bases", "icon": "airbase", "color": "#FF3B30", "threat_level": "HIGH", "display_fields": [{"label": "Chinese Name", "value": "博乐/阿拉山口"}, {"label": "Type", "value": "Airport"}, {"label": "Status", "value": "Unchanged"}, {"label": "Province", "value": "Xinjiang"}, {"label": "Aprox. Start of Work", "value": "NA"}, {"label": "Aprox. End of Work", "value": "NA"}, {"label": "Elevation (m)", "value": "395"}]}}, {"type": "Feature", "geometry": {"type": "Point", "coordinates": [86.995391, 48.217441]}, "properties": {"id": "airbase_011", "name": "Burqin Kanas Airport", "category": "Airbase", "category_label": "Air Bases", "icon": "airbase", "color": "#FF3B30", "threat_level": "HIGH", "display_fields": [{"label": "Chinese Name", "value": "布尔津/喀纳斯"}, {"label": "Type", "value": "Airport"}, {"label": "Status", "value": "Unchanged"}, {"label": "Province", "value": "Xinjiang"}, {"label": "Aprox. Start of Work", "value": "NA"}, {"label": "Aprox. End of Work", "value": "NA"}, {"label": "Elevation (m)", "value": "1180"}]}}, {"type": "Feature", "geometry": {"type": "Point", "coordinates": [87.079167, 43.951111]}, "properties": {"id": "airbase_012", "name": "Chagji", "category": "Airbase", "category_label": "Air Bases", "icon": "airbase", "color": "#FF3B30", "threat_level": "HIGH", "display_fields": [{"label": "Type", "value": "Airport"}, {"label": "Province", "value": "Xinjiang"}, {"label": "Elevation (m)", "value": "800"}, {"label": "Military/Dual-Use", "value": "Yes"}, {"label": "Infrastructure / Equipment", "value": "J11B / J11BS since 2020"}]}}, {"type": "Feature", "geometry": {"type": "Point", "coordinates": [103.465278, 20.490278]}, "properties": {"id": "airbase_013", "name": "Chengdu Qionglai", "category": "Airbase", "category_label": "Air Bases", "icon": "airbase", "color": "#FF3B30", "threat_level": "HIGH", "display_fields": [{"label": "Type", "value": "Airport"}, {"label": "Province", "value": "Sichuan"}, {"label": "Elevation (m)", "value": "580"}, {"label": "Infrastructure / Equipment", "value": "Y9, Y20, Y5B, Y7H, Z20, Mi17V-7, Mi171E, Mi171Sh"}, {"label": "Military Service", "value": "PLAAF"}, {"label": "Unit", "value": "12* Air / 4** Transport"}]}}, {"type": "Feature", "geometry": {"type": "Point", "coordinates": [104.0535, 30.4348]}, "properties": {"id": "airbase_014", "name": "Chengdu Feng Huang Shan", "category": "Airbase", "category_label": "Air Bases", "icon": "airbase", "color": "#FF3B30", "threat_level": "HIGH", "display_fields": [{"label": "Type", "value": "Airfield"}, {"label": "Province", "value": "Sichuan"}]}}, {"type": "Feature", "geometry": {"type": "Point", "coordinates": [79.1875, 36.131]}, "properties": {"id": "airbase_015", "name": "Dahongliutan", "category": "Airbase", "category_label": "Air Bases", "icon": "airbase", "color": "#FF3B30", "threat_level": "HIGH", "display_fields": [{"label": "Type", "value": "Linear strip"}]}}, {"type": "Feature", "geometry": {"type": "Point", "coordinates": [100.322203, 25.648839]}, "properties": {"id": "airbase_016", "name": "Dali", "category": "Airbase", "category_label": "Air Bases", "icon": "airbase", "color": "#FF3B30", "threat_level": "HIGH", "display_fields": [{"label": "Type", "value": "Airport"}, {"label": "Status", "value": "Unchanged"}, {"label": "Province", "value": "Yunnan"}, {"label": "Prefecture", "value": "Nujiang Lisu"}]}}, {"type": "Feature", "geometry": {"type": "Point", "coordinates": [91.076529, 30.491208]}, "properties": {"id": "airbase_017", "name": "Damxung / Donshoon / Dangxiang", "category": "Airbase", "category_label": "Air Bases", "icon": "airbase", "color": "#FF3B30", "threat_level": "HIGH", "display_fields": [{"label": "Chinese Name", "value": "当雄"}, {"label": "Type", "value": "Airport"}, {"label": "Status", "value": "New"}, {"label": "Province", "value": "Tibet"}, {"label": "Aprox. Start of Work", "value": "2020"}, {"label": "Aprox. End of Work", "value": "Ongoing"}, {"label": "Elevation (m)", "value": "4302"}, {"label": "Runway (Direction)", "value": "5000x65 (05-23)"}, {"label": "Infrastructure / Equipment", "value": "4 taxi tracks, 2 Aprons"}]}}, {"type": "Feature", "geometry": {"type": "Point", "coordinates": [100.062, 29.3126]}, "properties": {"id": "airbase_018", "name": "Daocheng", "category": "Airbase", "category_label": "Air Bases", "icon": "airbase", "color": "#FF3B30", "threat_level": "HIGH", "display_fields": [{"label": "Type", "value": "Airfield"}, {"label": "Runway (Direction)", "value": "4200x45"}, {"label": "Distance IB", "value": "500"}]}}, {"type": "Feature", "geometry": {"type": "Point", "coordinates": [100.3007, 34.4185]}, "properties": {"id": "airbase_019", "name": "Dawu / Golog Maqin", "category": "Airbase", "category_label": "Air Bases", "icon": "airbase", "color": "#FF3B30", "threat_level": "HIGH", "display_fields": [{"label": "Type", "value": "Airfield"}, {"label": "Province", "value": "Qinghai"}, {"label": "Aprox. End of Work", "value": "2016"}, {"label": "Elevation (m)", "value": "3788"}, {"label": "Runway (Direction)", "value": "3900x45 (12-30)"}]}}, {"type": "Feature", "geometry": {"type": "Point", "coordinates": [77.6621, 37.7832]}, "properties": {"id": "airbase_020", "name": "Dawu, Yecheng County", "category": "Airbase", "category_label": "Air Bases", "icon": "airbase", "color": "#FF3B30", "threat_level": "HIGH", "display_fields": [{"label": "Type", "value": "Airfield"}, {"label": "Province", "value": "Xinjiang"}, {"label": "Aprox. Start of Work", "value": "2022"}, {"label": "Aprox. End of Work", "value": "2025"}, {"label": "Elevation (m)", "value": "1424"}, {"label": "Runway (Direction)", "value": "2000x30 (15-33)"}]}}, {"type": "Feature", "geometry": {"type": "Point", "coordinates": [105.773611, 29.636111]}, "properties": {"id": "airbase_021", "name": "Dazu", "category": "Airbase", "category_label": "Air Bases", "icon": "airbase", "color": "#FF3B30", "threat_level": "HIGH", "display_fields": [{"label": "Type", "value": "Airfield"}, {"label": "Status", "value": "Unchanged"}, {"label": "Military Service", "value": "PLAAF"}, {"label": "Unit", "value": "97* Air/ Lanzhou Base / WTC"}]}}, {"type": "Feature", "geometry": {"type": "Point", "coordinates": [91.275, 29.66]}, "properties": {"id": "airbase_022", "name": "Dechen Dzong", "category": "Airbase", "category_label": "Air Bases", "icon": "airbase", "color": "#FF3B30", "threat_level": "HIGH", "display_fields": [{"label": "Type", "value": "Helibase"}, {"label": "Status", "value": "New"}, {"label": "Province", "value": "Tibet"}, {"label": "Prefecture", "value": "Lhasa"}, {"label": "Elevation (m)", "value": "3619"}, {"label": "Runway (Direction)", "value": "500x50"}, {"label": "Military/Dual-Use", "value": "Yes"}, {"label": "Infrastructure / Equipment", "value": "8 helipads, 5 hangars"}]}}, {"type": "Feature", "geometry": {"type": "Point", "coordinates": [98.5394, 24.4081]}, "properties": {"id": "airbase_023", "name": "Dehong Mangshi (ZPMS/ LUM) / Luxi", "category": "Airbase", "category_label": "Air Bases", "icon": "airbase", "color": "#FF3B30", "threat_level": "HIGH", "display_fields": [{"label": "Type", "value": "Airport"}, {"label": "Status", "value": "Unchanged"}, {"label": "Province", "value": "Yunnan"}, {"label": "Runway (Direction)", "value": "(05-23)"}]}}, {"type": "Feature", "geometry": {"type": "Point", "coordinates": [99.7883, 40.4021]}, "properties": {"id": "airbase_024", "name": "Dingxin", "category": "Airbase", "category_label": "Air Bases", "icon": "airbase", "color": "#FF3B30", "threat_level": "HIGH", "display_fields": [{"label": "Type", "value": "Airfield"}, {"label": "Runway (Direction)", "value": "4200x60 (04-22)"}, {"label": "2nd Runway", "value": "New construction"}, {"label": "Infrastructure / Equipment", "value": "5 J20, 6-10 H6, 4 JH7A, 8-25 J11, 1 J10, 1 MI-17/MI-8, 4 Y8, 1 Y7"}]}}, {"type": "Feature", "geometry": {"type": "Point", "coordinates": [80.4506, 33.6556]}, "properties": {"id": "airbase_025", "name": "Domar", "category": "Airbase", "category_label": "Air Bases", "icon": "airbase", "color": "#FF3B30", "threat_level": "HIGH", "display_fields": [{"label": "Type", "value": "Heliport"}, {"label": "Status", "value": "New"}, {"label": "Province", "value": "Xinjiang"}, {"label": "Aprox. Start of Work", "value": "2020"}, {"label": "Aprox. End of Work", "value": "2023"}, {"label": "Elevation (m)", "value": "4559"}, {"label": "Runway (Direction)", "value": "1100x35"}, {"label": "Distance IB", "value": "119"}, {"label": "Military/Dual-Use", "value": "Yes"}, {"label": "Infrastructure / Equipment", "value": "8 Mi-8 / Mi-17 helicopters, 19 hangars, 18 shelters under construction, PCL 191 Bty in sheds"}]}}, {"type": "Feature", "geometry": {"type": "Point", "coordinates": [94.6821, 40.0925]}, "properties": {"id": "airbase_026", "name": "Dunhuang", "category": "Airbase", "category_label": "Air Bases", "icon": "airbase", "color": "#FF3B30", "threat_level": "HIGH", "display_fields": [{"label": "Type", "value": "Helibase"}, {"label": "Province", "value": "Gansu"}]}}, {"type": "Feature", "geometry": {"type": "Point", "coordinates": [101.00083, 42.01261]}, "properties": {"id": "airbase_027", "name": "Ejin Banner Taolai", "category": "Airbase", "category_label": "Air Bases", "icon": "airbase", "color": "#FF3B30", "threat_level": "HIGH", "display_fields": [{"label": "Type", "value": "Airport"}]}}, {"type": "Feature", "geometry": {"type": "Point", "coordinates": [107.25317, 29.656245]}, "properties": {"id": "airbase_028", "name": "Fuling", "category": "Airbase", "category_label": "Air Bases", "icon": "airbase", "color": "#FF3B30", "threat_level": "HIGH", "display_fields": [{"label": "Type", "value": "Airport"}, {"label": "Status", "value": "New"}, {"label": "Province", "value": "Chongqing"}, {"label": "Aprox. End of Work", "value": "2025"}]}}, {"type": "Feature", "geometry": {"type": "Point", "coordinates": [89.510846, 46.802946]}, "properties": {"id": "airbase_029", "name": "Fuyun Koktokay Airport", "category": "Airbase", "category_label": "Air Bases", "icon": "airbase", "color": "#FF3B30", "threat_level": "HIGH", "display_fields": [{"label": "Chinese Name", "value": "富蕴/可可托海"}, {"label": "Type", "value": "Airport"}, {"label": "Status", "value": "Unchanged"}, {"label": "Province", "value": "Xinjiang"}, {"label": "Aprox. Start of Work", "value": "NA"}, {"label": "Aprox. End of Work", "value": "NA"}, {"label": "Elevation (m)", "value": "933"}]}}, {"type": "Feature", "geometry": {"type": "Point", "coordinates": [91.503092, 41.190353]}, "properties": {"id": "airbase_030", "name": "Gaozuizi", "category": "Airbase", "category_label": "Air Bases", "icon": "airbase", "color": "#FF3B30", "threat_level": "HIGH", "display_fields": [{"label": "Type", "value": "Airbase"}, {"label": "Status", "value": "New"}, {"label": "Province", "value": "Xinjiang"}, {"label": "Aprox. End of Work", "value": "2023"}, {"label": "Elevation (m)", "value": "829"}, {"label": "Runway (Direction)", "value": "(04-22)"}]}}, {"type": "Feature", "geometry": {"type": "Point", "coordinates": [84.02879, 32.29913]}, "properties": {"id": "airbase_031", "name": "Gerze County Heliport", "category": "Airbase", "category_label": "Air Bases", "icon": "airbase", "color": "#FF3B30", "threat_level": "HIGH", "display_fields": [{"label": "Chinese Name", "value": "改则"}, {"label": "Type", "value": "Heliport"}, {"label": "Status", "value": "New"}, {"label": "Province", "value": "Tibet"}, {"label": "Aprox. Start of Work", "value": "2020"}, {"label": "Aprox. End of Work", "value": "2025"}, {"label": "Elevation (m)", "value": "4441"}, {"label": "Runway (Direction)", "value": "635x50"}, {"label": "Distance IB", "value": "370"}, {"label": "Military/Dual-Use", "value": "Military"}, {"label": "Infrastructure / Equipment", "value": "18 hangars"}]}}, {"type": "Feature", "geometry": {"type": "Point", "coordinates": [99.5533, 31.7544]}, "properties": {"id": "airbase_032", "name": "Garze / Ganzi / Gesar - Cuoa, Dege,", "category": "Airbase", "category_label": "Air Bases", "icon": "airbase", "color": "#FF3B30", "threat_level": "HIGH", "display_fields": [{"label": "Type", "value": "Airfield"}, {"label": "Province", "value": "Sichuan"}, {"label": "Prefecture", "value": "Garze Tibetan AP"}, {"label": "Runway (Direction)", "value": "4005x110 (12-30)"}]}}, {"type": "Feature", "geometry": {"type": "Point", "coordinates": [101.749464, 30.13317]}, "properties": {"id": "airbase_033", "name": "Garze Kanding", "category": "Airbase", "category_label": "Air Bases", "icon": "airbase", "color": "#FF3B30", "threat_level": "HIGH", "display_fields": [{"label": "Type", "value": "Airfield"}, {"label": "Province", "value": "Sichuan"}, {"label": "Prefecture", "value": "Garze Tibetan AP"}, {"label": "Elevation (m)", "value": "4200"}]}}, {"type": "Feature", "geometry": {"type": "Point", "coordinates": [81.1407, 32.33887]}, "properties": {"id": "airbase_034", "name": "Ge'gyai", "category": "Airbase", "category_label": "Air Bases", "icon": "airbase", "color": "#FF3B30", "threat_level": "HIGH", "display_fields": [{"label": "Type", "value": "Helistrip"}, {"label": "Status", "value": "New"}, {"label": "Province", "value": "Tibet"}, {"label": "Aprox. Start of Work", "value": "2024-04-01 00:00:00"}, {"label": "Aprox. End of Work", "value": "Ongoing"}]}}, {"type": "Feature", "geometry": {"type": "Point", "coordinates": [94.7865, 36.4006]}, "properties": {"id": "airbase_035", "name": "Golmud Airport", "category": "Airbase", "category_label": "Air Bases", "icon": "airbase", "color": "#FF3B30", "threat_level": "HIGH", "display_fields": [{"label": "Type", "value": "Airfield"}, {"label": "Province", "value": "Qinghai"}, {"label": "Elevation (m)", "value": "2842"}, {"label": "Runway (Direction)", "value": "4795x60 (09-27)"}, {"label": "Distance IB", "value": "1175"}, {"label": "Military/Dual-Use", "value": "Dual"}, {"label": "Infrastructure / Equipment", "value": "4 Aprons, 8 helipads, 6 passenger gates"}]}}, {"type": "Feature", "geometry": {"type": "Point", "coordinates": [94.0148, 35.7171]}, "properties": {"id": "airbase_036", "name": "Golmud", "category": "Airbase", "category_label": "Air Bases", "icon": "airbase", "color": "#FF3B30", "threat_level": "HIGH", "display_fields": [{"label": "Type", "value": "Airstrip"}, {"label": "Province", "value": "Qinghai"}, {"label": "Runway (Direction)", "value": "1200x40 (09-27)"}, {"label": "Infrastructure / Equipment", "value": "6 hardstandings, 1 hangar, 1 taxi track"}]}}, {"type": "Feature", "geometry": {"type": "Point", "coordinates": [94.79771, 36.38469]}, "properties": {"id": "airbase_037", "name": "Golmud Helibase", "category": "Airbase", "category_label": "Air Bases", "icon": "airbase", "color": "#FF3B30", "threat_level": "HIGH", "display_fields": [{"label": "Type", "value": "Heliport"}, {"label": "Province", "value": "Qinghai"}, {"label": "Elevation (m)", "value": "2850"}, {"label": "Runway (Direction)", "value": "850x50"}, {"label": "Distance IB", "value": "778"}, {"label": "Military/Dual-Use", "value": "Military"}, {"label": "Infrastructure / Equipment", "value": "9 helicopters, 1700x2300m area, 10 buildings, 8 sheds, 63 hangars, 100 vehicle sheds"}]}}, {"type": "Feature", "geometry": {"type": "Point", "coordinates": [100.481815, 36.338477]}, "properties": {"id": "airbase_038", "name": "Gonghe Airfield", "category": "Airbase", "category_label": "Air Bases", "icon": "airbase", "color": "#FF3B30", "threat_level": "HIGH", "display_fields": [{"label": "Type", "value": "Airfield"}, {"label": "Province", "value": "Qinghai"}, {"label": "Elevation (m)", "value": "3060"}]}}, {"type": "Feature", "geometry": {"type": "Point", "coordinates": [103.7473, 29.4401]}, "properties": {"id": "airbase_039", "name": "Guanying (Leshan?)", "category": "Airbase", "category_label": "Air Bases", "icon": "airbase", "color": "#FF3B30", "threat_level": "HIGH", "display_fields": [{"label": "Type", "value": "Airfield"}, {"label": "Status", "value": "Re-develop"}, {"label": "Province", "value": "Sichuan"}]}}, {"type": "Feature", "geometry": {"type": "Point", "coordinates": [78.2282, 37.6145]}, "properties": {"id": "airbase_040", "name": "Guma", "category": "Airbase", "category_label": "Air Bases", "icon": "airbase", "color": "#FF3B30", "threat_level": "HIGH", "display_fields": [{"label": "Type", "value": "Airfield"}, {"label": "Status", "value": "New"}, {"label": "Province", "value": "Xinjiang"}, {"label": "Aprox. Start of Work", "value": "2022-04-01 00:00:00"}, {"label": "Aprox. End of Work", "value": "2024-06-01 00:00:00"}, {"label": "Infrastructure / Equipment", "value": "1 WL1 UAV, >15 support vehicles"}]}}, {"type": "Feature", "geometry": {"type": "Point", "coordinates": [88.9079, 29.1867]}, "properties": {"id": "airbase_041", "name": "Gyamcoxung, Samzhubze, Shigatse", "category": "Airbase", "category_label": "Air Bases", "icon": "airbase", "color": "#FF3B30", "threat_level": "HIGH", "display_fields": [{"label": "Type", "value": "Helistrip"}, {"label": "Status", "value": "New"}, {"label": "Province", "value": "Tibet"}, {"label": "Prefecture", "value": "Shigatse"}, {"label": "Aprox. Start of Work", "value": "1905-07-16 00:00:00"}, {"label": "Runway (Direction)", "value": "200x40"}]}}, {"type": "Feature", "geometry": {"type": "Point", "coordinates": [89.5321, 28.8714]}, "properties": {"id": "airbase_042", "name": "Gyantse", "category": "Airbase", "category_label": "Air Bases", "icon": "airbase", "color": "#FF3B30", "threat_level": "HIGH", "display_fields": [{"label": "Type", "value": "UAV Strip"}, {"label": "Status", "value": "New"}, {"label": "Province", "value": "Tibet"}, {"label": "Aprox. Start of Work", "value": "2023-05-01 00:00:00"}, {"label": "Aprox. End of Work", "value": "Ongoing"}, {"label": "Runway (Direction)", "value": "765x35"}, {"label": "Military/Dual-Use", "value": "Yes"}, {"label": "Infrastructure / Equipment", "value": "20 UAVs"}]}}, {"type": "Feature", "geometry": {"type": "Point", "coordinates": [93.67333, 42.842251]}, "properties": {"id": "airbase_043", "name": "Hami / Kumul", "category": "Airbase", "category_label": "Air Bases", "icon": "airbase", "color": "#FF3B30", "threat_level": "HIGH", "display_fields": [{"label": "Chinese Name", "value": "哈密"}, {"label": "Type", "value": "Airport"}, {"label": "Status", "value": "Upgraded"}, {"label": "Province", "value": "Xinjiang"}, {"label": "Aprox. Start of Work", "value": "2020"}, {"label": "Aprox. End of Work", "value": "Ongoing"}, {"label": "Elevation (m)", "value": "830"}, {"label": "Runway (Direction)", "value": "3197x52 (11-29)"}, {"label": "Military/Dual-Use", "value": "Yes"}]}}, {"type": "Feature", "geometry": {"type": "Point", "coordinates": [79.87447, 37.039881]}, "properties": {"id": "airbase_044", "name": "Hotan (HZWTN) / Ho-Tien/ Hétián Jichang", "category": "Airbase", "category_label": "Air Bases", "icon": "airbase", "color": "#FF3B30", "threat_level": "HIGH", "display_fields": [{"label": "Chinese Name", "value": "和田"}, {"label": "Type", "value": "Airport"}, {"label": "Status", "value": "Upgraded"}, {"label": "Province", "value": "Xinjiang"}, {"label": "Aprox. Start of Work", "value": "2020"}, {"label": "Aprox. End of Work", "value": "Ongoing"}, {"label": "Elevation (m)", "value": "1420"}, {"label": "Runway (Direction)", "value": "3000x50 (11-29)"}, {"label": "2nd Runway", "value": "3800x50"}, {"label": "Military/Dual-Use", "value": "Yes"}, {"label": "Infrastructure / Equipment", "value": "1 Y9, 36 fighters (29 J11), 2 AEWCS (1KJ500), 3 transport (1Y8, 1Y7), 15 WL series, 5 Hypersonic UAVs, BZK-005、BZK-006、GJ-1, GJ-2, SAM Site"}, {"label": "Military Service", "value": "PLAGF"}, {"label": "Unit", "value": "54th H-CAB / TMR"}]}}, {"type": "Feature", "geometry": {"type": "Point", "coordinates": [79.9236, 36.9915]}, "properties": {"id": "airbase_045", "name": "Hotan Heliport", "category": "Airbase", "category_label": "Air Bases", "icon": "airbase", "color": "#FF3B30", "threat_level": "HIGH", "display_fields": [{"label": "Type", "value": "Heliport"}, {"label": "Province", "value": "Xinjiang"}, {"label": "Elevation (m)", "value": "1485"}, {"label": "Runway (Direction)", "value": "180x20"}, {"label": "Distance IB", "value": "233"}, {"label": "Military/Dual-Use", "value": "Military"}, {"label": "Infrastructure / Equipment", "value": "1 shelter"}, {"label": "Military Service", "value": "PLAAF"}, {"label": "Unit", "value": "Xi'an Flight Academy 2nd Training Brigade"}]}}, {"type": "Feature", "geometry": {"type": "Point", "coordinates": [79.3412, 37.233]}, "properties": {"id": "airbase_046", "name": "Hotan North West", "category": "Airbase", "category_label": "Air Bases", "icon": "airbase", "color": "#FF3B30", "threat_level": "HIGH", "display_fields": [{"label": "Type", "value": "Airfield"}, {"label": "Status", "value": "New"}, {"label": "Province", "value": "Xinjiang"}, {"label": "Runway (Direction)", "value": "800x400 (09-27)"}, {"label": "Infrastructure / Equipment", "value": "10 buildings, 1 Apron"}]}}, {"type": "Feature", "geometry": {"type": "Point", "coordinates": [90.842818, 38.203752]}, "properties": {"id": "airbase_047", "name": "Huatugou Haixi", "category": "Airbase", "category_label": "Air Bases", "icon": "airbase", "color": "#FF3B30", "threat_level": "HIGH", "display_fields": [{"label": "Type", "value": "Airfield"}, {"label": "Province", "value": "Qinghai"}, {"label": "Aprox. Start of Work", "value": "2012"}, {"label": "Aprox. End of Work", "value": "2015-06-26 00:00:00"}, {"label": "Elevation (m)", "value": "2906"}]}}, {"type": "Feature", "geometry": {"type": "Point", "coordinates": [97.3808, 41.3413]}, "properties": {"id": "airbase_048", "name": "Jiangiuntai", "category": "Airbase", "category_label": "Air Bases", "icon": "airbase", "color": "#FF3B30", "threat_level": "HIGH", "display_fields": [{"label": "Type", "value": "Airstrip"}, {"label": "Runway (Direction)", "value": "1000x42 (09-27)"}, {"label": "Taxi Track", "value": "970x30"}, {"label": "Distance IB", "value": "1614"}]}}, {"type": "Feature", "geometry": {"type": "Point", "coordinates": [103.6151, 29.7301]}, "properties": {"id": "airbase_049", "name": "Jiajiang", "category": "Airbase", "category_label": "Air Bases", "icon": "airbase", "color": "#FF3B30", "threat_level": "HIGH", "display_fields": [{"label": "Type", "value": "Aistrip"}, {"label": "Province", "value": "Sichuan"}, {"label": "Prefecture", "value": "Leshan"}, {"label": "Elevation (m)", "value": "397"}, {"label": "Runway (Direction)", "value": "700x6"}, {"label": "Distance IB", "value": "668"}, {"label": "Military Service", "value": "PLAGF"}, {"label": "Unit", "value": "77th GA Aviation Brigade"}]}}, {"type": "Feature", "geometry": {"type": "Point", "coordinates": [98.8805, 39.5567]}, "properties": {"id": "airbase_050", "name": "Jiuquan", "category": "Airbase", "category_label": "Air Bases", "icon": "airbase", "color": "#FF3B30", "threat_level": "HIGH", "display_fields": [{"label": "Type", "value": "Airfield"}, {"label": "Province", "value": "Gansu"}, {"label": "Runway (Direction)", "value": "(12-30)"}, {"label": "Infrastructure / Equipment", "value": "1 J20, 25-31 J11, 2-3 J10"}, {"label": "Unit", "value": "178th UAV Brigade"}, {"label": "Tactical Number", "value": "53x3x"}]}}, {"type": "Feature", "geometry": {"type": "Point", "coordinates": [99.779, 39.4118]}, "properties": {"id": "airbase_051", "name": "Jiuquan SE", "category": "Airbase", "category_label": "Air Bases", "icon": "airbase", "color": "#FF3B30", "threat_level": "HIGH", "display_fields": [{"label": "Type", "value": "Airstrip"}, {"label": "Status", "value": "New"}, {"label": "Province", "value": "Gansu"}, {"label": "Aprox. Start of Work", "value": "2024"}, {"label": "Runway (Direction)", "value": "1000x54"}]}}, {"type": "Feature", "geometry": {"type": "Point", "coordinates": [78.269057, 35.02407]}, "properties": {"id": "airbase_052", "name": "Jiwan Nala", "category": "Airbase", "category_label": "Air Bases", "icon": "airbase", "color": "#FF3B30", "threat_level": "HIGH", "display_fields": [{"label": "Type", "value": "Helistrip"}, {"label": "Status", "value": "New"}, {"label": "Aprox. Start of Work", "value": "2024"}, {"label": "Runway (Direction)", "value": "200"}]}}, {"type": "Feature", "geometry": {"type": "Point", "coordinates": [89.40527, 28.28388]}, "properties": {"id": "airbase_053", "name": "Kalashar / Kala / Kangmar", "category": "Airbase", "category_label": "Air Bases", "icon": "airbase", "color": "#FF3B30", "threat_level": "HIGH", "display_fields": [{"label": "Chinese Name", "value": "康马"}, {"label": "Type", "value": "Heliport"}, {"label": "Status", "value": "New"}, {"label": "Province", "value": "Tibet"}, {"label": "Prefecture", "value": "Shigatse"}, {"label": "Elevation (m)", "value": "4432"}, {"label": "Runway (Direction)", "value": "1050x95"}, {"label": "2nd Runway", "value": "550x65"}, {"label": "Distance IB", "value": "76"}, {"label": "Military/Dual-Use", "value": "Military"}, {"label": "Infrastructure / Equipment", "value": "18 hangars, 47 sheds, ATC"}]}}, {"type": "Feature", "geometry": {"type": "Point", "coordinates": [84.959697, 45.468902]}, "properties": {"id": "airbase_054", "name": "Karamay Airport", "category": "Airbase", "category_label": "Air Bases", "icon": "airbase", "color": "#FF3B30", "threat_level": "HIGH", "display_fields": [{"label": "Chinese Name", "value": "克拉玛依"}, {"label": "Type", "value": "Airport"}, {"label": "Status", "value": "Upgraded"}, {"label": "Province", "value": "Xinjiang"}, {"label": "Aprox. Start of Work", "value": "2019"}, {"label": "Aprox. End of Work", "value": "2020"}, {"label": "Elevation (m)", "value": "273"}]}}, {"type": "Feature", "geometry": {"type": "Point", "coordinates": [77.4302, 37.758]}, "properties": {"id": "airbase_055", "name": "Karglik South", "category": "Airbase", "category_label": "Air Bases", "icon": "airbase", "color": "#FF3B30", "threat_level": "HIGH", "display_fields": [{"label": "Type", "value": "Aistrip"}, {"label": "Province", "value": "Xinjaing"}, {"label": "Runway (Direction)", "value": "1100x60"}]}}, {"type": "Feature", "geometry": {"type": "Point", "coordinates": [76.010078, 39.536726]}, "properties": {"id": "airbase_056", "name": "Kashgar / Kashi", "category": "Airbase", "category_label": "Air Bases", "icon": "airbase", "color": "#FF3B30", "threat_level": "HIGH", "display_fields": [{"label": "Chinese Name", "value": "喀什"}, {"label": "Type", "value": "Airport"}, {"label": "Status", "value": "Upgraded"}, {"label": "Province", "value": "Xinjiang"}, {"label": "Aprox. Start of Work", "value": "2017"}, {"label": "Aprox. End of Work", "value": "Ongoing"}, {"label": "Elevation (m)", "value": "1374"}, {"label": "Runway (Direction)", "value": "3200x40"}, {"label": "2nd Runway", "value": "3200x50 (08-26)"}, {"label": "Distance IB", "value": "476"}, {"label": "Military/Dual-Use", "value": "Yes"}]}}, {"type": "Feature", "geometry": {"type": "Point", "coordinates": [81.78, 36.812]}, "properties": {"id": "airbase_057", "name": "Keriya", "category": "Airbase", "category_label": "Air Bases", "icon": "airbase", "color": "#FF3B30", "threat_level": "HIGH", "display_fields": [{"label": "Type", "value": "Airfield"}, {"label": "Status", "value": "New"}, {"label": "Province", "value": "Xinjiang"}]}}, {"type": "Feature", "geometry": {"type": "Point", "coordinates": [86.145, 41.614812]}, "properties": {"id": "airbase_058", "name": "Korla Airport", "category": "Airbase", "category_label": "Air Bases", "icon": "airbase", "color": "#FF3B30", "threat_level": "HIGH", "display_fields": [{"label": "Chinese Name", "value": "库尔勒"}, {"label": "Type", "value": "Airport"}, {"label": "Status", "value": "Unchanged"}, {"label": "Province", "value": "Xinjiang"}, {"label": "Aprox. Start of Work", "value": "NA"}, {"label": "Aprox. End of Work", "value": "NA"}, {"label": "Elevation (m)", "value": "925"}, {"label": "Runway (Direction)", "value": "(04-22)"}, {"label": "Military/Dual-Use", "value": "Yes"}, {"label": "Infrastructure / Equipment", "value": "1 J20, 1KJ500, 2H6"}]}}, {"type": "Feature", "geometry": {"type": "Point", "coordinates": [82.873942, 41.685025]}, "properties": {"id": "airbase_059", "name": "Kuqa Qiuci Airport", "category": "Airbase", "category_label": "Air Bases", "icon": "airbase", "color": "#FF3B30", "threat_level": "HIGH", "display_fields": [{"label": "Chinese Name", "value": "库车/龟兹"}, {"label": "Type", "value": "Airport"}, {"label": "Status", "value": "Upgraded"}, {"label": "Province", "value": "Xinjiang"}, {"label": "Prefecture", "value": "Bayingolin Mongol"}, {"label": "Aprox. Start of Work", "value": "2021"}, {"label": "Aprox. End of Work", "value": "2024"}, {"label": "Elevation (m)", "value": "1035"}, {"label": "Military Service", "value": "PLAAF"}, {"label": "Unit", "value": "Kashgar Fendui"}]}}, {"type": "Feature", "geometry": {"type": "Point", "coordinates": [99.5437, 26.6475]}, "properties": {"id": "airbase_060", "name": "Langping", "category": "Airbase", "category_label": "Air Bases", "icon": "airbase", "color": "#FF3B30", "threat_level": "HIGH", "display_fields": [{"label": "Type", "value": "Airport"}, {"label": "Province", "value": "Yunnan"}]}}, {"type": "Feature", "geometry": {"type": "Point", "coordinates": [104.222, 35.915]}, "properties": {"id": "airbase_061", "name": "Lanzhou", "category": "Airbase", "category_label": "Air Bases", "icon": "airbase", "color": "#FF3B30", "threat_level": "HIGH", "display_fields": [{"label": "Type", "value": "Airfield"}, {"label": "Province", "value": "Gansu"}, {"label": "Distance IB", "value": "1055"}]}}, {"type": "Feature", "geometry": {"type": "Point", "coordinates": [103.7849, 29.4395]}, "properties": {"id": "airbase_062", "name": "Leshan Jiajiang", "category": "Airbase", "category_label": "Air Bases", "icon": "airbase", "color": "#FF3B30", "threat_level": "HIGH", "display_fields": [{"label": "Type", "value": "Airfield"}, {"label": "Province", "value": "Sichuan"}, {"label": "Runway (Direction)", "value": "2800x50"}, {"label": "Military Service", "value": "PLAGF"}, {"label": "Unit", "value": "77th Army Aviation Brigade"}]}}, {"type": "Feature", "geometry": {"type": "Point", "coordinates": [90.912108, 29.29376]}, "properties": {"id": "airbase_063", "name": "Lhasa Gonggar / Gongkar Dzong", "category": "Airbase", "category_label": "Air Bases", "icon": "airbase", "color": "#FF3B30", "threat_level": "HIGH", "display_fields": [{"label": "Chinese Name", "value": "拉萨/贡嘎"}, {"label": "Type", "value": "Airport"}, {"label": "Status", "value": "Upgraded"}, {"label": "Province", "value": "Tibet"}, {"label": "Prefecture", "value": "Shannan"}, {"label": "Aprox. Start of Work", "value": "2017"}, {"label": "Aprox. End of Work", "value": "2021"}, {"label": "Elevation (m)", "value": "3575"}, {"label": "Runway (Direction)", "value": "4000x45 (09-27)"}, {"label": "2nd Runway", "value": "4200x45 (09-27)"}, {"label": "Distance IB", "value": "190"}, {"label": "Military/Dual-Use", "value": "Dual"}, {"label": "Infrastructure / Equipment", "value": "UGF, 3 Terminals, 4 Aprons, 2 Runways,>30 HAS,  >63 sheds, 7 FOL Domes, 7 FOL Tanker Sheds, Communication Centre, SAM Site"}, {"label": "Passengers", "value": "12000000"}, {"label": "Military Service", "value": "PLAAF"}, {"label": "Unit", "value": "111th Air Brigade"}]}}, {"type": "Feature", "geometry": {"type": "Point", "coordinates": [91.02351, 29.58997]}, "properties": {"id": "airbase_064", "name": "Lhasa (Sangoa / Kungka / Liuwuxiang)", "category": "Airbase", "category_label": "Air Bases", "icon": "airbase", "color": "#FF3B30", "threat_level": "HIGH", "display_fields": [{"label": "Chinese Name", "value": "拉萨"}, {"label": "Type", "value": "Helibase"}, {"label": "Status", "value": "Upgraded"}, {"label": "Province", "value": "Tibet"}, {"label": "Aprox. Start of Work", "value": "2020"}, {"label": "Aprox. End of Work", "value": "2021"}, {"label": "Elevation (m)", "value": "3628"}, {"label": "Runway (Direction)", "value": "850x45"}, {"label": "Distance IB", "value": "219"}, {"label": "Military/Dual-Use", "value": "Military"}, {"label": "Infrastructure / Equipment", "value": "25 Helipads, 48 Hangars, 12 shelters, helicopters capacity - 50, 25 Mi-17/M-8, 2 Z10, Max 32 helicopters in 2023, FOL Dump, 4 traverse"}]}}, {"type": "Feature", "geometry": {"type": "Point", "coordinates": [91.1432, 29.6365]}, "properties": {"id": "airbase_065", "name": "Lhasa (Thio Helibase)", "category": "Airbase", "category_label": "Air Bases", "icon": "airbase", "color": "#FF3B30", "threat_level": "HIGH", "display_fields": [{"label": "Type", "value": "Helibase"}, {"label": "Province", "value": "Tibet"}, {"label": "Elevation (m)", "value": "3653"}, {"label": "Runway (Direction)", "value": "220x18"}, {"label": "Distance IB", "value": "201"}, {"label": "Military/Dual-Use", "value": "Dual"}, {"label": "Infrastructure / Equipment", "value": "2 hangars, 7 helipads"}, {"label": "Military Service", "value": "PLAA Aviation"}, {"label": "Unit", "value": "85th. Army Aviation Bde."}, {"label": "Unit (2)", "value": "85th Army UAV Battalion"}, {"label": "Unit (3)", "value": "85th Support Brigade UAV Battalion"}, {"label": "Unit (4)", "value": "85th. Support Brigade Attack UAV Battalion"}, {"label": "Unit (5)", "value": "85th Artillery Brigade UAV Fendui"}, {"label": "Unit (6)", "value": "85th Special Operations Brigade UAV Teams"}]}}, {"type": "Feature", "geometry": {"type": "Point", "coordinates": [91.2725, 29.6608]}, "properties": {"id": "airbase_066", "name": "Lhasa (Tsolung / Dechen Dz)", "category": "Airbase", "category_label": "Air Bases", "icon": "airbase", "color": "#FF3B30", "threat_level": "HIGH", "display_fields": [{"label": "Type", "value": "Helibase"}, {"label": "Province", "value": "Tibet"}, {"label": "Elevation (m)", "value": "3677"}, {"label": "Runway (Direction)", "value": "525x45"}, {"label": "Distance IB", "value": "202"}, {"label": "Military/Dual-Use", "value": "Military"}, {"label": "Infrastructure / Equipment", "value": "5 shelters"}, {"label": "Area", "value": "2 x 1.8 km"}, {"label": "Military Service", "value": "PLAGF"}, {"label": "Unit", "value": "85th. Army Aviation Bde."}]}}, {"type": "Feature", "geometry": {"type": "Point", "coordinates": [100.2468, 26.670047]}, "properties": {"id": "airbase_067", "name": "Lijiang Sanyi (LJG)", "category": "Airbase", "category_label": "Air Bases", "icon": "airbase", "color": "#FF3B30", "threat_level": "HIGH", "display_fields": [{"label": "Type", "value": "Airport"}, {"label": "Status", "value": "Unchanged"}, {"label": "Province", "value": "Yunnan"}, {"label": "Runway (Direction)", "value": "(02-20)"}]}}, {"type": "Feature", "geometry": {"type": "Point", "coordinates": [100.025365, 23.744027]}, "properties": {"id": "airbase_068", "name": "Lincang (LNJ)", "category": "Airbase", "category_label": "Air Bases", "icon": "airbase", "color": "#FF3B30", "threat_level": "HIGH", "display_fields": [{"label": "Type", "value": "Airport"}, {"label": "Status", "value": "Unchanged"}, {"label": "Province", "value": "Yunnan"}, {"label": "Runway (Direction)", "value": "(16-34)"}]}}, {"type": "Feature", "geometry": {"type": "Point", "coordinates": [89.2823, 40.7731]}, "properties": {"id": "airbase_069", "name": "Lop Nur", "category": "Airbase", "category_label": "Air Bases", "icon": "airbase", "color": "#FF3B30", "threat_level": "HIGH", "display_fields": [{"label": "Type", "value": "Airfield"}, {"label": "Status", "value": "New"}, {"label": "Province", "value": "Xinjiang"}, {"label": "Runway (Direction)", "value": "5000x50 (05-23)"}, {"label": "2nd Runway", "value": "4920x50 (17-35)"}, {"label": "Infrastructure / Equipment", "value": "3rd runway 4940x50 (11-29) in triangular layout"}]}}, {"type": "Feature", "geometry": {"type": "Point", "coordinates": [91.504, 41.0869]}, "properties": {"id": "airbase_070", "name": "Lop Nur 1", "category": "Airbase", "category_label": "Air Bases", "icon": "airbase", "color": "#FF3B30", "threat_level": "HIGH", "display_fields": [{"label": "Type", "value": "Airbase"}, {"label": "Province", "value": "Xinjiang"}, {"label": "Elevation (m)", "value": "823"}, {"label": "Runway (Direction)", "value": "410x55"}, {"label": "Distance IB", "value": "823"}, {"label": "Military/Dual-Use", "value": "Military"}, {"label": "Infrastructure / Equipment", "value": "18 shelters under construction"}]}}, {"type": "Feature", "geometry": {"type": "Point", "coordinates": [91.273, 40.3999]}, "properties": {"id": "airbase_071", "name": "Lop Nur 2", "category": "Airbase", "category_label": "Air Bases", "icon": "airbase", "color": "#FF3B30", "threat_level": "HIGH", "display_fields": [{"label": "Type", "value": "Helibase"}, {"label": "Province", "value": "Xinjiang"}, {"label": "Elevation (m)", "value": "850"}, {"label": "Runway (Direction)", "value": "430x45"}, {"label": "Distance IB", "value": "850"}, {"label": "Military/Dual-Use", "value": "Military"}, {"label": "Infrastructure / Equipment", "value": "18 shelters under construction"}]}}, {"type": "Feature", "geometry": {"type": "Point", "coordinates": [103.643, 24.985]}, "properties": {"id": "airbase_072", "name": "Lulian", "category": "Airbase", "category_label": "Air Bases", "icon": "airbase", "color": "#FF3B30", "threat_level": "HIGH", "display_fields": [{"label": "Type", "value": "Airfield"}, {"label": "Province", "value": "Yunnan"}]}}, {"type": "Feature", "geometry": {"type": "Point", "coordinates": [79.1411, 34.3585]}, "properties": {"id": "airbase_073", "name": "Mabdo La", "category": "Airbase", "category_label": "Air Bases", "icon": "airbase", "color": "#FF3B30", "threat_level": "HIGH", "display_fields": [{"label": "Type", "value": "Helibase"}, {"label": "Status", "value": "New"}, {"label": "Province", "value": "Xinjaing"}, {"label": "Aprox. Start of Work", "value": "2024-04-01 00:00:00"}, {"label": "Aprox. End of Work", "value": "Ongoing"}, {"label": "Runway (Direction)", "value": "300x35"}, {"label": "Military/Dual-Use", "value": "Military"}, {"label": "Infrastructure / Equipment", "value": "6 helipads, 1 strip, 5 UGF"}]}}, {"type": "Feature", "geometry": {"type": "Point", "coordinates": [87.187485, 42.183994]}, "properties": {"id": "airbase_074", "name": "Malan/Uxxaktal Airbase", "category": "Airbase", "category_label": "Air Bases", "icon": "airbase", "color": "#FF3B30", "threat_level": "HIGH", "display_fields": [{"label": "Chinese Name", "value": "马兰基地"}, {"label": "Type", "value": "Airport"}, {"label": "Status", "value": "Upgraded"}, {"label": "Province", "value": "Xinjiang"}, {"label": "Aprox. Start of Work", "value": "2021"}, {"label": "Aprox. End of Work", "value": "Ongoing"}, {"label": "Elevation (m)", "value": "1105"}, {"label": "Military/Dual-Use", "value": "Yes"}]}}, {"type": "Feature", "geometry": {"type": "Point", "coordinates": [87.137096, 42.098864]}, "properties": {"id": "airbase_075", "name": "Malan/Uxxaktal South", "category": "Airbase", "category_label": "Air Bases", "icon": "airbase", "color": "#FF3B30", "threat_level": "HIGH", "display_fields": [{"label": "Type", "value": "Airstrip"}, {"label": "Province", "value": "Xinjiang"}, {"label": "Infrastructure / Equipment", "value": "Optical Calibration - UAV Test Base"}]}}, {"type": "Feature", "geometry": {"type": "Point", "coordinates": [103.347616, 23.465311]}, "properties": {"id": "airbase_076", "name": "Mengzi Honghe", "category": "Airbase", "category_label": "Air Bases", "icon": "airbase", "color": "#FF3B30", "threat_level": "HIGH", "display_fields": [{"label": "Type", "value": "Airfield"}, {"label": "Status", "value": "New"}, {"label": "Province", "value": "Yunnan"}, {"label": "Prefecture", "value": "Honghe"}, {"label": "Aprox. End of Work", "value": "2025"}]}}, {"type": "Feature", "geometry": {"type": "Point", "coordinates": [95.35362, 29.30434]}, "properties": {"id": "airbase_077", "name": "Meto", "category": "Airbase", "category_label": "Air Bases", "icon": "airbase", "color": "#FF3B30", "threat_level": "HIGH", "display_fields": [{"label": "Status", "value": "New"}, {"label": "Province", "value": "Tibet"}, {"label": "Aprox. End of Work", "value": "Site survey"}, {"label": "Runway (Direction)", "value": "2500"}, {"label": "Military Service", "value": "PLAAF"}, {"label": "Unit", "value": "178th UAV Brigade"}, {"label": "Unit (2)", "value": "1st Battalion 178th UAV Brigade"}, {"label": "Unit (3)", "value": "2nd Battalion 178th UAV Brigade"}]}}, {"type": "Feature", "geometry": {"type": "Point", "coordinates": [96.77805, 28.7283]}, "properties": {"id": "airbase_078", "name": "Mugu La North / Shangzayu / Zayu", "category": "Airbase", "category_label": "Air Bases", "icon": "airbase", "color": "#FF3B30", "threat_level": "HIGH", "display_fields": [{"label": "Type", "value": "Helibase"}, {"label": "Status", "value": "New"}, {"label": "Province", "value": "Tibet"}, {"label": "Prefecture", "value": "Nyingchi"}, {"label": "Aprox. Start of Work", "value": "2024"}, {"label": "Runway (Direction)", "value": "585x60"}, {"label": "2nd Runway", "value": "270"}, {"label": "Distance IB", "value": "15"}, {"label": "Infrastructure / Equipment", "value": "Apron, 6 HAS, large building / terminal"}, {"label": "Area", "value": "2.5 sq km"}]}}, {"type": "Feature", "geometry": {"type": "Point", "coordinates": [91.983968, 31.414976]}, "properties": {"id": "airbase_079", "name": "Nagqu Town, Seni District, Nagqu Prefecture", "category": "Airbase", "category_label": "Air Bases", "icon": "airbase", "color": "#FF3B30", "threat_level": "HIGH", "display_fields": [{"label": "Chinese Name", "value": "色尼"}, {"label": "Type", "value": "Helibase"}, {"label": "Status", "value": "New"}, {"label": "Province", "value": "Tibet"}, {"label": "Prefecture", "value": "Nagqu"}, {"label": "Aprox. Start of Work", "value": "2020"}, {"label": "Aprox. End of Work", "value": "2025"}, {"label": "Elevation (m)", "value": "4492"}, {"label": "Runway (Direction)", "value": "600"}, {"label": "Distance IB", "value": "334"}, {"label": "Military/Dual-Use", "value": "Military"}, {"label": "Infrastructure / Equipment", "value": "6 Hangars, 18 shelters under construction"}]}}, {"type": "Feature", "geometry": {"type": "Point", "coordinates": [91.8373, 31.5699]}, "properties": {"id": "airbase_080", "name": "Nagqu-2 / Jiangde, Guozu, Amdo County", "category": "Airbase", "category_label": "Air Bases", "icon": "airbase", "color": "#FF3B30", "threat_level": "HIGH", "display_fields": [{"label": "Type", "value": "Heliport"}, {"label": "Province", "value": "Tibet"}, {"label": "Aprox. End of Work", "value": "Ongoing"}, {"label": "Elevation (m)", "value": "4436"}, {"label": "Runway (Direction)", "value": "3800x110"}, {"label": "Infrastructure / Equipment", "value": "6 hangars, 3 semi-buried POL Tanks, ATC"}]}}, {"type": "Feature", "geometry": {"type": "Point", "coordinates": [81.139455, 30.398304]}, "properties": {"id": "airbase_081", "name": "Ngari Burang / Taklakot / Purang", "category": "Airbase", "category_label": "Air Bases", "icon": "airbase", "color": "#FF3B30", "threat_level": "HIGH", "display_fields": [{"label": "Chinese Name", "value": "阿里/普兰"}, {"label": "Type", "value": "Airport"}, {"label": "Status", "value": "New"}, {"label": "Province", "value": "Tibet"}, {"label": "Aprox. Start of Work", "value": "2021"}, {"label": "Aprox. End of Work", "value": "2024-04-01 00:00:00"}, {"label": "Elevation (m)", "value": "4288"}, {"label": "Runway (Direction)", "value": "4500 (30-12)"}, {"label": "Distance IB", "value": "21"}, {"label": "Infrastructure / Equipment", "value": "ATC"}]}}, {"type": "Feature", "geometry": {"type": "Point", "coordinates": [80.057952, 32.104957]}, "properties": {"id": "airbase_082", "name": "Ngari Gunsa / Ali Kunsa / Gar Dzong / Shiquanhe", "category": "Airbase", "category_label": "Air Bases", "icon": "airbase", "color": "#FF3B30", "threat_level": "HIGH", "display_fields": [{"label": "Chinese Name", "value": "阿里/昆莎"}, {"label": "Type", "value": "Airport"}, {"label": "Status", "value": "Upgraded"}, {"label": "Province", "value": "Tibet"}, {"label": "Prefecture", "value": "Ngari / Ali"}, {"label": "Aprox. Start of Work", "value": "2020"}, {"label": "Aprox. End of Work", "value": "Ongoing"}, {"label": "Elevation (m)", "value": "4274"}, {"label": "Runway (Direction)", "value": "4500x45 (15-33)"}, {"label": "Taxi Track", "value": "Yes"}, {"label": "Military/Dual-Use", "value": "Yes"}, {"label": "Infrastructure / Equipment", "value": "AWACS hangar, UAV Test Base, CH4 / WL2 UAVs, 16 HAS, >50 buildings, SAM site, 3 POL"}]}}, {"type": "Feature", "geometry": {"type": "Point", "coordinates": [80.071667, 32.496111]}, "properties": {"id": "airbase_083", "name": "Ngari Heliport", "category": "Airbase", "category_label": "Air Bases", "icon": "airbase", "color": "#FF3B30", "threat_level": "HIGH", "display_fields": [{"label": "Chinese Name", "value": "阿里"}, {"label": "Type", "value": "Heliport"}, {"label": "Status", "value": "Unchanged"}, {"label": "Province", "value": "Tibet"}, {"label": "Aprox. Start of Work", "value": "NA"}, {"label": "Aprox. End of Work", "value": "2017"}, {"label": "Elevation (m)", "value": "4290"}, {"label": "Military/Dual-Use", "value": "Yes"}]}}, {"type": "Feature", "geometry": {"type": "Point", "coordinates": [100.7593, 27.5432]}, "properties": {"id": "airbase_084", "name": "Ninglang Luguhu", "category": "Airbase", "category_label": "Air Bases", "icon": "airbase", "color": "#FF3B30", "threat_level": "HIGH", "display_fields": [{"label": "Province", "value": "Yunnan"}, {"label": "Distance IB", "value": "344"}, {"label": "Infrastructure / Equipment", "value": "1 CH4/WL2"}]}}, {"type": "Feature", "geometry": {"type": "Point", "coordinates": [88.398, 28.149]}, "properties": {"id": "airbase_085", "name": "Nye (Naku La)", "category": "Airbase", "category_label": "Air Bases", "icon": "airbase", "color": "#FF3B30", "threat_level": "HIGH", "display_fields": [{"label": "Type", "value": "UAV Strip"}, {"label": "Status", "value": "New"}, {"label": "Province", "value": "Tibet"}, {"label": "Prefecture", "value": "Shigatse"}, {"label": "Aprox. Start of Work", "value": "2023"}, {"label": "Aprox. End of Work", "value": "Ongoing"}, {"label": "Runway (Direction)", "value": "360x10"}]}}, {"type": "Feature", "geometry": {"type": "Point", "coordinates": [87.300023, 31.788369]}, "properties": {"id": "airbase_086", "name": "Nyima County Heliport", "category": "Airbase", "category_label": "Air Bases", "icon": "airbase", "color": "#FF3B30", "threat_level": "HIGH", "display_fields": [{"label": "Chinese Name", "value": "尼玛"}, {"label": "Type", "value": "Heliport"}, {"label": "Status", "value": "New"}, {"label": "Province", "value": "Tibet"}, {"label": "Aprox. Start of Work", "value": "2020"}, {"label": "Aprox. End of Work", "value": "Ongoing"}, {"label": "Elevation (m)", "value": "4529"}, {"label": "Runway (Direction)", "value": "600x45"}, {"label": "Distance IB", "value": "434"}, {"label": "Military/Dual-Use", "value": "Military"}, {"label": "Infrastructure / Equipment", "value": "18 shelters"}]}}, {"type": "Feature", "geometry": {"type": "Point", "coordinates": [94.470118, 29.561185]}, "properties": {"id": "airbase_087", "name": "Nyingchi / Nagiti", "category": "Airbase", "category_label": "Air Bases", "icon": "airbase", "color": "#FF3B30", "threat_level": "HIGH", "display_fields": [{"label": "Chinese Name", "value": "林芝"}, {"label": "Type", "value": "Heliport"}, {"label": "Status", "value": "Upgraded"}, {"label": "Province", "value": "Tibet"}, {"label": "Aprox. Start of Work", "value": "2020"}, {"label": "Aprox. End of Work", "value": "2020"}, {"label": "Elevation (m)", "value": "2957"}, {"label": "Runway (Direction)", "value": "200x35"}, {"label": "Distance IB", "value": "28"}, {"label": "Military/Dual-Use", "value": "Military"}, {"label": "Infrastructure / Equipment", "value": "4 helicopters, 54 vehicles"}]}}, {"type": "Feature", "geometry": {"type": "Point", "coordinates": [94.333518, 29.309871]}, "properties": {"id": "airbase_088", "name": "Nyingchi Mainling / Milin / Linzhi / Kangpalo", "category": "Airbase", "category_label": "Air Bases", "icon": "airbase", "color": "#FF3B30", "threat_level": "HIGH", "display_fields": [{"label": "Chinese Name", "value": "林芝/米林"}, {"label": "Type", "value": "Airport"}, {"label": "Status", "value": "Upgraded"}, {"label": "Province", "value": "Tibet"}, {"label": "Prefecture", "value": "Nyingchi"}, {"label": "Aprox. Start of Work", "value": "2017"}, {"label": "Aprox. End of Work", "value": "Ongoing"}, {"label": "Elevation (m)", "value": "2949"}, {"label": "Runway (Direction)", "value": "2995x45 (05-23)"}, {"label": "Military/Dual-Use", "value": "Dual"}, {"label": "Infrastructure / Equipment", "value": "3 WZ-7 UAVs, 19 aircraft seats, 10 SAM Equipment, 15 Hangars, Ammunition Storage"}]}}, {"type": "Feature", "geometry": {"type": "Point", "coordinates": [78.3249, 37.5272]}, "properties": {"id": "airbase_089", "name": "Pishan / Tashikante", "category": "Airbase", "category_label": "Air Bases", "icon": "airbase", "color": "#FF3B30", "threat_level": "HIGH", "display_fields": [{"label": "Type", "value": "Airport"}, {"label": "Status", "value": "New Survey"}, {"label": "Prefecture", "value": "Hotan"}, {"label": "Aprox. Start of Work", "value": "2024"}, {"label": "Runway (Direction)", "value": "3200x45"}]}}, {"type": "Feature", "geometry": {"type": "Point", "coordinates": [97.108623, 30.545592]}, "properties": {"id": "airbase_090", "name": "Qamdo Bamda / Pangta / Bangda", "category": "Airbase", "category_label": "Air Bases", "icon": "airbase", "color": "#FF3B30", "threat_level": "HIGH", "display_fields": [{"label": "Chinese Name", "value": "昌都/邦达"}, {"label": "Type", "value": "Airport"}, {"label": "Status", "value": "Upgraded"}, {"label": "Province", "value": "Tibet"}, {"label": "Prefecture", "value": "Qamdo"}, {"label": "Aprox. Start of Work", "value": "2020"}, {"label": "Aprox. End of Work", "value": "Ongoing"}, {"label": "Elevation (m)", "value": "4334"}, {"label": "Runway (Direction)", "value": "6050x60 (32-14)"}, {"label": "Distance IB", "value": "164"}, {"label": "Military/Dual-Use", "value": "Dual"}, {"label": "Infrastructure / Equipment", "value": "2 runways, 3 J16, 4J11, 2 CH4s, 5 civil aircraft seats, 8 UGF / tunnels (30.6855, 97.0981), 1 Power grid station"}, {"label": "Military Service", "value": "PLAGF"}, {"label": "Unit", "value": "74th Army Aviation Brigade Detachment 1"}]}}, {"type": "Feature", "geometry": {"type": "Point", "coordinates": [85.464336, 38.228356]}, "properties": {"id": "airbase_091", "name": "Qiemo Yudu Airport", "category": "Airbase", "category_label": "Air Bases", "icon": "airbase", "color": "#FF3B30", "threat_level": "HIGH", "display_fields": [{"label": "Chinese Name", "value": "且末/玉都"}, {"label": "Type", "value": "Airport"}, {"label": "Status", "value": "Unchanged"}, {"label": "Province", "value": "Xinjiang"}, {"label": "Aprox. Start of Work", "value": "NA"}, {"label": "Aprox. End of Work", "value": "NA"}, {"label": "Elevation (m)", "value": "1218"}, {"label": "Runway (Direction)", "value": "2920x50 (04-22)"}, {"label": "Area", "value": "10360 sq m"}, {"label": "Difficulty", "value": "RNP Precision Navigation"}]}}, {"type": "Feature", "geometry": {"type": "Point", "coordinates": [98.8844, 39.555]}, "properties": {"id": "airbase_092", "name": "Qingshui", "category": "Airbase", "category_label": "Air Bases", "icon": "airbase", "color": "#FF3B30", "threat_level": "HIGH", "display_fields": [{"label": "Type", "value": "Airbase"}, {"label": "Runway (Direction)", "value": "2800x45 (12-30)"}, {"label": "Infrastructure / Equipment", "value": ">35 buildings, 8 taxi tracks"}, {"label": "IATA", "value": "BPX"}, {"label": "DDR", "value": "ZUBD"}, {"label": "MCF", "value": "4C"}]}}, {"type": "Feature", "geometry": {"type": "Point", "coordinates": [105.8081, 37.9003]}, "properties": {"id": "airbase_093", "name": "Qingtongxia", "category": "Airbase", "category_label": "Air Bases", "icon": "airbase", "color": "#FF3B30", "threat_level": "HIGH", "display_fields": [{"label": "Type", "value": "Airstrip"}, {"label": "Status", "value": "New"}, {"label": "Runway (Direction)", "value": "1700x55"}]}}, {"type": "Feature", "geometry": {"type": "Point", "coordinates": [88.011309, 38.977421]}, "properties": {"id": "airbase_094", "name": "Ruoqiang Loulan Airport", "category": "Airbase", "category_label": "Air Bases", "icon": "airbase", "color": "#FF3B30", "threat_level": "HIGH", "display_fields": [{"label": "Chinese Name", "value": "若羌/楼兰"}, {"label": "Type", "value": "Airport"}, {"label": "Status", "value": "Unchanged"}, {"label": "Province", "value": "Xinjiang"}, {"label": "Aprox. Start of Work", "value": "NA"}, {"label": "Aprox. End of Work", "value": "NA"}, {"label": "Elevation (m)", "value": "892"}]}}, {"type": "Feature", "geometry": {"type": "Point", "coordinates": [80.448092, 33.654404]}, "properties": {"id": "airbase_095", "name": "Rutog County Heliport", "category": "Airbase", "category_label": "Air Bases", "icon": "airbase", "color": "#FF3B30", "threat_level": "HIGH", "display_fields": [{"label": "Chinese Name", "value": "日土"}, {"label": "Type", "value": "Heliport"}, {"label": "Status", "value": "New"}, {"label": "Province", "value": "Tibet"}, {"label": "Aprox. Start of Work", "value": "2020"}, {"label": "Aprox. End of Work", "value": "Ongoing"}, {"label": "Elevation (m)", "value": "4549"}, {"label": "Military/Dual-Use", "value": "Yes"}]}}, {"type": "Feature", "geometry": {"type": "Point", "coordinates": [80.2324, 33.4115]}, "properties": {"id": "airbase_096", "name": "Rutog Target Strip", "category": "Airbase", "category_label": "Air Bases", "icon": "airbase", "color": "#FF3B30", "threat_level": "HIGH", "display_fields": [{"label": "Type", "value": "Strip"}, {"label": "Status", "value": "New"}, {"label": "Province", "value": "Tibet"}]}}, {"type": "Feature", "geometry": {"type": "Point", "coordinates": [94.382, 35.733]}, "properties": {"id": "airbase_097", "name": "Sanchahe", "category": "Airbase", "category_label": "Air Bases", "icon": "airbase", "color": "#FF3B30", "threat_level": "HIGH", "display_fields": [{"label": "Type", "value": "Heliport"}, {"label": "Province", "value": "Qinghai"}]}}, {"type": "Feature", "geometry": {"type": "Point", "coordinates": [87.739, 28.193]}, "properties": {"id": "airbase_098", "name": "SAR / Seshing", "category": "Airbase", "category_label": "Air Bases", "icon": "airbase", "color": "#FF3B30", "threat_level": "HIGH", "display_fields": [{"label": "Type", "value": "Strip"}, {"label": "Province", "value": "Tibet"}, {"label": "Prefecture", "value": "Shigatse"}, {"label": "Runway (Direction)", "value": "900x7"}]}}, {"type": "Feature", "geometry": {"type": "Point", "coordinates": [92.343616, 28.42225]}, "properties": {"id": "airbase_099", "name": "Serche / Lhunze / Longzi / Trakor Gompa / Lungshi", "category": "Airbase", "category_label": "Air Bases", "icon": "airbase", "color": "#FF3B30", "threat_level": "HIGH", "display_fields": [{"label": "Chinese Name", "value": "隆子"}, {"label": "Type", "value": "Airport"}, {"label": "Status", "value": "New"}, {"label": "Province", "value": "Tibet"}, {"label": "Prefecture", "value": "Shannan"}, {"label": "Aprox. Start of Work", "value": "2019"}, {"label": "Aprox. End of Work", "value": "2023"}, {"label": "Elevation (m)", "value": "3944"}, {"label": "Runway (Direction)", "value": "3800x50"}, {"label": "Distance IB", "value": "45"}, {"label": "Military/Dual-Use", "value": "Dual"}, {"label": "Infrastructure / Equipment", "value": "2 CH4 & 3WL UAVs, 3Mi17, 3 Z8, SATCOM GCS, 12 sheds, 14 hangers"}]}}, {"type": "Feature", "geometry": {"type": "Point", "coordinates": [77.065912, 38.247464]}, "properties": {"id": "airbase_100", "name": "Shache / Yarkant / Sache", "category": "Airbase", "category_label": "Air Bases", "icon": "airbase", "color": "#FF3B30", "threat_level": "HIGH", "display_fields": [{"label": "Chinese Name", "value": "莎车/叶尔羌"}, {"label": "Type", "value": "Airport"}, {"label": "Status", "value": "Unchanged"}, {"label": "Province", "value": "Xinjiang"}, {"label": "Aprox. Start of Work", "value": "NA"}, {"label": "Aprox. End of Work", "value": "NA"}, {"label": "Elevation (m)", "value": "1295"}]}}, {"type": "Feature", "geometry": {"type": "Point", "coordinates": [99.679722, 27.7956]}, "properties": {"id": "airbase_101", "name": "Shangri La / Diqin", "category": "Airbase", "category_label": "Air Bases", "icon": "airbase", "color": "#FF3B30", "threat_level": "HIGH", "display_fields": [{"label": "Type", "value": "Airport"}, {"label": "Status", "value": "Unchanged"}, {"label": "Province", "value": "Yunnan"}, {"label": "Prefecture", "value": "Diqin Tibetan"}]}}, {"type": "Feature", "geometry": {"type": "Point", "coordinates": [90.249184, 42.907831]}, "properties": {"id": "airbase_102", "name": "Shanshan Airport", "category": "Airbase", "category_label": "Air Bases", "icon": "airbase", "color": "#FF3B30", "threat_level": "HIGH", "display_fields": [{"label": "Chinese Name", "value": "鄯善"}, {"label": "Type", "value": "Airport"}, {"label": "Status", "value": "Unchanged"}, {"label": "Province", "value": "Xinjiang"}, {"label": "Aprox. Start of Work", "value": "NA"}, {"label": "Aprox. End of Work", "value": "NA"}, {"label": "Elevation (m)", "value": "446"}, {"label": "Military/Dual-Use", "value": "Yes"}]}}, {"type": "Feature", "geometry": {"type": "Point", "coordinates": [104.00481, 31.118198]}, "properties": {"id": "airbase_103", "name": "Shifang Heliport", "category": "Airbase", "category_label": "Air Bases", "icon": "airbase", "color": "#FF3B30", "threat_level": "HIGH", "display_fields": [{"label": "Type", "value": "Heliport"}, {"label": "Province", "value": "Sichuan"}, {"label": "Runway (Direction)", "value": "2000x115"}, {"label": "Military/Dual-Use", "value": "Yes"}, {"label": "Infrastructure / Equipment", "value": "28 helicopters -6 Black hawk, 6 Mi8/17, 4 Z10, 12 hangars, 11 helipads, 2 aprons"}, {"label": "Military Service", "value": "PLAGF"}, {"label": "Unit", "value": "77th Army Aviation Brigade"}]}}, {"type": "Feature", "geometry": {"type": "Point", "coordinates": [89.302966, 29.339245]}, "properties": {"id": "airbase_104", "name": "Shigatse Hoping / Penam Dzong", "category": "Airbase", "category_label": "Air Bases", "icon": "airbase", "color": "#FF3B30", "threat_level": "HIGH", "display_fields": [{"label": "Chinese Name", "value": "日喀则/和平"}, {"label": "Type", "value": "Airport"}, {"label": "Status", "value": "Upgraded"}, {"label": "Province", "value": "Tibet"}, {"label": "Aprox. Start of Work", "value": "2017"}, {"label": "Aprox. End of Work", "value": "2017"}, {"label": "Elevation (m)", "value": "3807"}, {"label": "Runway (Direction)", "value": "5000x50 (09-27)"}, {"label": "2nd Runway", "value": "3000x35 (07-25)"}, {"label": "Taxi Track", "value": "4725x40"}, {"label": "Distance IB", "value": "155"}, {"label": "Military/Dual-Use", "value": "Yes"}, {"label": "Infrastructure / Equipment", "value": "1 KJ500, 2 J7, 10J8, 9 J10/11, 7 CH4/WJ-700, 10 WL2, 1 TB001, 1 Y20, 3 Mi17/Mi8, 4 Aprons, Ammunition Storage. 14 sheds"}, {"label": "AD", "value": "4 pads, 8 TELs"}]}}, {"type": "Feature", "geometry": {"type": "Point", "coordinates": [86.810346, 28.602549]}, "properties": {"id": "airbase_105", "name": "Shigatse Tingri Dzong", "category": "Airbase", "category_label": "Air Bases", "icon": "airbase", "color": "#FF3B30", "threat_level": "HIGH", "display_fields": [{"label": "Chinese Name", "value": "日喀则/定日"}, {"label": "Type", "value": "Airport"}, {"label": "Status", "value": "New"}, {"label": "Province", "value": "Tibet"}, {"label": "Aprox. Start of Work", "value": "2019"}, {"label": "Aprox. End of Work", "value": "Ongoing"}, {"label": "Elevation (m)", "value": "4306"}, {"label": "Runway (Direction)", "value": "4500x60"}, {"label": "2nd Runway", "value": "2000x60"}, {"label": "Military/Dual-Use", "value": "Dual"}, {"label": "Infrastructure / Equipment", "value": "7 taxi tracks, Ammunition Storage"}]}}, {"type": "Feature", "geometry": {"type": "Point", "coordinates": [86.116939, 44.333022]}, "properties": {"id": "airbase_106", "name": "Shihezi", "category": "Airbase", "category_label": "Air Bases", "icon": "airbase", "color": "#FF3B30", "threat_level": "HIGH", "display_fields": [{"label": "Type", "value": "Heliport / UAV strip"}, {"label": "Province", "value": "Xinjaing"}, {"label": "Runway (Direction)", "value": "(13-31)"}]}}, {"type": "Feature", "geometry": {"type": "Point", "coordinates": [85.894768, 44.244004]}, "properties": {"id": "airbase_107", "name": "Shihezi Huayuan Airport", "category": "Airbase", "category_label": "Air Bases", "icon": "airbase", "color": "#FF3B30", "threat_level": "HIGH", "display_fields": [{"label": "Chinese Name", "value": "石河子/花园"}, {"label": "Type", "value": "Airport"}, {"label": "Status", "value": "Upgraded"}, {"label": "Province", "value": "Xinjiang"}, {"label": "Aprox. Start of Work", "value": "2019"}, {"label": "Aprox. End of Work", "value": "Ongoing"}, {"label": "Elevation (m)", "value": "510"}, {"label": "Military Service", "value": "PLAAF"}, {"label": "Unit", "value": "Shigatse Fendui"}, {"label": "CH4", "value": "7"}, {"label": "WL2", "value": "10"}, {"label": "TB01", "value": "1"}]}}, {"type": "Feature", "geometry": {"type": "Point", "coordinates": [80.2093, 32.4283]}, "properties": {"id": "airbase_108", "name": "Shiquanhe UAV Test Base", "category": "Airbase", "category_label": "Air Bases", "icon": "airbase", "color": "#FF3B30", "threat_level": "HIGH", "display_fields": [{"label": "Type", "value": "UAV Strip"}, {"label": "Status", "value": "New"}, {"label": "Province", "value": "Tibet"}, {"label": "Prefecture", "value": "Ngari / Ali"}, {"label": "Aprox. Start of Work", "value": "2025"}, {"label": "Aprox. End of Work", "value": "Ongoing"}, {"label": "Elevation (m)", "value": "4300"}, {"label": "Runway (Direction)", "value": "720"}]}}, {"type": "Feature", "geometry": {"type": "Point", "coordinates": [80.07164, 32.49595]}, "properties": {"id": "airbase_109", "name": "Shiquanhe / Nikri", "category": "Airbase", "category_label": "Air Bases", "icon": "airbase", "color": "#FF3B30", "threat_level": "HIGH", "display_fields": [{"label": "Type", "value": "Heliport"}, {"label": "Province", "value": "Xinjiang"}, {"label": "Elevation (m)", "value": "4285"}, {"label": "Runway (Direction)", "value": "400x45"}, {"label": "Distance IB", "value": "50"}, {"label": "Military/Dual-Use", "value": "Military"}, {"label": "Infrastructure / Equipment", "value": "3 shelters, 5 helicopters"}, {"label": "IATA", "value": "DDR"}, {"label": "DDR", "value": "ZUDR"}, {"label": "MCF", "value": "4C"}]}}, {"type": "Feature", "geometry": {"type": "Point", "coordinates": [80.0553, 32.4542]}, "properties": {"id": "airbase_110", "name": "Shiquanhe Nikoli?", "category": "Airbase", "category_label": "Air Bases", "icon": "airbase", "color": "#FF3B30", "threat_level": "HIGH", "display_fields": [{"label": "Type", "value": "Heliport"}, {"label": "Status", "value": "New"}, {"label": "Province", "value": "Xinjiang"}, {"label": "Aprox. End of Work", "value": "Ongoing"}, {"label": "Runway (Direction)", "value": "1290x52 (03-21)"}, {"label": "Infrastructure / Equipment", "value": "6 Helipads, 2 Hangars, 1 ATC"}]}}, {"type": "Feature", "geometry": {"type": "Point", "coordinates": [76.194325, 39.399538]}, "properties": {"id": "airbase_111", "name": "Shule / Baren Heliport", "category": "Airbase", "category_label": "Air Bases", "icon": "airbase", "color": "#FF3B30", "threat_level": "HIGH", "display_fields": [{"label": "Chinese Name", "value": "疏勒"}, {"label": "Type", "value": "Heliport"}, {"label": "Status", "value": "Unchanged"}, {"label": "Province", "value": "Xinjiang"}, {"label": "Aprox. Start of Work", "value": "NA"}, {"label": "Aprox. End of Work", "value": "NA"}, {"label": "Elevation (m)", "value": "1253"}, {"label": "Runway (Direction)", "value": "400x40"}, {"label": "Distance IB", "value": "416"}, {"label": "Military/Dual-Use", "value": "Military"}, {"label": "Infrastructure / Equipment", "value": "24 shelters"}]}}, {"type": "Feature", "geometry": {"type": "Point", "coordinates": [78.82048, 33.59625]}, "properties": {"id": "airbase_112", "name": "Spanggur Gap", "category": "Airbase", "category_label": "Air Bases", "icon": "airbase", "color": "#FF3B30", "threat_level": "HIGH", "display_fields": [{"label": "Type", "value": "Helistrip"}, {"label": "Status", "value": "New"}, {"label": "Province", "value": "Xinjiang"}, {"label": "Aprox. Start of Work", "value": "2024"}, {"label": "Aprox. End of Work", "value": "Ongoing"}, {"label": "Runway (Direction)", "value": "200"}]}}, {"type": "Feature", "geometry": {"type": "Point", "coordinates": [83.33713, 46.66768]}, "properties": {"id": "airbase_113", "name": "Tacheng Airport", "category": "Airbase", "category_label": "Air Bases", "icon": "airbase", "color": "#FF3B30", "threat_level": "HIGH", "display_fields": [{"label": "Chinese Name", "value": "塔城"}, {"label": "Type", "value": "Airport"}, {"label": "Status", "value": "Upgraded"}, {"label": "Province", "value": "Xinjiang"}, {"label": "Aprox. Start of Work", "value": "2017"}, {"label": "Aprox. End of Work", "value": "2017"}, {"label": "Elevation (m)", "value": "605"}]}}, {"type": "Feature", "geometry": {"type": "Point", "coordinates": [92.5042, 34.1948]}, "properties": {"id": "airbase_114", "name": "Tanggulashan", "category": "Airbase", "category_label": "Air Bases", "icon": "airbase", "color": "#FF3B30", "threat_level": "HIGH", "display_fields": [{"label": "Type", "value": "Heliport"}, {"label": "Status", "value": "New"}, {"label": "Province", "value": "Qinghai"}, {"label": "Aprox. Start of Work", "value": "2020"}, {"label": "Aprox. End of Work", "value": "Ongoing"}, {"label": "Elevation (m)", "value": "4534"}, {"label": "Runway (Direction)", "value": "650x45"}, {"label": "Distance IB", "value": "575"}, {"label": "Military/Dual-Use", "value": "Military"}, {"label": "Infrastructure / Equipment", "value": "18 shelters under construction"}, {"label": "Military Service", "value": "PLAA Aviation"}, {"label": "Unit", "value": "Xinjiang Military District Army Aviation Brigade"}]}}, {"type": "Feature", "geometry": {"type": "Point", "coordinates": [104.67284, 30.84643]}, "properties": {"id": "airbase_115", "name": "Taiping, Zhongjiang, Deyang", "category": "Airbase", "category_label": "Air Bases", "icon": "airbase", "color": "#FF3B30", "threat_level": "HIGH", "display_fields": [{"label": "Province", "value": "Sichuan"}, {"label": "Unit", "value": "2nd Mobile Corps PAP"}]}}, {"type": "Feature", "geometry": {"type": "Point", "coordinates": [75.294801, 37.660743]}, "properties": {"id": "airbase_116", "name": "Tashikuergan Hongqilafu (HQL) / Tashkorgan", "category": "Airbase", "category_label": "Air Bases", "icon": "airbase", "color": "#FF3B30", "threat_level": "HIGH", "display_fields": [{"label": "Chinese Name", "value": "塔什库尔干"}, {"label": "Type", "value": "Airport"}, {"label": "Status", "value": "New"}, {"label": "Province", "value": "Xinjiang"}, {"label": "Aprox. Start of Work", "value": "2020"}, {"label": "Aprox. End of Work", "value": "2022-10-01 00:00:00"}, {"label": "Elevation (m)", "value": "3225"}, {"label": "Runway (Direction)", "value": "3930x48 (15-33)"}, {"label": "Infrastructure / Equipment", "value": "2 CH4/WL UCAVs"}]}}, {"type": "Feature", "geometry": {"type": "Point", "coordinates": [75.2566, 37.724961]}, "properties": {"id": "airbase_117", "name": "Tashkorgan Heliport", "category": "Airbase", "category_label": "Air Bases", "icon": "airbase", "color": "#FF3B30", "threat_level": "HIGH", "display_fields": [{"label": "Chinese Name", "value": "塔什库尔干"}, {"label": "Type", "value": "Heliport"}, {"label": "Status", "value": "New"}, {"label": "Province", "value": "Xinjiang"}, {"label": "Aprox. Start of Work", "value": "2020"}, {"label": "Aprox. End of Work", "value": "2020"}, {"label": "Elevation (m)", "value": "3148"}, {"label": "Runway (Direction)", "value": "200x45"}, {"label": "Distance IB", "value": "334"}, {"label": "Military/Dual-Use", "value": "Yes"}, {"label": "Infrastructure / Equipment", "value": "15 helipads, 3 hangar"}]}}, {"type": "Feature", "geometry": {"type": "Point", "coordinates": [79.543326, 35.2456]}, "properties": {"id": "airbase_118", "name": "Tianshuihai / Aksai Chin", "category": "Airbase", "category_label": "Air Bases", "icon": "airbase", "color": "#FF3B30", "threat_level": "HIGH", "display_fields": [{"label": "Chinese Name", "value": "阿克赛钦"}, {"label": "Type", "value": "Heliport"}, {"label": "Status", "value": "New"}, {"label": "Province", "value": "Xinjiang"}, {"label": "Aprox. Start of Work", "value": "2019"}, {"label": "Aprox. End of Work", "value": "2025"}, {"label": "Elevation (m)", "value": "4373"}, {"label": "Runway (Direction)", "value": "635x50"}, {"label": "Distance IB", "value": "111"}, {"label": "Military/Dual-Use", "value": "Military"}, {"label": "Infrastructure / Equipment", "value": "18 shelters under construction"}]}}, {"type": "Feature", "geometry": {"type": "Point", "coordinates": [74.65878, 37.15716]}, "properties": {"id": "airbase_119", "name": "Tigarmansu (coordinates not clear, nearest camp known)", "category": "Airbase", "category_label": "Air Bases", "icon": "airbase", "color": "#FF3B30", "threat_level": "HIGH", "display_fields": [{"label": "Type", "value": "Heliport"}, {"label": "Status", "value": "New"}, {"label": "Province", "value": "Xinjiang"}, {"label": "Infrastructure / Equipment", "value": "14 helipads (40mx 40 m)"}]}}, {"type": "Feature", "geometry": {"type": "Point", "coordinates": [91.96402, 28.0068]}, "properties": {"id": "airbase_120", "name": "Tsona Dzong / Cuona", "category": "Airbase", "category_label": "Air Bases", "icon": "airbase", "color": "#FF3B30", "threat_level": "HIGH", "display_fields": [{"label": "Chinese Name", "value": "错那"}, {"label": "Type", "value": "Heliport"}, {"label": "Status", "value": "Unchanged"}, {"label": "Province", "value": "Tibet"}, {"label": "Prefecture", "value": "Tsona"}, {"label": "Elevation (m)", "value": "4355"}, {"label": "Military/Dual-Use", "value": "Military"}, {"label": "Infrastructure / Equipment", "value": "3 helipads, 50-55 additional vehicles, 5 sheds"}]}}, {"type": "Feature", "geometry": {"type": "Point", "coordinates": [79.225394, 39.888775]}, "properties": {"id": "airbase_121", "name": "Tumxuk Tangwangcheng Airport", "category": "Airbase", "category_label": "Air Bases", "icon": "airbase", "color": "#FF3B30", "threat_level": "HIGH", "display_fields": [{"label": "Chinese Name", "value": "图木舒克/唐王城"}, {"label": "Type", "value": "Airport"}, {"label": "Status", "value": "Upgraded"}, {"label": "Province", "value": "Xinjiang"}, {"label": "Aprox. Start of Work", "value": "2018"}, {"label": "Aprox. End of Work", "value": "2021"}, {"label": "Elevation (m)", "value": "1089"}]}}, {"type": "Feature", "geometry": {"type": "Point", "coordinates": [89.100009, 43.023798]}, "properties": {"id": "airbase_122", "name": "Turpan Jiaohe Airport", "category": "Airbase", "category_label": "Air Bases", "icon": "airbase", "color": "#FF3B30", "threat_level": "HIGH", "display_fields": [{"label": "Chinese Name", "value": "吐鲁番/交河"}, {"label": "Type", "value": "Airport"}, {"label": "Status", "value": "Upgraded"}, {"label": "Province", "value": "Xinjiang"}, {"label": "Aprox. Start of Work", "value": "2020"}, {"label": "Aprox. End of Work", "value": "Ongoing"}, {"label": "Elevation (m)", "value": "265"}]}}, {"type": "Feature", "geometry": {"type": "Point", "coordinates": [87.475543, 43.899482]}, "properties": {"id": "airbase_123", "name": "Urumqi Diwopu International Airport", "category": "Airbase", "category_label": "Air Bases", "icon": "airbase", "color": "#FF3B30", "threat_level": "HIGH", "display_fields": [{"label": "Chinese Name", "value": "乌鲁木齐/地窝堡"}, {"label": "Type", "value": "Airport"}, {"label": "Status", "value": "Upgraded"}, {"label": "Province", "value": "Xinjiang"}, {"label": "Aprox. Start of Work", "value": "2018"}, {"label": "Aprox. End of Work", "value": "Ongoing"}, {"label": "Elevation (m)", "value": "653"}, {"label": "Military/Dual-Use", "value": "Yes"}, {"label": "Infrastructure / Equipment", "value": "4 YY20A tankers"}]}}, {"type": "Feature", "geometry": {"type": "Point", "coordinates": [87.532429, 43.463359]}, "properties": {"id": "airbase_124", "name": "Urumqi South Airbase", "category": "Airbase", "category_label": "Air Bases", "icon": "airbase", "color": "#FF3B30", "threat_level": "HIGH", "display_fields": [{"label": "Chinese Name", "value": "乌鲁木齐南空军基地"}, {"label": "Type", "value": "Airport"}, {"label": "Status", "value": "Upgraded"}, {"label": "Province", "value": "Xinjiang"}, {"label": "Aprox. Start of Work", "value": "2019"}, {"label": "Aprox. End of Work", "value": "2021"}, {"label": "Elevation (m)", "value": "1551"}, {"label": "Runway (Direction)", "value": "3327x56 (07-25)"}, {"label": "Military/Dual-Use", "value": "Yes"}, {"label": "Infrastructure / Equipment", "value": "8 Aprons, 3 Terminal Buildings, POL Storage"}, {"label": "Military Service", "value": "PLAAF"}, {"label": "Unit", "value": "110th Air Brigade"}]}}, {"type": "Feature", "geometry": {"type": "Point", "coordinates": [87.0633, 44.1377]}, "properties": {"id": "airbase_125", "name": "Urumqi North Airstrip", "category": "Airbase", "category_label": "Air Bases", "icon": "airbase", "color": "#FF3B30", "threat_level": "HIGH", "display_fields": [{"label": "Type", "value": "Airstrip"}, {"label": "Status", "value": "New"}, {"label": "Province", "value": "Xinjiang"}, {"label": "Aprox. Start of Work", "value": "2024"}, {"label": "Aprox. End of Work", "value": "Ongoing"}]}}, {"type": "Feature", "geometry": {"type": "Point", "coordinates": [87.078771, 43.949905]}, "properties": {"id": "airbase_126", "name": "Urumqi North /Changji", "category": "Airbase", "category_label": "Air Bases", "icon": "airbase", "color": "#FF3B30", "threat_level": "HIGH", "display_fields": [{"label": "Chinese Name", "value": "乌鲁木齐/昌吉基地"}, {"label": "Type", "value": "Airport"}, {"label": "Status", "value": "Unchanged"}, {"label": "Province", "value": "Xinjiang"}, {"label": "Aprox. Start of Work", "value": "NA"}, {"label": "Aprox. End of Work", "value": "NA"}, {"label": "Elevation (m)", "value": "740"}, {"label": "Runway (Direction)", "value": "3597x50 (11-29)"}, {"label": "Distance IB", "value": "1209"}, {"label": "Military/Dual-Use", "value": "Yes"}, {"label": "Military Service", "value": "PLAAF"}, {"label": "Unit", "value": "109th Air Brigade"}]}}, {"type": "Feature", "geometry": {"type": "Point", "coordinates": [87.68783, 43.815549]}, "properties": {"id": "airbase_127", "name": "Urumqi/ Shuimogou Heliport", "category": "Airbase", "category_label": "Air Bases", "icon": "airbase", "color": "#FF3B30", "threat_level": "HIGH", "display_fields": [{"label": "Chinese Name", "value": "乌鲁木齐/水磨沟"}, {"label": "Type", "value": "Heliport"}, {"label": "Status", "value": "Unchanged"}, {"label": "Province", "value": "Xinjiang"}, {"label": "Aprox. Start of Work", "value": "NA"}, {"label": "Aprox. End of Work", "value": "NA"}, {"label": "Elevation (m)", "value": "893"}, {"label": "Military/Dual-Use", "value": "Yes"}, {"label": "Infrastructure / Equipment", "value": "Mi171E, Z-8"}, {"label": "Military Service", "value": "PAP"}, {"label": "Unit", "value": "1st Mob Corps- Xinjiang Helicopter Battalion"}]}}, {"type": "Feature", "geometry": {"type": "Point", "coordinates": [87.461889, 44.117198]}, "properties": {"id": "airbase_128", "name": "Wujiaqu Heliport", "category": "Airbase", "category_label": "Air Bases", "icon": "airbase", "color": "#FF3B30", "threat_level": "HIGH", "display_fields": [{"label": "Chinese Name", "value": "五家渠"}, {"label": "Type", "value": "Heliport"}, {"label": "Status", "value": "Unchanged"}, {"label": "Province", "value": "Xinjiang"}, {"label": "Aprox. Start of Work", "value": "NA"}, {"label": "Aprox. End of Work", "value": "NA"}, {"label": "Elevation (m)", "value": "495"}, {"label": "Military/Dual-Use", "value": "Yes"}, {"label": "Military Service", "value": "PLAA Aviation"}, {"label": "Unit", "value": "76th Army Aviation Brigade"}]}}, {"type": "Feature", "geometry": {"type": "Point", "coordinates": [84.7782, 44.4812]}, "properties": {"id": "airbase_129", "name": "Wusu / Jiahezi", "category": "Airbase", "category_label": "Air Bases", "icon": "airbase", "color": "#FF3B30", "threat_level": "HIGH", "display_fields": [{"label": "Type", "value": "Airport"}, {"label": "Status", "value": "New"}, {"label": "Province", "value": "Xinjiang"}, {"label": "Prefecture", "value": "Tacheng"}, {"label": "Aprox. Start of Work", "value": "2024"}]}}, {"type": "Feature", "geometry": {"type": "Point", "coordinates": [102.5634, 37.9943]}, "properties": {"id": "airbase_130", "name": "Wuwei", "category": "Airbase", "category_label": "Air Bases", "icon": "airbase", "color": "#FF3B30", "threat_level": "HIGH", "display_fields": [{"label": "Type", "value": "Airbase"}, {"label": "Runway (Direction)", "value": "2800x55 (16-34)"}, {"label": "Infrastructure / Equipment", "value": "POL Storage"}]}}, {"type": "Feature", "geometry": {"type": "Point", "coordinates": [106.232778, 37.829722]}, "properties": {"id": "airbase_131", "name": "Wuzhong", "category": "Airbase", "category_label": "Air Bases", "icon": "airbase", "color": "#FF3B30", "threat_level": "HIGH", "display_fields": [{"label": "Type", "value": "Heliport"}, {"label": "Status", "value": "New"}, {"label": "Aprox. End of Work", "value": "2023"}, {"label": "Elevation (m)", "value": "3751ft"}, {"label": "Runway (Direction)", "value": "(10-28)"}, {"label": "Military Service", "value": "PLAA"}, {"label": "Unit", "value": "76th Army Aviation Brigade"}]}}, {"type": "Feature", "geometry": {"type": "Point", "coordinates": [78.031217, 36.345449]}, "properties": {"id": "airbase_132", "name": "Xaidulla Heliport", "category": "Airbase", "category_label": "Air Bases", "icon": "airbase", "color": "#FF3B30", "threat_level": "HIGH", "display_fields": [{"label": "Chinese Name", "value": "赛图拉"}, {"label": "Type", "value": "Heliport"}, {"label": "Status", "value": "New"}, {"label": "Province", "value": "Xinjiang"}, {"label": "Aprox. Start of Work", "value": "2017"}, {"label": "Aprox. End of Work", "value": "2018"}, {"label": "Elevation (m)", "value": "3668"}, {"label": "Runway (Direction)", "value": "390x45"}, {"label": "Distance IB", "value": "94"}, {"label": "Military/Dual-Use", "value": "Yes"}, {"label": "Infrastructure / Equipment", "value": "9 helicopters"}]}}, {"type": "Feature", "geometry": {"type": "Point", "coordinates": [108.7686, 34.4297]}, "properties": {"id": "airbase_133", "name": "Xianyang", "category": "Airbase", "category_label": "Air Bases", "icon": "airbase", "color": "#FF3B30", "threat_level": "HIGH", "display_fields": [{"label": "Type", "value": "Airport"}, {"label": "Runway (Direction)", "value": "4000x60 (05-23)"}, {"label": "2nd Runway", "value": "3500x60"}]}}, {"type": "Feature", "geometry": {"type": "Point", "coordinates": [83.37755, 43.42799]}, "properties": {"id": "airbase_134", "name": "Xinyuan Nalati Airport", "category": "Airbase", "category_label": "Air Bases", "icon": "airbase", "color": "#FF3B30", "threat_level": "HIGH", "display_fields": [{"label": "Chinese Name", "value": "新源/那拉提"}, {"label": "Type", "value": "Airport"}, {"label": "Status", "value": "Unchanged"}, {"label": "Province", "value": "Xinjiang"}, {"label": "Aprox. Start of Work", "value": "NA"}, {"label": "Aprox. End of Work", "value": "NA"}, {"label": "Elevation (m)", "value": "930"}]}}, {"type": "Feature", "geometry": {"type": "Point", "coordinates": [100.765131, 21.972967]}, "properties": {"id": "airbase_135", "name": "Xishuangbanna Gasa", "category": "Airbase", "category_label": "Air Bases", "icon": "airbase", "color": "#FF3B30", "threat_level": "HIGH", "display_fields": [{"label": "Type", "value": "Airport"}, {"label": "Status", "value": "Unchanged"}, {"label": "Province", "value": "Yunnan"}, {"label": "Prefecture", "value": "Xishuangbanna Gasa"}]}}, {"type": "Feature", "geometry": {"type": "Point", "coordinates": [89.286, 40.767]}, "properties": {"id": "airbase_136", "name": "Yaerdang (near Lop Nur) Traingular Airstrips", "category": "Airbase", "category_label": "Air Bases", "icon": "airbase", "color": "#FF3B30", "threat_level": "HIGH", "display_fields": [{"label": "Type", "value": "Airfield"}, {"label": "Status", "value": "New"}, {"label": "Province", "value": "Xinjiang"}, {"label": "Prefecture", "value": "Bayingolin Mongol"}, {"label": "Runway (Direction)", "value": "5000x60"}, {"label": "2nd Runway", "value": "5000x60"}, {"label": "3rd Runway", "value": "5000x60"}]}}, {"type": "Feature", "geometry": {"type": "Point", "coordinates": [77.6783, 37.7748]}, "properties": {"id": "airbase_137", "name": "Yecheng", "category": "Airbase", "category_label": "Air Bases", "icon": "airbase", "color": "#FF3B30", "threat_level": "HIGH", "display_fields": [{"label": "Type", "value": "Airfield"}, {"label": "Status", "value": "New"}, {"label": "Province", "value": "Xinjaing"}, {"label": "Aprox. Start of Work", "value": "2022"}, {"label": "Aprox. End of Work", "value": "Ongoing 75%"}, {"label": "Elevation (m)", "value": "1425"}, {"label": "Runway (Direction)", "value": "2000x13"}, {"label": "Infrastructure / Equipment", "value": "ATC, Terminal, 2B, 2S"}]}}, {"type": "Feature", "geometry": {"type": "Point", "coordinates": [81.333021, 43.950079]}, "properties": {"id": "airbase_138", "name": "Yining Alibake", "category": "Airbase", "category_label": "Air Bases", "icon": "airbase", "color": "#FF3B30", "threat_level": "HIGH", "display_fields": [{"label": "Chinese Name", "value": "伊宁"}, {"label": "Type", "value": "Airport"}, {"label": "Status", "value": "Upgraded"}, {"label": "Province", "value": "Xinjiang"}, {"label": "Aprox. Start of Work", "value": "2018"}, {"label": "Aprox. End of Work", "value": "2020"}, {"label": "Elevation (m)", "value": "671"}, {"label": "Runway (Direction)", "value": "2520x45 (06-24)"}]}}, {"type": "Feature", "geometry": {"type": "Point", "coordinates": [101.8819, 25.73746]}, "properties": {"id": "airbase_139", "name": "Yunmou", "category": "Airbase", "category_label": "Air Bases", "icon": "airbase", "color": "#FF3B30", "threat_level": "HIGH", "display_fields": [{"label": "Type", "value": "Airport"}, {"label": "Status", "value": "Unchanged"}, {"label": "Province", "value": "Yunnan"}]}}, {"type": "Feature", "geometry": {"type": "Point", "coordinates": [97.0381, 32.8369]}, "properties": {"id": "airbase_140", "name": "Yushu Batang / Jyekundo", "category": "Airbase", "category_label": "Air Bases", "icon": "airbase", "color": "#FF3B30", "threat_level": "HIGH", "display_fields": [{"label": "Type", "value": "Airport"}, {"label": "Province", "value": "Qinghai"}, {"label": "Aprox. Start of Work", "value": "2007"}, {"label": "Aprox. End of Work", "value": "2009"}, {"label": "Elevation (m)", "value": "3950"}, {"label": "Runway (Direction)", "value": "3700x45 (10-28)"}]}}, {"type": "Feature", "geometry": {"type": "Point", "coordinates": [81.783285, 36.8052]}, "properties": {"id": "airbase_141", "name": "Yutian Wanfang / Keriya", "category": "Airbase", "category_label": "Air Bases", "icon": "airbase", "color": "#FF3B30", "threat_level": "HIGH", "display_fields": [{"label": "Chinese Name", "value": "于田/万方"}, {"label": "Type", "value": "Airport"}, {"label": "Status", "value": "New"}, {"label": "Province", "value": "Xinjiang"}, {"label": "Aprox. Start of Work", "value": "2019"}, {"label": "Aprox. End of Work", "value": "2020"}, {"label": "Elevation (m)", "value": "1442"}, {"label": "Runway (Direction)", "value": "3200x45 (08-26)"}, {"label": "Distance IB", "value": "385"}, {"label": "Infrastructure / Equipment", "value": "1 Apron, Terminal building, POL storage, 18 buildings, 29 sheds"}]}}, {"type": "Feature", "geometry": {"type": "Point", "coordinates": [115.5504, 28.0226]}, "properties": {"id": "airbase_142", "name": "Zhangshu", "category": "Airbase", "category_label": "Air Bases", "icon": "airbase", "color": "#FF3B30", "threat_level": "HIGH", "display_fields": [{"label": "Type", "value": "Airbase"}, {"label": "Runway (Direction)", "value": "3700x80"}, {"label": "Taxi Track", "value": "3700x30"}]}}, {"type": "Feature", "geometry": {"type": "Point", "coordinates": [99.782843, 40.38209]}, "properties": {"id": "airbase_143", "name": "Zhangye Chang", "category": "Airbase", "category_label": "Air Bases", "icon": "airbase", "color": "#FF3B30", "threat_level": "HIGH", "display_fields": [{"label": "Type", "value": "Airbase"}, {"label": "Province", "value": "Qinghai"}]}}, {"type": "Feature", "geometry": {"type": "Point", "coordinates": [100.65236, 38.81304]}, "properties": {"id": "airbase_144", "name": "Zhangye Ganzhou South East", "category": "Airbase", "category_label": "Air Bases", "icon": "airbase", "color": "#FF3B30", "threat_level": "HIGH", "display_fields": [{"label": "Type", "value": "Airport"}, {"label": "Province", "value": "Gansu"}]}}, {"type": "Feature", "geometry": {"type": "Point", "coordinates": [100.0901, 38.997]}, "properties": {"id": "airbase_145", "name": "Zhangye North West", "category": "Airbase", "category_label": "Air Bases", "icon": "airbase", "color": "#FF3B30", "threat_level": "HIGH", "display_fields": [{"label": "Type", "value": "Airstrip"}, {"label": "Status", "value": "New"}, {"label": "Province", "value": "Gansu"}, {"label": "Aprox. Start of Work", "value": "2023"}, {"label": "Runway (Direction)", "value": "780x25"}, {"label": "Distance IB", "value": "1135"}]}}, {"type": "Feature", "geometry": {"type": "Point", "coordinates": [81.232602, 43.079058]}, "properties": {"id": "airbase_146", "name": "Zhaosu Airport", "category": "Airbase", "category_label": "Air Bases", "icon": "airbase", "color": "#FF3B30", "threat_level": "HIGH", "display_fields": [{"label": "Chinese Name", "value": "昭苏"}, {"label": "Type", "value": "Airport"}, {"label": "Status", "value": "New"}, {"label": "Province", "value": "Xinjiang"}, {"label": "Aprox. Start of Work", "value": "2019"}, {"label": "Aprox. End of Work", "value": "2021"}, {"label": "Elevation (m)", "value": "1743"}]}}, {"type": "Feature", "geometry": {"type": "Point", "coordinates": [102.037203, 36.528053]}, "properties": {"id": "airbase_147", "name": "Zhongcun / Caojiabao", "category": "Airbase", "category_label": "Air Bases", "icon": "airbase", "color": "#FF3B30", "threat_level": "HIGH", "display_fields": [{"label": "Type", "value": "Airport"}, {"label": "Status", "value": "Unchanged"}, {"label": "Province", "value": "Qinghai"}]}}, {"type": "Feature", "geometry": {"type": "Point", "coordinates": [104.625163, 29.378352]}, "properties": {"id": "airbase_148", "name": "Zigong Fengming", "category": "Airbase", "category_label": "Air Bases", "icon": "airbase", "color": "#FF3B30", "threat_level": "HIGH", "display_fields": [{"label": "Type", "value": "Airport"}, {"label": "Status", "value": "UAV Factory"}, {"label": "Province", "value": "Sichuan"}, {"label": "Prefecture", "value": "Chengdu"}]}}, {"type": "Feature", "geometry": {"type": "Point", "coordinates": [80.1528, 41.1203]}, "properties": {"id": "sam_site_001", "name": "Aksu", "category": "SAM Site", "category_label": "SAM Sites", "icon": "sam", "color": "#FF9500", "threat_level": "HIGH", "display_fields": [{"label": "Status", "value": "4 pads occupied, 2 unoccupied"}, {"label": "Protection for", "value": "Aksu airfield"}, {"label": "Equipment", "value": "HQ12"}]}}, {"type": "Feature", "geometry": {"type": "Point", "coordinates": [79.6157, 32.8696]}, "properties": {"id": "sam_site_002", "name": "Chiakang", "category": "SAM Site", "category_label": "SAM Sites", "icon": "sam", "color": "#FF9500", "threat_level": "HIGH", "display_fields": []}}, {"type": "Feature", "geometry": {"type": "Point", "coordinates": [84.8968, 44.3569]}, "properties": {"id": "sam_site_003", "name": "Dushanzi", "category": "SAM Site", "category_label": "SAM Sites", "icon": "sam", "color": "#FF9500", "threat_level": "HIGH", "display_fields": [{"label": "Equipment", "value": "Radar, TLV"}]}}, {"type": "Feature", "geometry": {"type": "Point", "coordinates": [80.0513, 32.1024]}, "properties": {"id": "sam_site_004", "name": "Gar Gunsa", "category": "SAM Site", "category_label": "SAM Sites", "icon": "sam", "color": "#FF9500", "threat_level": "HIGH", "display_fields": [{"label": "Status", "value": "Construction"}, {"label": "Protection for", "value": "Airfield"}]}}, {"type": "Feature", "geometry": {"type": "Point", "coordinates": [79.921, 36.9875]}, "properties": {"id": "sam_site_005", "name": "Hotan", "category": "SAM Site", "category_label": "SAM Sites", "icon": "sam", "color": "#FF9500", "threat_level": "HIGH", "display_fields": [{"label": "Status", "value": "Unoccupied"}, {"label": "Protection for", "value": "Hotan airfield"}, {"label": "Equipment", "value": "30 vehicles"}]}}, {"type": "Feature", "geometry": {"type": "Point", "coordinates": [79.9286, 37.0041]}, "properties": {"id": "sam_site_006", "name": "Hotan South-East", "category": "SAM Site", "category_label": "SAM Sites", "icon": "sam", "color": "#FF9500", "threat_level": "HIGH", "display_fields": [{"label": "Status", "value": "Occupied"}, {"label": "Equipment", "value": "HQ9"}]}}, {"type": "Feature", "geometry": {"type": "Point", "coordinates": [78.27058, 35.02632]}, "properties": {"id": "sam_site_007", "name": "Jiwan Nala / Xiaddagou River", "category": "SAM Site", "category_label": "SAM Sites", "icon": "sam", "color": "#FF9500", "threat_level": "HIGH", "display_fields": []}}, {"type": "Feature", "geometry": {"type": "Point", "coordinates": [78.975, 38.7887]}, "properties": {"id": "sam_site_008", "name": "Khurnak Fort", "category": "SAM Site", "category_label": "SAM Sites", "icon": "sam", "color": "#FF9500", "threat_level": "HIGH", "display_fields": [{"label": "Protection for", "value": "4** CAD"}]}}, {"type": "Feature", "geometry": {"type": "Point", "coordinates": [86.2048, 41.657]}, "properties": {"id": "sam_site_009", "name": "Korla", "category": "SAM Site", "category_label": "SAM Sites", "icon": "sam", "color": "#FF9500", "threat_level": "HIGH", "display_fields": []}}, {"type": "Feature", "geometry": {"type": "Point", "coordinates": [80.76, 31.18]}, "properties": {"id": "sam_site_010", "name": "Moincer", "category": "SAM Site", "category_label": "SAM Sites", "icon": "sam", "color": "#FF9500", "threat_level": "HIGH", "display_fields": [{"label": "Distance IB", "value": "80"}]}}, {"type": "Feature", "geometry": {"type": "Point", "coordinates": [80.0271, 32.5047]}, "properties": {"id": "sam_site_011", "name": "Nikoli", "category": "SAM Site", "category_label": "SAM Sites", "icon": "sam", "color": "#FF9500", "threat_level": "HIGH", "display_fields": [{"label": "Status", "value": "Construction"}]}}, {"type": "Feature", "geometry": {"type": "Point", "coordinates": [79.025, 33.7475]}, "properties": {"id": "sam_site_012", "name": "Pangong Tso Bridge", "category": "SAM Site", "category_label": "SAM Sites", "icon": "sam", "color": "#FF9500", "threat_level": "HIGH", "display_fields": [{"label": "Protection for", "value": "Bridge"}]}}, {"type": "Feature", "geometry": {"type": "Point", "coordinates": [78.8993, 33.7391]}, "properties": {"id": "sam_site_013", "name": "Sirijap", "category": "SAM Site", "category_label": "SAM Sites", "icon": "sam", "color": "#FF9500", "threat_level": "HIGH", "display_fields": []}}, {"type": "Feature", "geometry": {"type": "Point", "coordinates": [81.1425, 30.4186]}, "properties": {"id": "sam_site_014", "name": "Taklakot / Burang", "category": "SAM Site", "category_label": "SAM Sites", "icon": "sam", "color": "#FF9500", "threat_level": "HIGH", "display_fields": []}}, {"type": "Feature", "geometry": {"type": "Point", "coordinates": [79.7595, 31.4879]}, "properties": {"id": "sam_site_015", "name": "Tholing", "category": "SAM Site", "category_label": "SAM Sites", "icon": "sam", "color": "#FF9500", "threat_level": "HIGH", "display_fields": [{"label": "Equipment", "value": "4 TELs"}]}}, {"type": "Feature", "geometry": {"type": "Point", "coordinates": [79.69252, 31.7051]}, "properties": {"id": "sam_site_016", "name": "Tholing", "category": "SAM Site", "category_label": "SAM Sites", "icon": "sam", "color": "#FF9500", "threat_level": "HIGH", "display_fields": []}}, {"type": "Feature", "geometry": {"type": "Point", "coordinates": [79.541, 35.247]}, "properties": {"id": "sam_site_017", "name": "Tianshuihai", "category": "SAM Site", "category_label": "SAM Sites", "icon": "sam", "color": "#FF9500", "threat_level": "HIGH", "display_fields": [{"label": "Alternate Name", "value": "Aksai Chin"}]}}, {"type": "Feature", "geometry": {"type": "Point", "coordinates": [78.1952, 35.3313]}, "properties": {"id": "sam_site_018", "name": "TWD", "category": "SAM Site", "category_label": "SAM Sites", "icon": "sam", "color": "#FF9500", "threat_level": "HIGH", "display_fields": [{"label": "Status", "value": "Construction"}, {"label": "Infrastructure", "value": "Dugouts, 28-30 PFS"}]}}, {"type": "Feature", "geometry": {"type": "Point", "coordinates": [97.306, 30.157]}, "properties": {"id": "sam_site_019", "name": "Bamda / Qamdo / Pangta", "category": "SAM Site", "category_label": "SAM Sites", "icon": "sam", "color": "#FF9500", "threat_level": "HIGH", "display_fields": [{"label": "Alternate Name", "value": "Bangdazhen, Baxoi"}, {"label": "Equipment", "value": "HQ9, DOVE STEP multi-function radar"}, {"label": "Infrastructure", "value": "9 launch pads"}, {"label": "Distance IB", "value": "135"}]}}, {"type": "Feature", "geometry": {"type": "Point", "coordinates": [91.089167, 29.313611]}, "properties": {"id": "sam_site_020", "name": "CHITESHO DZONG", "category": "SAM Site", "category_label": "SAM Sites", "icon": "sam", "color": "#FF9500", "threat_level": "HIGH", "display_fields": [{"label": "Status", "value": "Unoccupied"}]}}, {"type": "Feature", "geometry": {"type": "Point", "coordinates": [91.91167, 27.9288]}, "properties": {"id": "sam_site_021", "name": "CHIU TSHO", "category": "SAM Site", "category_label": "SAM Sites", "icon": "sam", "color": "#FF9500", "threat_level": "HIGH", "display_fields": []}}, {"type": "Feature", "geometry": {"type": "Point", "coordinates": [93.05111, 28.71666]}, "properties": {"id": "sam_site_022", "name": "Chosum", "category": "SAM Site", "category_label": "SAM Sites", "icon": "sam", "color": "#FF9500", "threat_level": "HIGH", "display_fields": [{"label": "Status", "value": "Construction"}, {"label": "Infrastructure", "value": "12 S, 5 launch pads with OHP"}]}}, {"type": "Feature", "geometry": {"type": "Point", "coordinates": [91.318, 29.675]}, "properties": {"id": "sam_site_023", "name": "Dequen", "category": "SAM Site", "category_label": "SAM Sites", "icon": "sam", "color": "#FF9500", "threat_level": "HIGH", "display_fields": [{"label": "Formation", "value": "Training facility?"}, {"label": "Equipment", "value": "HQ16"}]}}, {"type": "Feature", "geometry": {"type": "Point", "coordinates": [91.096, 30.465]}, "properties": {"id": "sam_site_024", "name": "Donshoon", "category": "SAM Site", "category_label": "SAM Sites", "icon": "sam", "color": "#FF9500", "threat_level": "HIGH", "display_fields": [{"label": "Alternate Name", "value": "Damxung"}, {"label": "Status", "value": "Under construction"}]}}, {"type": "Feature", "geometry": {"type": "Point", "coordinates": [89.5232, 28.8951]}, "properties": {"id": "sam_site_025", "name": "Gyantse", "category": "SAM Site", "category_label": "SAM Sites", "icon": "sam", "color": "#FF9500", "threat_level": "HIGH", "display_fields": [{"label": "Status", "value": "Partial Occupied"}, {"label": "Equipment", "value": "HQ17 - 7 TEL, 3 Jammers"}, {"label": "Radar", "value": "1 TAR, 1 TER"}, {"label": "Infrastructure", "value": "6 launch pads, 17 MSB"}, {"label": "Distance IB", "value": "117"}, {"label": "Apple", "value": "Yes"}]}}, {"type": "Feature", "geometry": {"type": "Point", "coordinates": [89.544, 28.868]}, "properties": {"id": "sam_site_026", "name": "Gyantse", "category": "SAM Site", "category_label": "SAM Sites", "icon": "sam", "color": "#FF9500", "threat_level": "HIGH", "display_fields": [{"label": "Status", "value": "Partial Occupied"}, {"label": "Equipment", "value": "HQ9"}]}}, {"type": "Feature", "geometry": {"type": "Point", "coordinates": [90.967469, 29.296278]}, "properties": {"id": "sam_site_027", "name": "Gongkar Dzong", "category": "SAM Site", "category_label": "SAM Sites", "icon": "sam", "color": "#FF9500", "threat_level": "HIGH", "display_fields": [{"label": "Altitude", "value": "3570"}, {"label": "Status", "value": "Occupied"}, {"label": "Equipment", "value": "HQ9, 5 TELs, 3 Jammers"}, {"label": "Radar", "value": "1 TER"}]}}, {"type": "Feature", "geometry": {"type": "Point", "coordinates": [89.0064, 29.3207]}, "properties": {"id": "sam_site_028", "name": "New SAM site Hoping?", "category": "SAM Site", "category_label": "SAM Sites", "icon": "sam", "color": "#FF9500", "threat_level": "HIGH", "display_fields": [{"label": "Status", "value": "Occupied"}]}}, {"type": "Feature", "geometry": {"type": "Point", "coordinates": [89.2624, 29.3437]}, "properties": {"id": "sam_site_029", "name": "Hoping-I", "category": "SAM Site", "category_label": "SAM Sites", "icon": "sam", "color": "#FF9500", "threat_level": "HIGH", "display_fields": [{"label": "Status", "value": "Occupied"}, {"label": "Equipment", "value": "8 TEL, 4 helicopters, 3 communication equipment"}, {"label": "Infrastructure", "value": "4 pads, 1 hangar"}]}}, {"type": "Feature", "geometry": {"type": "Point", "coordinates": [89.3452, 29.35121]}, "properties": {"id": "sam_site_030", "name": "Hoping-II", "category": "SAM Site", "category_label": "SAM Sites", "icon": "sam", "color": "#FF9500", "threat_level": "HIGH", "display_fields": [{"label": "Status", "value": "Unoccupied"}]}}, {"type": "Feature", "geometry": {"type": "Point", "coordinates": [89.334711, 29.327966]}, "properties": {"id": "sam_site_031", "name": "Hoping-III", "category": "SAM Site", "category_label": "SAM Sites", "icon": "sam", "color": "#FF9500", "threat_level": "HIGH", "display_fields": [{"label": "Status", "value": "Occupied"}, {"label": "Protection for", "value": "Airfield"}, {"label": "Equipment", "value": "HQ6 SAM, 21 vehicles"}]}}, {"type": "Feature", "geometry": {"type": "Point", "coordinates": [94.352, 29.306]}, "properties": {"id": "sam_site_032", "name": "Kangpalo / Kangka / Mainling", "category": "SAM Site", "category_label": "SAM Sites", "icon": "sam", "color": "#FF9500", "threat_level": "HIGH", "display_fields": [{"label": "Alternate Name", "value": "Linzhi"}, {"label": "Status", "value": "Occupied"}, {"label": "Protection for", "value": "SAM Camp, Airfield"}, {"label": "Equipment", "value": "HQ9"}]}}, {"type": "Feature", "geometry": {"type": "Point", "coordinates": [94.3419, 29.298]}, "properties": {"id": "sam_site_033", "name": "Kangka South", "category": "SAM Site", "category_label": "SAM Sites", "icon": "sam", "color": "#FF9500", "threat_level": "HIGH", "display_fields": [{"label": "Equipment", "value": "HQ 16"}]}}, {"type": "Feature", "geometry": {"type": "Point", "coordinates": [88.643011, 28.476008]}, "properties": {"id": "sam_site_034", "name": "Kuma", "category": "SAM Site", "category_label": "SAM Sites", "icon": "sam", "color": "#FF9500", "threat_level": "HIGH", "display_fields": [{"label": "Alternate Name", "value": "Gurme"}]}}, {"type": "Feature", "geometry": {"type": "Point", "coordinates": [91.954722, 28.24]}, "properties": {"id": "sam_site_035", "name": "Ni La Hu", "category": "SAM Site", "category_label": "SAM Sites", "icon": "sam", "color": "#FF9500", "threat_level": "HIGH", "display_fields": []}}, {"type": "Feature", "geometry": {"type": "Point", "coordinates": [89.8061, 27.7249]}, "properties": {"id": "sam_site_036", "name": "Phari Dzong ?", "category": "SAM Site", "category_label": "SAM Sites", "icon": "sam", "color": "#FF9500", "threat_level": "HIGH", "display_fields": [{"label": "Equipment", "value": "HQ7, HQ16"}, {"label": "Apple", "value": "No"}]}}, {"type": "Feature", "geometry": {"type": "Point", "coordinates": [89.138163, 27.738824]}, "properties": {"id": "sam_site_037", "name": "Phari Dzong", "category": "SAM Site", "category_label": "SAM Sites", "icon": "sam", "color": "#FF9500", "threat_level": "HIGH", "display_fields": [{"label": "Status", "value": "Occupied"}, {"label": "Equipment", "value": "HQ 16, HQ7, 2 radars on ramps"}, {"label": "Infrastructure", "value": "6 launch pads, 21 B, 2 helipad"}, {"label": "Distance IB", "value": "56"}, {"label": "Apple", "value": "Yes"}]}}, {"type": "Feature", "geometry": {"type": "Point", "coordinates": [89.0817, 27.4421]}, "properties": {"id": "sam_site_038", "name": "Phari Dzong", "category": "SAM Site", "category_label": "SAM Sites", "icon": "sam", "color": "#FF9500", "threat_level": "HIGH", "display_fields": [{"label": "Status", "value": "Occupied"}, {"label": "Formation", "value": "125 Bn/ 6* AD / PLAAF"}, {"label": "Protection for", "value": "52* CAB"}, {"label": "Equipment", "value": "8 HQ9B TEL, +5 TELs"}, {"label": "Coverage", "value": "Sillguri Corridor"}]}}, {"type": "Feature", "geometry": {"type": "Point", "coordinates": [92.4805, 28.4177]}, "properties": {"id": "sam_site_039", "name": "Serche / Lhunze", "category": "SAM Site", "category_label": "SAM Sites", "icon": "sam", "color": "#FF9500", "threat_level": "HIGH", "display_fields": [{"label": "Alternate Name", "value": "Tebura Gonpa"}, {"label": "Altitude", "value": "4245"}, {"label": "Status", "value": "2 pads occupied"}, {"label": "Protection for", "value": "Lhunze Airport"}, {"label": "Equipment", "value": "HQ9 4TELs, 19-25 equipment, 14-20 vehicles, 3 Jammers, Radar"}, {"label": "Radar", "value": "TER, TAR"}, {"label": "Infrastructure", "value": "9 pads, MSB, 3 sheds, 22 Antenna Towers"}, {"label": "Area", "value": "1000x150"}]}}, {"type": "Feature", "geometry": {"type": "Point", "coordinates": [91.628056, 28.650833]}, "properties": {"id": "sam_site_040", "name": "Trigu Dzong West", "category": "SAM Site", "category_label": "SAM Sites", "icon": "sam", "color": "#FF9500", "threat_level": "HIGH", "display_fields": [{"label": "Alternate Name", "value": "Trigu Tsho"}]}}, {"type": "Feature", "geometry": {"type": "Point", "coordinates": [91.9564, 28.0545]}, "properties": {"id": "sam_site_041", "name": "Tsona Dzong", "category": "SAM Site", "category_label": "SAM Sites", "icon": "sam", "color": "#FF9500", "threat_level": "HIGH", "display_fields": [{"label": "Altitude", "value": "4678"}, {"label": "Status", "value": "Occupied"}, {"label": "Equipment", "value": "3 HQ9 TELs, 2 Radars"}, {"label": "Apple", "value": "Yes"}]}}, {"type": "Feature", "geometry": {"type": "Point", "coordinates": [78.2152, 35.3246]}, "properties": {"id": "sam_site_042", "name": "TWD", "category": "SAM Site", "category_label": "SAM Sites", "icon": "sam", "color": "#FF9500", "threat_level": "HIGH", "display_fields": []}}, {"type": "Feature", "geometry": {"type": "Point", "coordinates": [92.530589, 29.141419]}, "properties": {"id": "sam_site_043", "name": "Zam", "category": "SAM Site", "category_label": "SAM Sites", "icon": "sam", "color": "#FF9500", "threat_level": "HIGH", "display_fields": []}}, {"type": "Feature", "geometry": {"type": "Point", "coordinates": [103.338926, 23.42151]}, "properties": {"id": "sam_site_044", "name": "Mengzi, Yunnan", "category": "SAM Site", "category_label": "SAM Sites", "icon": "sam", "color": "#FF9500", "threat_level": "HIGH", "display_fields": [{"label": "Formation", "value": "13* AD/ PLAAF"}, {"label": "Equipment", "value": "HQ22"}]}}, {"type": "Feature", "geometry": {"type": "Point", "coordinates": [91.202, 29.96]}, "properties": {"id": "msl_base__test_site_001", "name": "Shar (Lhasa)", "category": "Msl Base  Test Site", "category_label": "Missile Bases / Test Sites", "icon": "missile", "color": "#FF2D55", "threat_level": "HIGH", "display_fields": [{"label": "Type", "value": "Test Site"}, {"label": "Infrastructure", "value": "Test Site -7 S, Adm Complex - 9S, 1 MSB"}]}}, {"type": "Feature", "geometry": {"type": "Point", "coordinates": [88.32, 28.12]}, "properties": {"id": "tmr_camps_001", "name": "Nye (Naku La Wset)", "category": "TMR Camps", "category_label": "TMR Camps", "icon": "camp", "color": "#34C759", "threat_level": "MEDIUM", "display_fields": [{"label": "Formation", "value": "356* BDR"}, {"label": "Equipment", "value": ">32 V"}]}}, {"type": "Feature", "geometry": {"type": "Point", "coordinates": [88.3393, 28.2367]}, "properties": {"id": "tmr_camps_002", "name": "Shobrang", "category": "TMR Camps", "category_label": "TMR Camps", "icon": "camp", "color": "#34C759", "threat_level": "MEDIUM", "display_fields": [{"label": "Formation", "value": "356* BDR"}, {"label": "Infrastructure", "value": "New construction - 4 sheds"}]}}, {"type": "Feature", "geometry": {"type": "Point", "coordinates": [88.3503, 28.2398]}, "properties": {"id": "tmr_camps_003", "name": "Xueburangcun / Shobrang", "category": "TMR Camps", "category_label": "TMR Camps", "icon": "camp", "color": "#34C759", "threat_level": "MEDIUM", "display_fields": [{"label": "Formation", "value": "3rd Transportation Brigade/ 356* BDR"}, {"label": "Infrastructure", "value": "2 vehicle sheds"}]}}, {"type": "Feature", "geometry": {"type": "Point", "coordinates": [88.363, 28.204]}, "properties": {"id": "tmr_camps_004", "name": "Nye", "category": "TMR Camps", "category_label": "TMR Camps", "icon": "camp", "color": "#34C759", "threat_level": "MEDIUM", "display_fields": [{"label": "Equipment", "value": "3V"}]}}, {"type": "Feature", "geometry": {"type": "Point", "coordinates": [88.398, 28.149]}, "properties": {"id": "tmr_camps_005", "name": "Nye", "category": "TMR Camps", "category_label": "TMR Camps", "icon": "camp", "color": "#34C759", "threat_level": "MEDIUM", "display_fields": [{"label": "Equipment", "value": ">20 V"}]}}, {"type": "Feature", "geometry": {"type": "Point", "coordinates": [88.3989, 28.1512]}, "properties": {"id": "tmr_camps_006", "name": "Alabub", "category": "TMR Camps", "category_label": "TMR Camps", "icon": "camp", "color": "#34C759", "threat_level": "MEDIUM", "display_fields": [{"label": "Infrastructure", "value": "21 sheds, communication trenches"}, {"label": "Equipment", "value": "14 ICVs/ APCs, >10V"}]}}, {"type": "Feature", "geometry": {"type": "Point", "coordinates": [88.40014, 28.152152]}, "properties": {"id": "tmr_camps_007", "name": "Nakula", "category": "TMR Camps", "category_label": "TMR Camps", "icon": "camp", "color": "#34C759", "threat_level": "MEDIUM", "display_fields": [{"label": "Formation", "value": "54* H-CAB/ 356* BDR?"}, {"label": "Equipment", "value": "14 ICVs, 3 V"}]}}, {"type": "Feature", "geometry": {"type": "Point", "coordinates": [88.50277, 28.26458]}, "properties": {"id": "tmr_camps_008", "name": "Khamba Dzong", "category": "TMR Camps", "category_label": "TMR Camps", "icon": "camp", "color": "#34C759", "threat_level": "MEDIUM", "display_fields": [{"label": "Infrastructure", "value": "New construction - Nov 2023"}]}}, {"type": "Feature", "geometry": {"type": "Point", "coordinates": [88.5091, 28.274139]}, "properties": {"id": "tmr_camps_009", "name": "Khamba Dzong", "category": "TMR Camps", "category_label": "TMR Camps", "icon": "camp", "color": "#34C759", "threat_level": "MEDIUM", "display_fields": [{"label": "Infrastructure", "value": "New construction - Nov 2023"}]}}, {"type": "Feature", "geometry": {"type": "Point", "coordinates": [88.51816, 28.27988]}, "properties": {"id": "tmr_camps_010", "name": "Khamba Dzong", "category": "TMR Camps", "category_label": "TMR Camps", "icon": "camp", "color": "#34C759", "threat_level": "MEDIUM", "display_fields": [{"label": "Formation", "value": "357* BDR"}, {"label": "Infrastructure", "value": "13 sheds"}, {"label": "Equipment", "value": "10 V"}]}}, {"type": "Feature", "geometry": {"type": "Point", "coordinates": [88.5212, 28.2666]}, "properties": {"id": "tmr_camps_011", "name": "Khamba Dzong", "category": "TMR Camps", "category_label": "TMR Camps", "icon": "camp", "color": "#34C759", "threat_level": "MEDIUM", "display_fields": [{"label": "Formation", "value": "CABn/ 54* H-CAB"}]}}, {"type": "Feature", "geometry": {"type": "Point", "coordinates": [88.525, 28.266]}, "properties": {"id": "tmr_camps_012", "name": "Khamba Dzong", "category": "TMR Camps", "category_label": "TMR Camps", "icon": "camp", "color": "#34C759", "threat_level": "MEDIUM", "display_fields": [{"label": "Area", "value": "400x200"}]}}, {"type": "Feature", "geometry": {"type": "Point", "coordinates": [88.5692, 28.2404]}, "properties": {"id": "tmr_camps_013", "name": "Khamba Dzong", "category": "TMR Camps", "category_label": "TMR Camps", "icon": "camp", "color": "#34C759", "threat_level": "MEDIUM", "display_fields": [{"label": "Infrastructure", "value": "SA Firing Range, Communication trenches, 2 helipads"}]}}, {"type": "Feature", "geometry": {"type": "Point", "coordinates": [88.609, 28.1577]}, "properties": {"id": "tmr_camps_014", "name": "Red Hill, Chumbi Valley", "category": "TMR Camps", "category_label": "TMR Camps", "icon": "camp", "color": "#34C759", "threat_level": "MEDIUM", "display_fields": []}}, {"type": "Feature", "geometry": {"type": "Point", "coordinates": [88.6197, 28.3244]}, "properties": {"id": "tmr_camps_015", "name": "Longtrong", "category": "TMR Camps", "category_label": "TMR Camps", "icon": "camp", "color": "#34C759", "threat_level": "MEDIUM", "display_fields": [{"label": "Infrastructure", "value": "PLA Camp, >10 V (tracked), >8 MSB, 13 shelters"}, {"label": "Area", "value": "21768 sqm"}]}}, {"type": "Feature", "geometry": {"type": "Point", "coordinates": [88.8417, 27.5471]}, "properties": {"id": "tmr_camps_016", "name": "Xarsingma, Yatung", "category": "TMR Camps", "category_label": "TMR Camps", "icon": "camp", "color": "#34C759", "threat_level": "MEDIUM", "display_fields": []}}, {"type": "Feature", "geometry": {"type": "Point", "coordinates": [88.8614, 27.38768]}, "properties": {"id": "tmr_camps_017", "name": "Zhanniangshe, Cloud Post", "category": "TMR Camps", "category_label": "TMR Camps", "icon": "camp", "color": "#34C759", "threat_level": "MEDIUM", "display_fields": [{"label": "Formation", "value": "356* BDR"}]}}, {"type": "Feature", "geometry": {"type": "Point", "coordinates": [88.88559, 29.24898]}, "properties": {"id": "tmr_camps_018", "name": "Shigatse", "category": "TMR Camps", "category_label": "TMR Camps", "icon": "camp", "color": "#34C759", "threat_level": "MEDIUM", "display_fields": [{"label": "Formation", "value": "Shigatse MSD LS38"}]}}, {"type": "Feature", "geometry": {"type": "Point", "coordinates": [88.8965, 27.5043]}, "properties": {"id": "tmr_camps_019", "name": "Yatung", "category": "TMR Camps", "category_label": "TMR Camps", "icon": "camp", "color": "#34C759", "threat_level": "MEDIUM", "display_fields": []}}, {"type": "Feature", "geometry": {"type": "Point", "coordinates": [88.9116, 29.2246]}, "properties": {"id": "tmr_camps_020", "name": "Shigatse", "category": "TMR Camps", "category_label": "TMR Camps", "icon": "camp", "color": "#34C759", "threat_level": "MEDIUM", "display_fields": []}}, {"type": "Feature", "geometry": {"type": "Point", "coordinates": [88.9204, 27.5321]}, "properties": {"id": "tmr_camps_021", "name": "Yatung", "category": "TMR Camps", "category_label": "TMR Camps", "icon": "camp", "color": "#34C759", "threat_level": "MEDIUM", "display_fields": [{"label": "Formation", "value": "52* Mountain"}, {"label": "Infrastructure", "value": "CABn"}]}}, {"type": "Feature", "geometry": {"type": "Point", "coordinates": [88.9212, 28.0744]}, "properties": {"id": "tmr_camps_022", "name": "Chago La", "category": "TMR Camps", "category_label": "TMR Camps", "icon": "camp", "color": "#34C759", "threat_level": "MEDIUM", "display_fields": [{"label": "Infrastructure", "value": "D-shaped bunkers, communication tenches"}]}}, {"type": "Feature", "geometry": {"type": "Point", "coordinates": [88.931, 27.428]}, "properties": {"id": "tmr_camps_023", "name": "Asam", "category": "TMR Camps", "category_label": "TMR Camps", "icon": "camp", "color": "#34C759", "threat_level": "MEDIUM", "display_fields": [{"label": "Formation", "value": "52* Mountain/ 356* BDR"}, {"label": "Infrastructure", "value": "3 MSB, 2B, 2 sheds"}, {"label": "Dist LAC", "value": "8"}]}}, {"type": "Feature", "geometry": {"type": "Point", "coordinates": [88.971388, 27.52333]}, "properties": {"id": "tmr_camps_024", "name": "Rubinkha", "category": "TMR Camps", "category_label": "TMR Camps", "icon": "camp", "color": "#34C759", "threat_level": "MEDIUM", "display_fields": [{"label": "Altitude", "value": "3363"}, {"label": "Equipment", "value": ">15V"}, {"label": "Area", "value": "21850 sqm"}]}}, {"type": "Feature", "geometry": {"type": "Point", "coordinates": [88.973, 27.3349]}, "properties": {"id": "tmr_camps_025", "name": "Naktang", "category": "TMR Camps", "category_label": "TMR Camps", "icon": "camp", "color": "#34C759", "threat_level": "MEDIUM", "display_fields": [{"label": "Formation", "value": "52* Mountain"}, {"label": "Infrastructure", "value": "CABn - Communication tenches, weapon pits"}, {"label": "Equipment", "value": ">45V"}]}}, {"type": "Feature", "geometry": {"type": "Point", "coordinates": [88.9802, 27.4193]}, "properties": {"id": "tmr_camps_026", "name": "Longmarpu Chu (West Bhutan)", "category": "TMR Camps", "category_label": "TMR Camps", "icon": "camp", "color": "#34C759", "threat_level": "MEDIUM", "display_fields": []}}, {"type": "Feature", "geometry": {"type": "Point", "coordinates": [88.982, 27.512]}, "properties": {"id": "tmr_camps_027", "name": "Rubinkha", "category": "TMR Camps", "category_label": "TMR Camps", "icon": "camp", "color": "#34C759", "threat_level": "MEDIUM", "display_fields": []}}, {"type": "Feature", "geometry": {"type": "Point", "coordinates": [88.9976, 27.342]}, "properties": {"id": "tmr_camps_028", "name": "Amo Chu West", "category": "TMR Camps", "category_label": "TMR Camps", "icon": "camp", "color": "#34C759", "threat_level": "MEDIUM", "display_fields": []}}, {"type": "Feature", "geometry": {"type": "Point", "coordinates": [89.0067, 27.3195]}, "properties": {"id": "tmr_camps_029", "name": "Pt 1621 / Amo Chu", "category": "TMR Camps", "category_label": "TMR Camps", "icon": "camp", "color": "#34C759", "threat_level": "MEDIUM", "display_fields": [{"label": "Infrastructure", "value": "PLA post"}]}}, {"type": "Feature", "geometry": {"type": "Point", "coordinates": [89.0167, 27.2323]}, "properties": {"id": "tmr_camps_030", "name": "Pt 1621 (Western Bhutan)", "category": "TMR Camps", "category_label": "TMR Camps", "icon": "camp", "color": "#34C759", "threat_level": "MEDIUM", "display_fields": [{"label": "Infrastructure", "value": "PLA Camp"}]}}, {"type": "Feature", "geometry": {"type": "Point", "coordinates": [89.05939, 27.5117]}, "properties": {"id": "tmr_camps_031", "name": "Dramana (Western Bhutan)", "category": "TMR Camps", "category_label": "TMR Camps", "icon": "camp", "color": "#34C759", "threat_level": "MEDIUM", "display_fields": [{"label": "Infrastructure", "value": "Communication Relay Station"}]}}, {"type": "Feature", "geometry": {"type": "Point", "coordinates": [89.0739, 27.5266]}, "properties": {"id": "tmr_camps_032", "name": "Thabseyleri (Western Bhutan)", "category": "TMR Camps", "category_label": "TMR Camps", "icon": "camp", "color": "#34C759", "threat_level": "MEDIUM", "display_fields": [{"label": "Infrastructure", "value": "PLA Camp"}]}}, {"type": "Feature", "geometry": {"type": "Point", "coordinates": [89.0848, 27.7243]}, "properties": {"id": "tmr_camps_033", "name": "Nagadonga", "category": "TMR Camps", "category_label": "TMR Camps", "icon": "camp", "color": "#34C759", "threat_level": "MEDIUM", "display_fields": [{"label": "Formation", "value": "52* Mountain"}, {"label": "Infrastructure", "value": "PLA Camp - >60 sheds"}, {"label": "Equipment", "value": "42 vehicles"}]}}, {"type": "Feature", "geometry": {"type": "Point", "coordinates": [89.085, 27.723]}, "properties": {"id": "tmr_camps_034", "name": "Phari Dzong", "category": "TMR Camps", "category_label": "TMR Camps", "icon": "camp", "color": "#34C759", "threat_level": "MEDIUM", "display_fields": [{"label": "Formation", "value": "52* Mountain"}, {"label": "Area", "value": "402x36"}]}}, {"type": "Feature", "geometry": {"type": "Point", "coordinates": [89.0848, 27.7243]}, "properties": {"id": "tmr_camps_035", "name": "Nagadonga", "category": "TMR Camps", "category_label": "TMR Camps", "icon": "camp", "color": "#34C759", "threat_level": "MEDIUM", "display_fields": [{"label": "Infrastructure", "value": "PLA camp under construction"}]}}, {"type": "Feature", "geometry": {"type": "Point", "coordinates": [89.0868, 27.7349]}, "properties": {"id": "tmr_camps_036", "name": "Nagadonga", "category": "TMR Camps", "category_label": "TMR Camps", "icon": "camp", "color": "#34C759", "threat_level": "MEDIUM", "display_fields": [{"label": "Formation", "value": "MIB/ 356* BDR"}]}}, {"type": "Feature", "geometry": {"type": "Point", "coordinates": [89.165, 27.749]}, "properties": {"id": "tmr_camps_037", "name": "Phari Dzong", "category": "TMR Camps", "category_label": "TMR Camps", "icon": "camp", "color": "#34C759", "threat_level": "MEDIUM", "display_fields": []}}, {"type": "Feature", "geometry": {"type": "Point", "coordinates": [89.1846, 27.7055]}, "properties": {"id": "tmr_camps_038", "name": "Tremo La (Western Bhutan)", "category": "TMR Camps", "category_label": "TMR Camps", "icon": "camp", "color": "#34C759", "threat_level": "MEDIUM", "display_fields": []}}, {"type": "Feature", "geometry": {"type": "Point", "coordinates": [89.2114, 27.9502]}, "properties": {"id": "tmr_camps_039", "name": "Tuna", "category": "TMR Camps", "category_label": "TMR Camps", "icon": "camp", "color": "#34C759", "threat_level": "MEDIUM", "display_fields": [{"label": "Formation", "value": "52* Mountain"}, {"label": "Infrastructure", "value": "Training area"}, {"label": "Dist LAC", "value": "36"}]}}, {"type": "Feature", "geometry": {"type": "Point", "coordinates": [89.231, 27.891]}, "properties": {"id": "tmr_camps_040", "name": "Tuna", "category": "TMR Camps", "category_label": "TMR Camps", "icon": "camp", "color": "#34C759", "threat_level": "MEDIUM", "display_fields": []}}, {"type": "Feature", "geometry": {"type": "Point", "coordinates": [89.3852, 28.2612]}, "properties": {"id": "tmr_camps_041", "name": "Kalashahar / Kangmar", "category": "TMR Camps", "category_label": "TMR Camps", "icon": "camp", "color": "#34C759", "threat_level": "MEDIUM", "display_fields": [{"label": "Infrastructure", "value": "PLA Camp - 15S"}, {"label": "Equipment", "value": "66 V"}]}}, {"type": "Feature", "geometry": {"type": "Point", "coordinates": [89.4057, 30.8741]}, "properties": {"id": "tmr_camps_042", "name": "Kerag", "category": "TMR Camps", "category_label": "TMR Camps", "icon": "camp", "color": "#34C759", "threat_level": "MEDIUM", "display_fields": [{"label": "Infrastructure", "value": ">15 temporary sheds"}, {"label": "Equipment", "value": ">65V"}]}}, {"type": "Feature", "geometry": {"type": "Point", "coordinates": [89.5236, 28.8946]}, "properties": {"id": "tmr_camps_043", "name": "Gyantse", "category": "TMR Camps", "category_label": "TMR Camps", "icon": "camp", "color": "#34C759", "threat_level": "MEDIUM", "display_fields": [{"label": "Formation", "value": "54*H/ TMR"}, {"label": "Infrastructure", "value": "14 dugouts"}, {"label": "Equipment", "value": "152 tanks/APCs, >300 vehicles"}]}}, {"type": "Feature", "geometry": {"type": "Point", "coordinates": [89.5359, 28.8739]}, "properties": {"id": "tmr_camps_044", "name": "Gyantse", "category": "TMR Camps", "category_label": "TMR Camps", "icon": "camp", "color": "#34C759", "threat_level": "MEDIUM", "display_fields": [{"label": "Formation", "value": "54*H"}, {"label": "Equipment", "value": "320 vehicles"}]}}, {"type": "Feature", "geometry": {"type": "Point", "coordinates": [89.5398, 28.9271]}, "properties": {"id": "tmr_camps_045", "name": "Gyantse", "category": "TMR Camps", "category_label": "TMR Camps", "icon": "camp", "color": "#34C759", "threat_level": "MEDIUM", "display_fields": [{"label": "Formation", "value": "54*H / TMR"}, {"label": "Infrastructure", "value": "PLA Camp, Firing Range, 8 MSB, 38S"}, {"label": "Equipment", "value": "19 vehicles"}]}}, {"type": "Feature", "geometry": {"type": "Point", "coordinates": [89.5419, 28.5742]}, "properties": {"id": "tmr_camps_046", "name": "Gyantse", "category": "TMR Camps", "category_label": "TMR Camps", "icon": "camp", "color": "#34C759", "threat_level": "MEDIUM", "display_fields": [{"label": "Formation", "value": "54*H/ TMR"}, {"label": "Equipment", "value": "550 vehicles"}]}}, {"type": "Feature", "geometry": {"type": "Point", "coordinates": [89.5426, 28.8759]}, "properties": {"id": "tmr_camps_047", "name": "Gyantse", "category": "TMR Camps", "category_label": "TMR Camps", "icon": "camp", "color": "#34C759", "threat_level": "MEDIUM", "display_fields": [{"label": "Formation", "value": "54*H"}, {"label": "Infrastructure", "value": "45 MSB, 36 S, Firing Range, Parking Sheds"}, {"label": "Equipment", "value": ">520 vehicles"}]}}, {"type": "Feature", "geometry": {"type": "Point", "coordinates": [89.5548, 28.8369]}, "properties": {"id": "tmr_camps_048", "name": "Gyantse", "category": "TMR Camps", "category_label": "TMR Camps", "icon": "camp", "color": "#34C759", "threat_level": "MEDIUM", "display_fields": []}}, {"type": "Feature", "geometry": {"type": "Point", "coordinates": [90.749081, 29.290133]}, "properties": {"id": "tmr_camps_049", "name": "Laiga / Zhongsa", "category": "TMR Camps", "category_label": "TMR Camps", "icon": "camp", "color": "#34C759", "threat_level": "MEDIUM", "display_fields": [{"label": "Road", "value": "S101"}]}}, {"type": "Feature", "geometry": {"type": "Point", "coordinates": [90.752138, 29.29015]}, "properties": {"id": "tmr_camps_050", "name": "Laiga  / Zhongsa / Gonggar", "category": "TMR Camps", "category_label": "TMR Camps", "icon": "camp", "color": "#34C759", "threat_level": "MEDIUM", "display_fields": [{"label": "Formation", "value": "3rd Mobile Support Bn"}, {"label": "Road", "value": "S101"}]}}, {"type": "Feature", "geometry": {"type": "Point", "coordinates": [90.906667, 29.29111]}, "properties": {"id": "tmr_camps_051", "name": "Gonggar Airbase", "category": "TMR Camps", "category_label": "TMR Camps", "icon": "camp", "color": "#34C759", "threat_level": "MEDIUM", "display_fields": [{"label": "Infrastructure", "value": "10 buildings, 6 sheds (cap - >65 vehicles)"}, {"label": "Equipment", "value": "6 vehicles"}, {"label": "Area", "value": "300x100"}, {"label": "Road", "value": "S101"}]}}, {"type": "Feature", "geometry": {"type": "Point", "coordinates": [90.960683, 29.560058]}, "properties": {"id": "tmr_camps_052", "name": "Lhasa", "category": "TMR Camps", "category_label": "TMR Camps", "icon": "camp", "color": "#34C759", "threat_level": "MEDIUM", "display_fields": [{"label": "Formation", "value": "PAPF"}]}}, {"type": "Feature", "geometry": {"type": "Point", "coordinates": [90.978, 29.614]}, "properties": {"id": "tmr_camps_053", "name": "Trizam", "category": "TMR Camps", "category_label": "TMR Camps", "icon": "camp", "color": "#34C759", "threat_level": "MEDIUM", "display_fields": [{"label": "Formation", "value": "85th Logistics Support Brigade"}, {"label": "Infrastructure", "value": "70 sheds"}, {"label": "Equipment", "value": "20 APCs, >200 vehicles"}]}}, {"type": "Feature", "geometry": {"type": "Point", "coordinates": [90.9981, 29.5984]}, "properties": {"id": "tmr_camps_054", "name": "Lhasa", "category": "TMR Camps", "category_label": "TMR Camps", "icon": "camp", "color": "#34C759", "threat_level": "MEDIUM", "display_fields": [{"label": "Formation", "value": "Motor Transport Regiment"}, {"label": "Equipment", "value": "170 vehicles"}]}}, {"type": "Feature", "geometry": {"type": "Point", "coordinates": [91.00777, 29.52611]}, "properties": {"id": "tmr_camps_055", "name": "Menzhun (Sangoa)", "category": "TMR Camps", "category_label": "TMR Camps", "icon": "camp", "color": "#34C759", "threat_level": "MEDIUM", "display_fields": [{"label": "Formation", "value": "PAPF Camp / Division Training Area"}]}}, {"type": "Feature", "geometry": {"type": "Point", "coordinates": [91.0486, 29.5615]}, "properties": {"id": "tmr_camps_056", "name": "Lhasa", "category": "TMR Camps", "category_label": "TMR Camps", "icon": "camp", "color": "#34C759", "threat_level": "MEDIUM", "display_fields": [{"label": "Formation", "value": "55*L"}, {"label": "Infrastructure", "value": "6B, Cap 2500"}]}}, {"type": "Feature", "geometry": {"type": "Point", "coordinates": [91.0649, 29.5677]}, "properties": {"id": "tmr_camps_057", "name": "Lhasa (Sangoa)", "category": "TMR Camps", "category_label": "TMR Camps", "icon": "camp", "color": "#34C759", "threat_level": "MEDIUM", "display_fields": [{"label": "Formation", "value": "55*L"}]}}, {"type": "Feature", "geometry": {"type": "Point", "coordinates": [91.07306, 29.67258]}, "properties": {"id": "tmr_camps_058", "name": "Lhasa", "category": "TMR Camps", "category_label": "TMR Camps", "icon": "camp", "color": "#34C759", "threat_level": "MEDIUM", "display_fields": [{"label": "Formation", "value": "PAPF"}]}}, {"type": "Feature", "geometry": {"type": "Point", "coordinates": [91.094, 30.512]}, "properties": {"id": "tmr_camps_059", "name": "Damxung / Donshoon", "category": "TMR Camps", "category_label": "TMR Camps", "icon": "camp", "color": "#34C759", "threat_level": "MEDIUM", "display_fields": [{"label": "Formation", "value": "PLAAF"}, {"label": "Infrastructure", "value": "PLA Camp"}]}}, {"type": "Feature", "geometry": {"type": "Point", "coordinates": [91.1329, 29.6293]}, "properties": {"id": "tmr_camps_060", "name": "Lhasa", "category": "TMR Camps", "category_label": "TMR Camps", "icon": "camp", "color": "#34C759", "threat_level": "MEDIUM", "display_fields": [{"label": "Formation", "value": "85* Artillery"}, {"label": "Infrastructure", "value": "Sheds for 576 vehs, Cap 5500p"}]}}, {"type": "Feature", "geometry": {"type": "Point", "coordinates": [91.317558, 29.675795]}, "properties": {"id": "tmr_camps_061", "name": "Lhasa- Dechen Dzong", "category": "TMR Camps", "category_label": "TMR Camps", "icon": "camp", "color": "#34C759", "threat_level": "MEDIUM", "display_fields": [{"label": "Altitude", "value": "3619"}, {"label": "Formation", "value": "85* AD"}, {"label": "Infrastructure", "value": "164 hard standings (Groups of 16/24)"}, {"label": "Equipment", "value": "2 HQ16 MRSAM Bn, 2 SHORAD Bn, 2 Type90 AAG Bn"}, {"label": "Road", "value": "G4218"}, {"label": "Dist LAC", "value": "225"}, {"label": "Prefecture", "value": "Lhasa"}, {"label": "Province", "value": "Tibet"}]}}, {"type": "Feature", "geometry": {"type": "Point", "coordinates": [91.33309, 29.67573]}, "properties": {"id": "tmr_camps_062", "name": "Lhasa", "category": "TMR Camps", "category_label": "TMR Camps", "icon": "camp", "color": "#34C759", "threat_level": "MEDIUM", "display_fields": [{"label": "Formation", "value": "UK"}]}}, {"type": "Feature", "geometry": {"type": "Point", "coordinates": [91.7211, 27.8302]}, "properties": {"id": "tmr_camps_063", "name": "Semarong", "category": "TMR Camps", "category_label": "TMR Camps", "icon": "camp", "color": "#34C759", "threat_level": "MEDIUM", "display_fields": [{"label": "Infrastructure", "value": "PLA Camp"}]}}, {"type": "Feature", "geometry": {"type": "Point", "coordinates": [91.7223, 27.9174]}, "properties": {"id": "tmr_camps_064", "name": "Komri SW", "category": "TMR Camps", "category_label": "TMR Camps", "icon": "camp", "color": "#34C759", "threat_level": "MEDIUM", "display_fields": []}}, {"type": "Feature", "geometry": {"type": "Point", "coordinates": [91.79416, 27.87583]}, "properties": {"id": "tmr_camps_065", "name": "Nyamjang", "category": "TMR Camps", "category_label": "TMR Camps", "icon": "camp", "color": "#34C759", "threat_level": "MEDIUM", "display_fields": [{"label": "Formation", "value": "MIB?/355* BDR"}, {"label": "Infrastructure", "value": "6 MSB"}, {"label": "Area", "value": "95 x 60"}]}}, {"type": "Feature", "geometry": {"type": "Point", "coordinates": [91.79777, 27.86944]}, "properties": {"id": "tmr_camps_066", "name": "Lepo", "category": "TMR Camps", "category_label": "TMR Camps", "icon": "camp", "color": "#34C759", "threat_level": "MEDIUM", "display_fields": [{"label": "Formation", "value": "Coy / 2 BD Bn / 355* BDR"}, {"label": "Infrastructure", "value": "Helipad"}]}}, {"type": "Feature", "geometry": {"type": "Point", "coordinates": [91.751, 29.2121]}, "properties": {"id": "tmr_camps_067", "name": "Tsethang", "category": "TMR Camps", "category_label": "TMR Camps", "icon": "camp", "color": "#34C759", "threat_level": "MEDIUM", "display_fields": [{"label": "Formation", "value": "53* Mountain CAB/ TMR"}, {"label": "Infrastructure", "value": "New construction"}]}}, {"type": "Feature", "geometry": {"type": "Point", "coordinates": [91.7578, 29.253]}, "properties": {"id": "tmr_camps_068", "name": "Tsethang", "category": "TMR Camps", "category_label": "TMR Camps", "icon": "camp", "color": "#34C759", "threat_level": "MEDIUM", "display_fields": [{"label": "Formation", "value": "53* Mountain CAB/ TMR"}, {"label": "Infrastructure", "value": "16 sheds"}]}}, {"type": "Feature", "geometry": {"type": "Point", "coordinates": [91.7581, 29.1979]}, "properties": {"id": "tmr_camps_069", "name": "Tsethang", "category": "TMR Camps", "category_label": "TMR Camps", "icon": "camp", "color": "#34C759", "threat_level": "MEDIUM", "display_fields": [{"label": "Formation", "value": "53* Mountain CAB/ TMR"}, {"label": "Equipment", "value": "61 special vehicles"}]}}, {"type": "Feature", "geometry": {"type": "Point", "coordinates": [91.7593, 29.2028]}, "properties": {"id": "tmr_camps_070", "name": "Tsethang", "category": "TMR Camps", "category_label": "TMR Camps", "icon": "camp", "color": "#34C759", "threat_level": "MEDIUM", "display_fields": [{"label": "Formation", "value": "53* Mountain CAB/ TMR"}, {"label": "Equipment", "value": "200-250 vehicles"}]}}, {"type": "Feature", "geometry": {"type": "Point", "coordinates": [91.7619, 29.2038]}, "properties": {"id": "tmr_camps_071", "name": "Tsethang", "category": "TMR Camps", "category_label": "TMR Camps", "icon": "camp", "color": "#34C759", "threat_level": "MEDIUM", "display_fields": [{"label": "Formation", "value": "53* Mountain CAB/ TMR"}, {"label": "Infrastructure", "value": "Convoy ground"}]}}, {"type": "Feature", "geometry": {"type": "Point", "coordinates": [91.7623, 29.2003]}, "properties": {"id": "tmr_camps_072", "name": "Tsethang", "category": "TMR Camps", "category_label": "TMR Camps", "icon": "camp", "color": "#34C759", "threat_level": "MEDIUM", "display_fields": [{"label": "Formation", "value": "53* Mountain CAB/ TMR"}, {"label": "Infrastructure", "value": "New construction"}]}}, {"type": "Feature", "geometry": {"type": "Point", "coordinates": [91.7635, 29.1974]}, "properties": {"id": "tmr_camps_073", "name": "Tsethang", "category": "TMR Camps", "category_label": "TMR Camps", "icon": "camp", "color": "#34C759", "threat_level": "MEDIUM", "display_fields": [{"label": "Formation", "value": "53* Mountain CAB/ TMR"}, {"label": "Equipment", "value": "85 vehicles"}]}}, {"type": "Feature", "geometry": {"type": "Point", "coordinates": [91.7644, 29.2028]}, "properties": {"id": "tmr_camps_074", "name": "Tsethang", "category": "TMR Camps", "category_label": "TMR Camps", "icon": "camp", "color": "#34C759", "threat_level": "MEDIUM", "display_fields": [{"label": "Formation", "value": "53* Mountain CAB/ TMR"}, {"label": "Equipment", "value": ">560 vehicles"}]}}, {"type": "Feature", "geometry": {"type": "Point", "coordinates": [91.767, 29.20273]}, "properties": {"id": "tmr_camps_075", "name": "Tsethang", "category": "TMR Camps", "category_label": "TMR Camps", "icon": "camp", "color": "#34C759", "threat_level": "MEDIUM", "display_fields": [{"label": "Formation", "value": "53* Mountain CAB/ TMR"}]}}, {"type": "Feature", "geometry": {"type": "Point", "coordinates": [91.7673, 27.8061]}, "properties": {"id": "tmr_camps_076", "name": "Le", "category": "TMR Camps", "category_label": "TMR Camps", "icon": "camp", "color": "#34C759", "threat_level": "MEDIUM", "display_fields": [{"label": "Infrastructure", "value": "Helipad"}]}}, {"type": "Feature", "geometry": {"type": "Point", "coordinates": [91.7873, 29.2691]}, "properties": {"id": "tmr_camps_077", "name": "Tsethang", "category": "TMR Camps", "category_label": "TMR Camps", "icon": "camp", "color": "#34C759", "threat_level": "MEDIUM", "display_fields": [{"label": "Formation", "value": "53* Mountain CAB/ TMR"}, {"label": "Infrastructure", "value": "58 MSB, 12 sheds"}]}}, {"type": "Feature", "geometry": {"type": "Point", "coordinates": [91.792247, 27.910986]}, "properties": {"id": "tmr_camps_078", "name": "Komri SW", "category": "TMR Camps", "category_label": "TMR Camps", "icon": "camp", "color": "#34C759", "threat_level": "MEDIUM", "display_fields": [{"label": "Altitude", "value": "3352"}, {"label": "Infrastructure", "value": "1 MSB, 5 shelters"}]}}, {"type": "Feature", "geometry": {"type": "Point", "coordinates": [91.7939, 27.9189]}, "properties": {"id": "tmr_camps_079", "name": "Komri", "category": "TMR Camps", "category_label": "TMR Camps", "icon": "camp", "color": "#34C759", "threat_level": "MEDIUM", "display_fields": []}}, {"type": "Feature", "geometry": {"type": "Point", "coordinates": [91.794, 27.9191]}, "properties": {"id": "tmr_camps_080", "name": "Lepo North", "category": "TMR Camps", "category_label": "TMR Camps", "icon": "camp", "color": "#34C759", "threat_level": "MEDIUM", "display_fields": [{"label": "Infrastructure", "value": "Post"}]}}, {"type": "Feature", "geometry": {"type": "Point", "coordinates": [91.7958, 27.8686]}, "properties": {"id": "tmr_camps_081", "name": "Lepo", "category": "TMR Camps", "category_label": "TMR Camps", "icon": "camp", "color": "#34C759", "threat_level": "MEDIUM", "display_fields": [{"label": "Altitude", "value": "2918"}, {"label": "Infrastructure", "value": "2 helipads"}]}}, {"type": "Feature", "geometry": {"type": "Point", "coordinates": [91.811944, 27.922061]}, "properties": {"id": "tmr_camps_082", "name": "Trimo", "category": "TMR Camps", "category_label": "TMR Camps", "icon": "camp", "color": "#34C759", "threat_level": "MEDIUM", "display_fields": [{"label": "Infrastructure", "value": "1 TSB, 8 shelters"}, {"label": "Area", "value": "80 x 100"}]}}, {"type": "Feature", "geometry": {"type": "Point", "coordinates": [91.8955, 27.67675]}, "properties": {"id": "tmr_camps_083", "name": "Nagdoh", "category": "TMR Camps", "category_label": "TMR Camps", "icon": "camp", "color": "#34C759", "threat_level": "MEDIUM", "display_fields": [{"label": "Formation", "value": "4Bn/355* BDR"}, {"label": "Infrastructure", "value": "2 Helipads, 11B"}]}}, {"type": "Feature", "geometry": {"type": "Point", "coordinates": [91.9011, 27.7634]}, "properties": {"id": "tmr_camps_084", "name": "Nagdoh", "category": "TMR Camps", "category_label": "TMR Camps", "icon": "camp", "color": "#34C759", "threat_level": "MEDIUM", "display_fields": []}}, {"type": "Feature", "geometry": {"type": "Point", "coordinates": [91.9561, 27.7977]}, "properties": {"id": "tmr_camps_085", "name": "Churi Pahar", "category": "TMR Camps", "category_label": "TMR Camps", "icon": "camp", "color": "#34C759", "threat_level": "MEDIUM", "display_fields": [{"label": "Infrastructure", "value": "2 helipads"}]}}, {"type": "Feature", "geometry": {"type": "Point", "coordinates": [91.9589, 27.9998]}, "properties": {"id": "tmr_camps_086", "name": "Tsona Dzong", "category": "TMR Camps", "category_label": "TMR Camps", "icon": "camp", "color": "#34C759", "threat_level": "MEDIUM", "display_fields": [{"label": "Formation", "value": "355 BDR"}, {"label": "Equipment", "value": "2 long vehicles, 9 APCs, 32 vehicles"}]}}, {"type": "Feature", "geometry": {"type": "Point", "coordinates": [91.9589, 28.0101]}, "properties": {"id": "tmr_camps_087", "name": "Tsona Dzong NW", "category": "TMR Camps", "category_label": "TMR Camps", "icon": "camp", "color": "#34C759", "threat_level": "MEDIUM", "display_fields": [{"label": "Formation", "value": "Recce Bn/40*Mtn CAB"}, {"label": "Infrastructure", "value": "9 Sheds"}, {"label": "Equipment", "value": "14 vehicles"}]}}, {"type": "Feature", "geometry": {"type": "Point", "coordinates": [91.9611, 27.9959]}, "properties": {"id": "tmr_camps_088", "name": "Tsona Dzong", "category": "TMR Camps", "category_label": "TMR Camps", "icon": "camp", "color": "#34C759", "threat_level": "MEDIUM", "display_fields": [{"label": "Formation", "value": "40* Mountain CAB / 77 GA"}]}}, {"type": "Feature", "geometry": {"type": "Point", "coordinates": [91.9697, 27.9944]}, "properties": {"id": "tmr_camps_089", "name": "Tsona Dzong", "category": "TMR Camps", "category_label": "TMR Camps", "icon": "camp", "color": "#34C759", "threat_level": "MEDIUM", "display_fields": [{"label": "Formation", "value": "40* Mountain CAB / 77 GA"}, {"label": "Infrastructure", "value": "15 S - Logistics Area"}]}}, {"type": "Feature", "geometry": {"type": "Point", "coordinates": [91.9825, 27.7976]}, "properties": {"id": "tmr_camps_090", "name": "Anilok", "category": "TMR Camps", "category_label": "TMR Camps", "icon": "camp", "color": "#34C759", "threat_level": "MEDIUM", "display_fields": []}}, {"type": "Feature", "geometry": {"type": "Point", "coordinates": [92.0201, 27.7939]}, "properties": {"id": "tmr_camps_091", "name": "Mera La", "category": "TMR Camps", "category_label": "TMR Camps", "icon": "camp", "color": "#34C759", "threat_level": "MEDIUM", "display_fields": [{"label": "Formation", "value": "355* BDR"}, {"label": "Equipment", "value": "10-15 vehicles"}, {"label": "Dist LAC", "value": "1.5"}]}}, {"type": "Feature", "geometry": {"type": "Point", "coordinates": [92.07687, 31.48472]}, "properties": {"id": "tmr_camps_092", "name": "Nagqu", "category": "TMR Camps", "category_label": "TMR Camps", "icon": "camp", "color": "#34C759", "threat_level": "MEDIUM", "display_fields": [{"label": "Infrastructure", "value": "Administration Area, 9B"}]}}, {"type": "Feature", "geometry": {"type": "Point", "coordinates": [92.1106, 27.8245]}, "properties": {"id": "tmr_camps_093", "name": "Shya La", "category": "TMR Camps", "category_label": "TMR Camps", "icon": "camp", "color": "#34C759", "threat_level": "MEDIUM", "display_fields": [{"label": "Infrastructure", "value": "6 sheds"}, {"label": "Dist LAC", "value": "2"}]}}, {"type": "Feature", "geometry": {"type": "Point", "coordinates": [92.1117, 27.8352]}, "properties": {"id": "tmr_camps_094", "name": "Shya La", "category": "TMR Camps", "category_label": "TMR Camps", "icon": "camp", "color": "#34C759", "threat_level": "MEDIUM", "display_fields": [{"label": "Infrastructure", "value": "1 shed, 5 huts"}, {"label": "Dist LAC", "value": "3"}]}}, {"type": "Feature", "geometry": {"type": "Point", "coordinates": [92.1147, 27.8188]}, "properties": {"id": "tmr_camps_095", "name": "Shya La", "category": "TMR Camps", "category_label": "TMR Camps", "icon": "camp", "color": "#34C759", "threat_level": "MEDIUM", "display_fields": [{"label": "Infrastructure", "value": "1 shed"}]}}, {"type": "Feature", "geometry": {"type": "Point", "coordinates": [92.19861, 28.41972]}, "properties": {"id": "tmr_camps_096", "name": "Kyeo", "category": "TMR Camps", "category_label": "TMR Camps", "icon": "camp", "color": "#34C759", "threat_level": "MEDIUM", "display_fields": [{"label": "Formation", "value": "40* Mountain/ 77GA"}, {"label": "Equipment", "value": ">750 V"}]}}, {"type": "Feature", "geometry": {"type": "Point", "coordinates": [92.2125, 28.4155]}, "properties": {"id": "tmr_camps_097", "name": "Kyeo", "category": "TMR Camps", "category_label": "TMR Camps", "icon": "camp", "color": "#34C759", "threat_level": "MEDIUM", "display_fields": [{"label": "Formation", "value": "40* Mountain/ 77GA"}, {"label": "Infrastructure", "value": "9 container sheds, 29 small sheds"}, {"label": "Equipment", "value": "> 650 vehicles"}]}}, {"type": "Feature", "geometry": {"type": "Point", "coordinates": [92.2127, 28.4186]}, "properties": {"id": "tmr_camps_098", "name": "Kyeo", "category": "TMR Camps", "category_label": "TMR Camps", "icon": "camp", "color": "#34C759", "threat_level": "MEDIUM", "display_fields": [{"label": "Altitude", "value": "3998"}, {"label": "Formation", "value": "40* Mountain/ 77GA"}, {"label": "Infrastructure", "value": "2 CABn, Artillery Bn, CS Bn, AD Bn, Lgs Bn"}, {"label": "Road", "value": "G219"}, {"label": "Dist LAC", "value": "87"}]}}, {"type": "Feature", "geometry": {"type": "Point", "coordinates": [92.2258, 28.4186]}, "properties": {"id": "tmr_camps_099", "name": "Kyeo South East", "category": "TMR Camps", "category_label": "TMR Camps", "icon": "camp", "color": "#34C759", "threat_level": "MEDIUM", "display_fields": [{"label": "Formation", "value": "40* Mountain/ 77GA"}, {"label": "Infrastructure", "value": "9 container sheds, 20 small sheds"}]}}, {"type": "Feature", "geometry": {"type": "Point", "coordinates": [92.233, 28.457]}, "properties": {"id": "tmr_camps_100", "name": "Kyeo", "category": "TMR Camps", "category_label": "TMR Camps", "icon": "camp", "color": "#34C759", "threat_level": "MEDIUM", "display_fields": [{"label": "Formation", "value": "40* Mountain/ 77GA"}, {"label": "Infrastructure", "value": "26 dugouts"}]}}, {"type": "Feature", "geometry": {"type": "Point", "coordinates": [92.36428, 28.07806]}, "properties": {"id": "tmr_camps_101", "name": "Karta", "category": "TMR Camps", "category_label": "TMR Camps", "icon": "camp", "color": "#34C759", "threat_level": "MEDIUM", "display_fields": []}}, {"type": "Feature", "geometry": {"type": "Point", "coordinates": [92.46055, 28.39694]}, "properties": {"id": "tmr_camps_102", "name": "Serche / Lhuntse", "category": "TMR Camps", "category_label": "TMR Camps", "icon": "camp", "color": "#34C759", "threat_level": "MEDIUM", "display_fields": []}}, {"type": "Feature", "geometry": {"type": "Point", "coordinates": [92.4688, 28.4111]}, "properties": {"id": "tmr_camps_103", "name": "Serche / Lhuntse", "category": "TMR Camps", "category_label": "TMR Camps", "icon": "camp", "color": "#34C759", "threat_level": "MEDIUM", "display_fields": [{"label": "Infrastructure", "value": ">25 sheds"}, {"label": "Equipment", "value": ">7 V"}]}}, {"type": "Feature", "geometry": {"type": "Point", "coordinates": [92.559, 28.43]}, "properties": {"id": "tmr_camps_104", "name": "Lhunze East", "category": "TMR Camps", "category_label": "TMR Camps", "icon": "camp", "color": "#34C759", "threat_level": "MEDIUM", "display_fields": [{"label": "Infrastructure", "value": "PLA Camp"}]}}, {"type": "Feature", "geometry": {"type": "Point", "coordinates": [92.5688, 28.43]}, "properties": {"id": "tmr_camps_105", "name": "Lungshi", "category": "TMR Camps", "category_label": "TMR Camps", "icon": "camp", "color": "#34C759", "threat_level": "MEDIUM", "display_fields": [{"label": "Infrastructure", "value": "27 B, 2 sports facility"}, {"label": "Dist LAC", "value": "32.5"}]}}, {"type": "Feature", "geometry": {"type": "Point", "coordinates": [92.7275, 28.2975]}, "properties": {"id": "tmr_camps_106", "name": "Chayul Dzong", "category": "TMR Camps", "category_label": "TMR Camps", "icon": "camp", "color": "#34C759", "threat_level": "MEDIUM", "display_fields": []}}, {"type": "Feature", "geometry": {"type": "Point", "coordinates": [92.75361, 28.29583]}, "properties": {"id": "tmr_camps_107", "name": "Chayul Dzong", "category": "TMR Camps", "category_label": "TMR Camps", "icon": "camp", "color": "#34C759", "threat_level": "MEDIUM", "display_fields": [{"label": "Infrastructure", "value": "Trenches 325m, 1 D-type defence"}]}}, {"type": "Feature", "geometry": {"type": "Point", "coordinates": [92.76027, 28.28916]}, "properties": {"id": "tmr_camps_108", "name": "Chayul Dzong", "category": "TMR Camps", "category_label": "TMR Camps", "icon": "camp", "color": "#34C759", "threat_level": "MEDIUM", "display_fields": [{"label": "Infrastructure", "value": "PLA Camp likely"}]}}, {"type": "Feature", "geometry": {"type": "Point", "coordinates": [92.8082, 29.1232]}, "properties": {"id": "tmr_camps_109", "name": "Dromta", "category": "TMR Camps", "category_label": "TMR Camps", "icon": "camp", "color": "#34C759", "threat_level": "MEDIUM", "display_fields": [{"label": "Altitude", "value": "1277"}, {"label": "Infrastructure", "value": "30B, >650 cap"}]}}, {"type": "Feature", "geometry": {"type": "Point", "coordinates": [93.00638, 28.4125]}, "properties": {"id": "tmr_camps_110", "name": "Raprang", "category": "TMR Camps", "category_label": "TMR Camps", "icon": "camp", "color": "#34C759", "threat_level": "MEDIUM", "display_fields": [{"label": "Infrastructure", "value": "PLA Camp"}]}}, {"type": "Feature", "geometry": {"type": "Point", "coordinates": [93.016, 28.413]}, "properties": {"id": "tmr_camps_111", "name": "Marfan (Raprang)", "category": "TMR Camps", "category_label": "TMR Camps", "icon": "camp", "color": "#34C759", "threat_level": "MEDIUM", "display_fields": [{"label": "Infrastructure", "value": "3 sheds"}]}}, {"type": "Feature", "geometry": {"type": "Point", "coordinates": [93.01416, 28.4166]}, "properties": {"id": "tmr_camps_112", "name": "Raprang", "category": "TMR Camps", "category_label": "TMR Camps", "icon": "camp", "color": "#34C759", "threat_level": "MEDIUM", "display_fields": [{"label": "Infrastructure", "value": "12B"}]}}, {"type": "Feature", "geometry": {"type": "Point", "coordinates": [93.0391, 28.4438]}, "properties": {"id": "tmr_camps_113", "name": "Raprang", "category": "TMR Camps", "category_label": "TMR Camps", "icon": "camp", "color": "#34C759", "threat_level": "MEDIUM", "display_fields": [{"label": "Infrastructure", "value": "9B, 1S"}]}}, {"type": "Feature", "geometry": {"type": "Point", "coordinates": [93.0395, 28.4492]}, "properties": {"id": "tmr_camps_114", "name": "Raprang", "category": "TMR Camps", "category_label": "TMR Camps", "icon": "camp", "color": "#34C759", "threat_level": "MEDIUM", "display_fields": [{"label": "Infrastructure", "value": "21B, 1S"}]}}, {"type": "Feature", "geometry": {"type": "Point", "coordinates": [93.0412, 28.412]}, "properties": {"id": "tmr_camps_115", "name": "Raprang", "category": "TMR Camps", "category_label": "TMR Camps", "icon": "camp", "color": "#34C759", "threat_level": "MEDIUM", "display_fields": [{"label": "Infrastructure", "value": "11 new sheds"}]}}, {"type": "Feature", "geometry": {"type": "Point", "coordinates": [93.0389, 28.4439]}, "properties": {"id": "tmr_camps_116", "name": "Sere Hogo", "category": "TMR Camps", "category_label": "TMR Camps", "icon": "camp", "color": "#34C759", "threat_level": "MEDIUM", "display_fields": [{"label": "Infrastructure", "value": "PLA Camp - 10 S"}]}}, {"type": "Feature", "geometry": {"type": "Point", "coordinates": [93.039641, 28.449458]}, "properties": {"id": "tmr_camps_117", "name": "Sere Hogo", "category": "TMR Camps", "category_label": "TMR Camps", "icon": "camp", "color": "#34C759", "threat_level": "MEDIUM", "display_fields": [{"label": "Infrastructure", "value": "PLA Camp - 30 S"}]}}, {"type": "Feature", "geometry": {"type": "Point", "coordinates": [93.044, 28.371]}, "properties": {"id": "tmr_camps_118", "name": "Lung", "category": "TMR Camps", "category_label": "TMR Camps", "icon": "camp", "color": "#34C759", "threat_level": "MEDIUM", "display_fields": [{"label": "Formation", "value": "354* BDR"}, {"label": "Infrastructure", "value": "3 Camps - 1 old & 2 new, 2 helipads, D defs"}]}}, {"type": "Feature", "geometry": {"type": "Point", "coordinates": [93.044, 28.46]}, "properties": {"id": "tmr_camps_119", "name": "Sere Hogo", "category": "TMR Camps", "category_label": "TMR Camps", "icon": "camp", "color": "#34C759", "threat_level": "MEDIUM", "display_fields": [{"label": "Formation", "value": "354* BDR"}, {"label": "Infrastructure", "value": "9 S, Tents & Vehicles"}]}}, {"type": "Feature", "geometry": {"type": "Point", "coordinates": [93.0511, 28.7025]}, "properties": {"id": "tmr_camps_120", "name": "Chosum", "category": "TMR Camps", "category_label": "TMR Camps", "icon": "camp", "color": "#34C759", "threat_level": "MEDIUM", "display_fields": [{"label": "Infrastructure", "value": "20 B/S"}]}}, {"type": "Feature", "geometry": {"type": "Point", "coordinates": [93.07, 28.635]}, "properties": {"id": "tmr_camps_121", "name": "Yume", "category": "TMR Camps", "category_label": "TMR Camps", "icon": "camp", "color": "#34C759", "threat_level": "MEDIUM", "display_fields": [{"label": "Formation", "value": "77* SOF"}, {"label": "Infrastructure", "value": "PAPF & PLA Camp, 2 helipads"}, {"label": "Equipment", "value": "30 Mengshis"}]}}, {"type": "Feature", "geometry": {"type": "Point", "coordinates": [93.0807, 29.0464]}, "properties": {"id": "tmr_camps_122", "name": "Nang", "category": "TMR Camps", "category_label": "TMR Camps", "icon": "camp", "color": "#34C759", "threat_level": "MEDIUM", "display_fields": [{"label": "Infrastructure", "value": "PLA Camp"}]}}, {"type": "Feature", "geometry": {"type": "Point", "coordinates": [93.084, 28.6]}, "properties": {"id": "tmr_camps_123", "name": "RK Point 2", "category": "TMR Camps", "category_label": "TMR Camps", "icon": "camp", "color": "#34C759", "threat_level": "MEDIUM", "display_fields": [{"label": "Infrastructure", "value": "14 sheds"}]}}, {"type": "Feature", "geometry": {"type": "Point", "coordinates": [93.091, 28.588]}, "properties": {"id": "tmr_camps_124", "name": "RK Point 1", "category": "TMR Camps", "category_label": "TMR Camps", "icon": "camp", "color": "#34C759", "threat_level": "MEDIUM", "display_fields": [{"label": "Infrastructure", "value": "PLA Camp - 13 shelters"}]}}, {"type": "Feature", "geometry": {"type": "Point", "coordinates": [93.12, 28.499]}, "properties": {"id": "tmr_camps_125", "name": "Yume", "category": "TMR Camps", "category_label": "TMR Camps", "icon": "camp", "color": "#34C759", "threat_level": "MEDIUM", "display_fields": []}}, {"type": "Feature", "geometry": {"type": "Point", "coordinates": [93.120661, 28.498458]}, "properties": {"id": "tmr_camps_126", "name": "Marfan", "category": "TMR Camps", "category_label": "TMR Camps", "icon": "camp", "color": "#34C759", "threat_level": "MEDIUM", "display_fields": [{"label": "Formation", "value": "Coy / 354* BDR"}, {"label": "Infrastructure", "value": "10 S"}]}}, {"type": "Feature", "geometry": {"type": "Point", "coordinates": [93.157622, 28.501783]}, "properties": {"id": "tmr_camps_127", "name": "Marfan NW", "category": "TMR Camps", "category_label": "TMR Camps", "icon": "camp", "color": "#34C759", "threat_level": "MEDIUM", "display_fields": [{"label": "Infrastructure", "value": "2 S"}]}}, {"type": "Feature", "geometry": {"type": "Point", "coordinates": [93.2543, 28.6907]}, "properties": {"id": "tmr_camps_128", "name": "Migyitun NW", "category": "TMR Camps", "category_label": "TMR Camps", "icon": "camp", "color": "#34C759", "threat_level": "MEDIUM", "display_fields": [{"label": "Infrastructure", "value": "2 helipads"}]}}, {"type": "Feature", "geometry": {"type": "Point", "coordinates": [93.30486, 28.59577]}, "properties": {"id": "tmr_camps_129", "name": "Miba Chu Tingdigthan GG", "category": "TMR Camps", "category_label": "TMR Camps", "icon": "camp", "color": "#34C759", "threat_level": "MEDIUM", "display_fields": [{"label": "Infrastructure", "value": "PLA Camp"}]}}, {"type": "Feature", "geometry": {"type": "Point", "coordinates": [93.30611, 28.59722]}, "properties": {"id": "tmr_camps_130", "name": "Miba Chu Tingdigthan GG", "category": "TMR Camps", "category_label": "TMR Camps", "icon": "camp", "color": "#34C759", "threat_level": "MEDIUM", "display_fields": [{"label": "Infrastructure", "value": "PLA Camp, 2 helipads"}]}}, {"type": "Feature", "geometry": {"type": "Point", "coordinates": [93.32578, 28.702404]}, "properties": {"id": "tmr_camps_131", "name": "Kuiqiongmen (亏穷们)", "category": "TMR Camps", "category_label": "TMR Camps", "icon": "camp", "color": "#34C759", "threat_level": "MEDIUM", "display_fields": []}}, {"type": "Feature", "geometry": {"type": "Point", "coordinates": [93.3804, 28.6425]}, "properties": {"id": "tmr_camps_132", "name": "Migyitun", "category": "TMR Camps", "category_label": "TMR Camps", "icon": "camp", "color": "#34C759", "threat_level": "MEDIUM", "display_fields": []}}, {"type": "Feature", "geometry": {"type": "Point", "coordinates": [93.380833, 28.6411]}, "properties": {"id": "tmr_camps_133", "name": "Longju", "category": "TMR Camps", "category_label": "TMR Camps", "icon": "camp", "color": "#34C759", "threat_level": "MEDIUM", "display_fields": [{"label": "Infrastructure", "value": "PLA Camp, 36 shelters"}]}}, {"type": "Feature", "geometry": {"type": "Point", "coordinates": [93.3869, 28.974]}, "properties": {"id": "tmr_camps_134", "name": "Migyitun", "category": "TMR Camps", "category_label": "TMR Camps", "icon": "camp", "color": "#34C759", "threat_level": "MEDIUM", "display_fields": [{"label": "Infrastructure", "value": "14 Storage sheds"}]}}, {"type": "Feature", "geometry": {"type": "Point", "coordinates": [93.4043, 28.5961]}, "properties": {"id": "tmr_camps_135", "name": "Migyitun SE / Upper Bisa", "category": "TMR Camps", "category_label": "TMR Camps", "icon": "camp", "color": "#34C759", "threat_level": "MEDIUM", "display_fields": [{"label": "Formation", "value": "Coy / 354* BDR"}, {"label": "Infrastructure", "value": "29 S, 2 helipdas, 1 firing range"}, {"label": "Equipment", "value": "PCP001 SPM, ZSL92"}]}}, {"type": "Feature", "geometry": {"type": "Point", "coordinates": [93.40583, 28.5836]}, "properties": {"id": "tmr_camps_136", "name": "Lower Bisa", "category": "TMR Camps", "category_label": "TMR Camps", "icon": "camp", "color": "#34C759", "threat_level": "MEDIUM", "display_fields": [{"label": "Infrastructure", "value": "13 S, twin bridge, D defence"}]}}, {"type": "Feature", "geometry": {"type": "Point", "coordinates": [93.410555, 28.581389]}, "properties": {"id": "tmr_camps_137", "name": "Bisa Observation Post", "category": "TMR Camps", "category_label": "TMR Camps", "icon": "camp", "color": "#34C759", "threat_level": "MEDIUM", "display_fields": [{"label": "Infrastructure", "value": "7 S, 1 outpost"}]}}, {"type": "Feature", "geometry": {"type": "Point", "coordinates": [93.41333, 28.58527]}, "properties": {"id": "tmr_camps_138", "name": "Bisa Outpost", "category": "TMR Camps", "category_label": "TMR Camps", "icon": "camp", "color": "#34C759", "threat_level": "MEDIUM", "display_fields": [{"label": "Infrastructure", "value": "13 S, D defence & trenches"}]}}, {"type": "Feature", "geometry": {"type": "Point", "coordinates": [93.437913, 29.09865]}, "properties": {"id": "tmr_camps_139", "name": "Orang West", "category": "TMR Camps", "category_label": "TMR Camps", "icon": "camp", "color": "#34C759", "threat_level": "MEDIUM", "display_fields": [{"label": "Formation", "value": "189* M"}, {"label": "Infrastructure", "value": "CABn"}, {"label": "Apple", "value": "Yes"}]}}, {"type": "Feature", "geometry": {"type": "Point", "coordinates": [93.70027, 29.13722]}, "properties": {"id": "tmr_camps_140", "name": "Orang", "category": "TMR Camps", "category_label": "TMR Camps", "icon": "camp", "color": "#34C759", "threat_level": "MEDIUM", "display_fields": [{"label": "Formation", "value": "189* M"}]}}, {"type": "Feature", "geometry": {"type": "Point", "coordinates": [93.70196, 29.1309]}, "properties": {"id": "tmr_camps_141", "name": "Orang Central", "category": "TMR Camps", "category_label": "TMR Camps", "icon": "camp", "color": "#34C759", "threat_level": "MEDIUM", "display_fields": [{"label": "Altitude", "value": "3004"}, {"label": "Formation", "value": "189* M"}, {"label": "Infrastructure", "value": "CABn"}, {"label": "Dist LAC", "value": "44"}, {"label": "Apple", "value": "Yes"}, {"label": "Prefecture", "value": "Nyingchi"}, {"label": "Province", "value": "Tibet"}]}}, {"type": "Feature", "geometry": {"type": "Point", "coordinates": [93.702283, 29.1354]}, "properties": {"id": "tmr_camps_142", "name": "Orang North", "category": "TMR Camps", "category_label": "TMR Camps", "icon": "camp", "color": "#34C759", "threat_level": "MEDIUM", "display_fields": [{"label": "Altitude", "value": "3004"}, {"label": "Formation", "value": "189* M"}, {"label": "Infrastructure", "value": "CABn"}, {"label": "Equipment", "value": "ZSL92"}, {"label": "Dist LAC", "value": "44"}, {"label": "Apple", "value": "Yes"}, {"label": "Prefecture", "value": "Nyingchi"}, {"label": "Province", "value": "Tibet"}, {"label": "LSS Support", "value": "Singo Samba, Bharang Shikha"}]}}, {"type": "Feature", "geometry": {"type": "Point", "coordinates": [93.703, 29.1267]}, "properties": {"id": "tmr_camps_143", "name": "Orang South", "category": "TMR Camps", "category_label": "TMR Camps", "icon": "camp", "color": "#34C759", "threat_level": "MEDIUM", "display_fields": [{"label": "Altitude", "value": "3004"}, {"label": "Formation", "value": "189* M"}, {"label": "Infrastructure", "value": "CABn"}, {"label": "Dist LAC", "value": "44"}, {"label": "Apple", "value": "Yes"}, {"label": "Prefecture", "value": "Nyingchi"}, {"label": "Province", "value": "Tibet"}]}}, {"type": "Feature", "geometry": {"type": "Point", "coordinates": [93.71, 29.123]}, "properties": {"id": "tmr_camps_144", "name": "Orang", "category": "TMR Camps", "category_label": "TMR Camps", "icon": "camp", "color": "#34C759", "threat_level": "MEDIUM", "display_fields": [{"label": "Altitude", "value": "3004"}, {"label": "Formation", "value": "189* M"}, {"label": "Dist LAC", "value": "44"}, {"label": "Prefecture", "value": "Nyingchi"}, {"label": "Province", "value": "Tibet"}]}}, {"type": "Feature", "geometry": {"type": "Point", "coordinates": [93.7844, 28.7914]}, "properties": {"id": "tmr_camps_145", "name": "Riza La North", "category": "TMR Camps", "category_label": "TMR Camps", "icon": "camp", "color": "#34C759", "threat_level": "MEDIUM", "display_fields": [{"label": "Infrastructure", "value": "9 S"}]}}, {"type": "Feature", "geometry": {"type": "Point", "coordinates": [93.79555, 28.918055]}, "properties": {"id": "tmr_camps_146", "name": "Bharang Shikha SW", "category": "TMR Camps", "category_label": "TMR Camps", "icon": "camp", "color": "#34C759", "threat_level": "MEDIUM", "display_fields": [{"label": "Formation", "value": "353* BDR"}, {"label": "Infrastructure", "value": "16 sheds"}]}}, {"type": "Feature", "geometry": {"type": "Point", "coordinates": [93.807222, 28.925277]}, "properties": {"id": "tmr_camps_147", "name": "Bharang Shikha West", "category": "TMR Camps", "category_label": "TMR Camps", "icon": "camp", "color": "#34C759", "threat_level": "MEDIUM", "display_fields": [{"label": "Formation", "value": "353* BDR"}, {"label": "Infrastructure", "value": "8 sheds"}]}}, {"type": "Feature", "geometry": {"type": "Point", "coordinates": [93.8089, 28.9249]}, "properties": {"id": "tmr_camps_148", "name": "Bharang Shikha", "category": "TMR Camps", "category_label": "TMR Camps", "icon": "camp", "color": "#34C759", "threat_level": "MEDIUM", "display_fields": [{"label": "Formation", "value": "353* BDR"}]}}, {"type": "Feature", "geometry": {"type": "Point", "coordinates": [93.82361, 28.926666]}, "properties": {"id": "tmr_camps_149", "name": "Bharang Shikha", "category": "TMR Camps", "category_label": "TMR Camps", "icon": "camp", "color": "#34C759", "threat_level": "MEDIUM", "display_fields": [{"label": "Formation", "value": "353* BDR"}, {"label": "Infrastructure", "value": "PLA Garrison, Trenches"}]}}, {"type": "Feature", "geometry": {"type": "Point", "coordinates": [94.19388, 29.16944]}, "properties": {"id": "tmr_camps_150", "name": "Nayu West", "category": "TMR Camps", "category_label": "TMR Camps", "icon": "camp", "color": "#34C759", "threat_level": "MEDIUM", "display_fields": [{"label": "Infrastructure", "value": "PLA Camp, 3 MSB, 7 S"}]}}, {"type": "Feature", "geometry": {"type": "Point", "coordinates": [94.19861, 29.18138]}, "properties": {"id": "tmr_camps_151", "name": "Nayu North", "category": "TMR Camps", "category_label": "TMR Camps", "icon": "camp", "color": "#34C759", "threat_level": "MEDIUM", "display_fields": [{"label": "Infrastructure", "value": "PLA Camp, 5 MSB, 7 S"}]}}, {"type": "Feature", "geometry": {"type": "Point", "coordinates": [94.2011, 29.17027]}, "properties": {"id": "tmr_camps_152", "name": "Nayu", "category": "TMR Camps", "category_label": "TMR Camps", "icon": "camp", "color": "#34C759", "threat_level": "MEDIUM", "display_fields": [{"label": "Infrastructure", "value": "PLA Camp"}, {"label": "Equipment", "value": "13 vehicles"}]}}, {"type": "Feature", "geometry": {"type": "Point", "coordinates": [94.24555, 29.2325]}, "properties": {"id": "tmr_camps_153", "name": "Shoka", "category": "TMR Camps", "category_label": "TMR Camps", "icon": "camp", "color": "#34C759", "threat_level": "MEDIUM", "display_fields": [{"label": "Infrastructure", "value": "PLA Camp"}]}}, {"type": "Feature", "geometry": {"type": "Point", "coordinates": [94.261, 29.7342]}, "properties": {"id": "tmr_camps_154", "name": "Nyanglu", "category": "TMR Camps", "category_label": "TMR Camps", "icon": "camp", "color": "#34C759", "threat_level": "MEDIUM", "display_fields": [{"label": "Infrastructure", "value": "New PLA facility"}, {"label": "Area", "value": "130x115m"}]}}, {"type": "Feature", "geometry": {"type": "Point", "coordinates": [94.33222, 29.18944]}, "properties": {"id": "tmr_camps_155", "name": "Shoka La NW", "category": "TMR Camps", "category_label": "TMR Camps", "icon": "camp", "color": "#34C759", "threat_level": "MEDIUM", "display_fields": [{"label": "Infrastructure", "value": "PLA Camp - 9 sheds / shelters"}]}}, {"type": "Feature", "geometry": {"type": "Point", "coordinates": [94.336, 29.322]}, "properties": {"id": "tmr_camps_156", "name": "Chuma", "category": "TMR Camps", "category_label": "TMR Camps", "icon": "camp", "color": "#34C759", "threat_level": "MEDIUM", "display_fields": [{"label": "Infrastructure", "value": "PLA Camp"}, {"label": "Equipment", "value": "3 Vehicles"}]}}, {"type": "Feature", "geometry": {"type": "Point", "coordinates": [94.343, 29.299]}, "properties": {"id": "tmr_camps_157", "name": "Kangpalo", "category": "TMR Camps", "category_label": "TMR Camps", "icon": "camp", "color": "#34C759", "threat_level": "MEDIUM", "display_fields": [{"label": "Equipment", "value": "10 SAM / Rdr"}]}}, {"type": "Feature", "geometry": {"type": "Point", "coordinates": [94.376, 29.313]}, "properties": {"id": "tmr_camps_158", "name": "Kangka", "category": "TMR Camps", "category_label": "TMR Camps", "icon": "camp", "color": "#34C759", "threat_level": "MEDIUM", "display_fields": [{"label": "Equipment", "value": "3 Vehicles"}]}}, {"type": "Feature", "geometry": {"type": "Point", "coordinates": [94.4092, 29.2049]}, "properties": {"id": "tmr_camps_159", "name": "Pemtrong Chu Kangpalo", "category": "TMR Camps", "category_label": "TMR Camps", "icon": "camp", "color": "#34C759", "threat_level": "MEDIUM", "display_fields": [{"label": "Infrastructure", "value": "Training area"}]}}, {"type": "Feature", "geometry": {"type": "Point", "coordinates": [94.4211, 29.3342]}, "properties": {"id": "tmr_camps_160", "name": "Paka", "category": "TMR Camps", "category_label": "TMR Camps", "icon": "camp", "color": "#34C759", "threat_level": "MEDIUM", "display_fields": []}}, {"type": "Feature", "geometry": {"type": "Point", "coordinates": [94.451, 29.503]}, "properties": {"id": "tmr_camps_161", "name": "Nagiti", "category": "TMR Camps", "category_label": "TMR Camps", "icon": "camp", "color": "#34C759", "threat_level": "MEDIUM", "display_fields": [{"label": "Formation", "value": "189* M/ 81GA"}]}}, {"type": "Feature", "geometry": {"type": "Point", "coordinates": [94.4657, 29.5825]}, "properties": {"id": "tmr_camps_162", "name": "Zhenba", "category": "TMR Camps", "category_label": "TMR Camps", "icon": "camp", "color": "#34C759", "threat_level": "MEDIUM", "display_fields": [{"label": "Altitude", "value": "3113"}, {"label": "Formation", "value": "353* BDR"}, {"label": "Infrastructure", "value": "Camp 2000x800m, 14MSB, Transit?"}]}}, {"type": "Feature", "geometry": {"type": "Point", "coordinates": [94.467, 29.3]}, "properties": {"id": "tmr_camps_163", "name": "Lamdo La", "category": "TMR Camps", "category_label": "TMR Camps", "icon": "camp", "color": "#34C759", "threat_level": "MEDIUM", "display_fields": [{"label": "Infrastructure", "value": "7 sheds, 5 tents"}]}}, {"type": "Feature", "geometry": {"type": "Point", "coordinates": [94.472, 29.5635]}, "properties": {"id": "tmr_camps_164", "name": "Nagiti", "category": "TMR Camps", "category_label": "TMR Camps", "icon": "camp", "color": "#34C759", "threat_level": "MEDIUM", "display_fields": [{"label": "Infrastructure", "value": "Camp with tunnel entrance"}]}}, {"type": "Feature", "geometry": {"type": "Point", "coordinates": [94.5837, 29.4986]}, "properties": {"id": "tmr_camps_165", "name": "Temo", "category": "TMR Camps", "category_label": "TMR Camps", "icon": "camp", "color": "#34C759", "threat_level": "MEDIUM", "display_fields": [{"label": "Formation", "value": "SSF"}, {"label": "Infrastructure", "value": "9 shelters"}, {"label": "Equipment", "value": "3 antenna, 9 vehicles"}]}}, {"type": "Feature", "geometry": {"type": "Point", "coordinates": [94.632, 29.403]}, "properties": {"id": "tmr_camps_166", "name": "Chamno South", "category": "TMR Camps", "category_label": "TMR Camps", "icon": "camp", "color": "#34C759", "threat_level": "MEDIUM", "display_fields": [{"label": "Dist LAC", "value": "11"}]}}, {"type": "Feature", "geometry": {"type": "Point", "coordinates": [94.647, 29.553]}, "properties": {"id": "tmr_camps_167", "name": "Nyingchi", "category": "TMR Camps", "category_label": "TMR Camps", "icon": "camp", "color": "#34C759", "threat_level": "MEDIUM", "display_fields": [{"label": "Infrastructure", "value": "Sheds UC, 2 hard standings"}]}}, {"type": "Feature", "geometry": {"type": "Point", "coordinates": [94.6967, 29.5528]}, "properties": {"id": "tmr_camps_168", "name": "Nyingchi East", "category": "TMR Camps", "category_label": "TMR Camps", "icon": "camp", "color": "#34C759", "threat_level": "MEDIUM", "display_fields": [{"label": "Infrastructure", "value": "New construction - Nov 2023"}]}}, {"type": "Feature", "geometry": {"type": "Point", "coordinates": [94.7021, 29.5668]}, "properties": {"id": "tmr_camps_169", "name": "Nyingchi East", "category": "TMR Camps", "category_label": "TMR Camps", "icon": "camp", "color": "#34C759", "threat_level": "MEDIUM", "display_fields": [{"label": "Infrastructure", "value": "New construction - Nov 2023"}]}}, {"type": "Feature", "geometry": {"type": "Point", "coordinates": [94.812286, 36.446016]}, "properties": {"id": "tmr_camps_170", "name": "Golmud", "category": "TMR Camps", "category_label": "TMR Camps", "icon": "camp", "color": "#34C759", "threat_level": "MEDIUM", "display_fields": [{"label": "Formation", "value": "56* L"}]}}, {"type": "Feature", "geometry": {"type": "Point", "coordinates": [94.8402, 36.3539]}, "properties": {"id": "tmr_camps_171", "name": "Golmud", "category": "TMR Camps", "category_label": "TMR Camps", "icon": "camp", "color": "#34C759", "threat_level": "MEDIUM", "display_fields": [{"label": "Formation", "value": "2* Transport"}, {"label": "Infrastructure", "value": "Camp & Adm Area, 8 B"}]}}, {"type": "Feature", "geometry": {"type": "Point", "coordinates": [94.8828, 36.4054]}, "properties": {"id": "tmr_camps_172", "name": "Golmud", "category": "TMR Camps", "category_label": "TMR Camps", "icon": "camp", "color": "#34C759", "threat_level": "MEDIUM", "display_fields": [{"label": "Formation", "value": "2* Transport"}, {"label": "Infrastructure", "value": "Administration Area"}]}}, {"type": "Feature", "geometry": {"type": "Point", "coordinates": [94.98166, 29.173055]}, "properties": {"id": "tmr_camps_173", "name": "Nugong Ri", "category": "TMR Camps", "category_label": "TMR Camps", "icon": "camp", "color": "#34C759", "threat_level": "MEDIUM", "display_fields": [{"label": "Infrastructure", "value": "PLA Camp - 16 shelters"}]}}, {"type": "Feature", "geometry": {"type": "Point", "coordinates": [94.994, 35.963]}, "properties": {"id": "tmr_camps_174", "name": "Golmud South", "category": "TMR Camps", "category_label": "TMR Camps", "icon": "camp", "color": "#34C759", "threat_level": "MEDIUM", "display_fields": [{"label": "Infrastructure", "value": "14 sheds"}]}}, {"type": "Feature", "geometry": {"type": "Point", "coordinates": [95.0858, 30.105]}, "properties": {"id": "tmr_camps_175", "name": "Tongmi", "category": "TMR Camps", "category_label": "TMR Camps", "icon": "camp", "color": "#34C759", "threat_level": "MEDIUM", "display_fields": [{"label": "Infrastructure", "value": "7 sheds"}, {"label": "Equipment", "value": "6 V"}]}}, {"type": "Feature", "geometry": {"type": "Point", "coordinates": [95.098333, 29.21305]}, "properties": {"id": "tmr_camps_176", "name": "Mowang", "category": "TMR Camps", "category_label": "TMR Camps", "icon": "camp", "color": "#34C759", "threat_level": "MEDIUM", "display_fields": [{"label": "Infrastructure", "value": "PLA Camp - 9 sheds / shelters"}]}}, {"type": "Feature", "geometry": {"type": "Point", "coordinates": [95.136389, 29.175833]}, "properties": {"id": "tmr_camps_177", "name": "Tirkang", "category": "TMR Camps", "category_label": "TMR Camps", "icon": "camp", "color": "#34C759", "threat_level": "MEDIUM", "display_fields": [{"label": "Infrastructure", "value": "PLA Camp, twin helipad"}, {"label": "Dist LAC", "value": "9"}]}}, {"type": "Feature", "geometry": {"type": "Point", "coordinates": [95.153, 29.199]}, "properties": {"id": "tmr_camps_178", "name": "Giling", "category": "TMR Camps", "category_label": "TMR Camps", "icon": "camp", "color": "#34C759", "threat_level": "MEDIUM", "display_fields": [{"label": "Infrastructure", "value": "PLA Camp, 5 sheds"}]}}, {"type": "Feature", "geometry": {"type": "Point", "coordinates": [95.16822, 29.21346]}, "properties": {"id": "tmr_camps_179", "name": "Giling", "category": "TMR Camps", "category_label": "TMR Camps", "icon": "camp", "color": "#34C759", "threat_level": "MEDIUM", "display_fields": [{"label": "Formation", "value": "Earlier 189* M-CAB"}, {"label": "Infrastructure", "value": "16 shed, 2 helipad"}, {"label": "Equipment", "value": "ZTL11, Light Armoured Vehicles"}, {"label": "Area", "value": "8638 sq m"}, {"label": "Dist LAC", "value": "11"}]}}, {"type": "Feature", "geometry": {"type": "Point", "coordinates": [95.16833, 29.24277]}, "properties": {"id": "tmr_camps_180", "name": "Bipung", "category": "TMR Camps", "category_label": "TMR Camps", "icon": "camp", "color": "#34C759", "threat_level": "MEDIUM", "display_fields": [{"label": "Infrastructure", "value": "7 S, 2 helipads, 1 firing range"}]}}, {"type": "Feature", "geometry": {"type": "Point", "coordinates": [95.1706, 29.3253]}, "properties": {"id": "tmr_camps_181", "name": "Bipung", "category": "TMR Camps", "category_label": "TMR Camps", "icon": "camp", "color": "#34C759", "threat_level": "MEDIUM", "display_fields": [{"label": "Formation", "value": "CABn (Earlier 189* M-CAB)"}]}}, {"type": "Feature", "geometry": {"type": "Point", "coordinates": [95.1763, 29.2451]}, "properties": {"id": "tmr_camps_182", "name": "Bipung", "category": "TMR Camps", "category_label": "TMR Camps", "icon": "camp", "color": "#34C759", "threat_level": "MEDIUM", "display_fields": [{"label": "Formation", "value": "MIB 352 BDR?"}, {"label": "Equipment", "value": "40 vehicles"}]}}, {"type": "Feature", "geometry": {"type": "Point", "coordinates": [95.3161, 29.3148]}, "properties": {"id": "tmr_camps_183", "name": "Meto", "category": "TMR Camps", "category_label": "TMR Camps", "icon": "camp", "color": "#34C759", "threat_level": "MEDIUM", "display_fields": [{"label": "Infrastructure", "value": "5 sheds"}]}}, {"type": "Feature", "geometry": {"type": "Point", "coordinates": [95.3351, 29.3279]}, "properties": {"id": "tmr_camps_184", "name": "Meto", "category": "TMR Camps", "category_label": "TMR Camps", "icon": "camp", "color": "#34C759", "threat_level": "MEDIUM", "display_fields": [{"label": "Formation", "value": "352 BDR"}]}}, {"type": "Feature", "geometry": {"type": "Point", "coordinates": [95.3501, 29.1775]}, "properties": {"id": "tmr_camps_185", "name": "Kangri Karpo La", "category": "TMR Camps", "category_label": "TMR Camps", "icon": "camp", "color": "#34C759", "threat_level": "MEDIUM", "display_fields": [{"label": "Infrastructure", "value": "3 sheds"}]}}, {"type": "Feature", "geometry": {"type": "Point", "coordinates": [95.4506, 29.5061]}, "properties": {"id": "tmr_camps_186", "name": "Medog", "category": "TMR Camps", "category_label": "TMR Camps", "icon": "camp", "color": "#34C759", "threat_level": "MEDIUM", "display_fields": [{"label": "Dist LAC", "value": "30"}]}}, {"type": "Feature", "geometry": {"type": "Point", "coordinates": [95.4691, 29.1372]}, "properties": {"id": "tmr_camps_187", "name": "Zikyen La", "category": "TMR Camps", "category_label": "TMR Camps", "icon": "camp", "color": "#34C759", "threat_level": "MEDIUM", "display_fields": [{"label": "Formation", "value": "SOF? / BD Recce?"}, {"label": "Infrastructure", "value": "PLA Camp"}]}}, {"type": "Feature", "geometry": {"type": "Point", "coordinates": [95.4846, 29.1914]}, "properties": {"id": "tmr_camps_188", "name": "Zikyen La", "category": "TMR Camps", "category_label": "TMR Camps", "icon": "camp", "color": "#34C759", "threat_level": "MEDIUM", "display_fields": [{"label": "Infrastructure", "value": "post"}]}}, {"type": "Feature", "geometry": {"type": "Point", "coordinates": [95.575, 29.219]}, "properties": {"id": "tmr_camps_189", "name": "Zikyen La", "category": "TMR Camps", "category_label": "TMR Camps", "icon": "camp", "color": "#34C759", "threat_level": "MEDIUM", "display_fields": [{"label": "Infrastructure", "value": "PLA Camp"}]}}, {"type": "Feature", "geometry": {"type": "Point", "coordinates": [95.676, 29.443]}, "properties": {"id": "tmr_camps_190", "name": "Shingki Gompa", "category": "TMR Camps", "category_label": "TMR Camps", "icon": "camp", "color": "#34C759", "threat_level": "MEDIUM", "display_fields": [{"label": "Infrastructure", "value": "PLA Camp, 3 helipads"}]}}, {"type": "Feature", "geometry": {"type": "Point", "coordinates": [95.7558, 29.8613]}, "properties": {"id": "tmr_camps_191", "name": "Kendrang", "category": "TMR Camps", "category_label": "TMR Camps", "icon": "camp", "color": "#34C759", "threat_level": "MEDIUM", "display_fields": [{"label": "Infrastructure", "value": "PLA Camp"}, {"label": "Equipment", "value": "32 V"}]}}, {"type": "Feature", "geometry": {"type": "Point", "coordinates": [96.111, 29.474]}, "properties": {"id": "tmr_camps_192", "name": "Neche", "category": "TMR Camps", "category_label": "TMR Camps", "icon": "camp", "color": "#34C759", "threat_level": "MEDIUM", "display_fields": []}}, {"type": "Feature", "geometry": {"type": "Point", "coordinates": [96.3623, 29.2077]}, "properties": {"id": "tmr_camps_193", "name": "Neche / Aqui La", "category": "TMR Camps", "category_label": "TMR Camps", "icon": "camp", "color": "#34C759", "threat_level": "MEDIUM", "display_fields": [{"label": "Infrastructure", "value": "2 helipads"}]}}, {"type": "Feature", "geometry": {"type": "Point", "coordinates": [96.3749, 28.6425]}, "properties": {"id": "tmr_camps_194", "name": "Longju", "category": "TMR Camps", "category_label": "TMR Camps", "icon": "camp", "color": "#34C759", "threat_level": "MEDIUM", "display_fields": [{"label": "Infrastructure", "value": "6 S"}]}}, {"type": "Feature", "geometry": {"type": "Point", "coordinates": [96.4889, 29.0978]}, "properties": {"id": "tmr_camps_195", "name": "Neche", "category": "TMR Camps", "category_label": "TMR Camps", "icon": "camp", "color": "#34C759", "threat_level": "MEDIUM", "display_fields": []}}, {"type": "Feature", "geometry": {"type": "Point", "coordinates": [96.492, 29.085]}, "properties": {"id": "tmr_camps_196", "name": "Neche", "category": "TMR Camps", "category_label": "TMR Camps", "icon": "camp", "color": "#34C759", "threat_level": "MEDIUM", "display_fields": [{"label": "Infrastructure", "value": "Transit facility"}, {"label": "Road", "value": "G219"}]}}, {"type": "Feature", "geometry": {"type": "Point", "coordinates": [96.664, 28.66]}, "properties": {"id": "tmr_camps_197", "name": "Hadika Dakhru", "category": "TMR Camps", "category_label": "TMR Camps", "icon": "camp", "color": "#34C759", "threat_level": "MEDIUM", "display_fields": []}}, {"type": "Feature", "geometry": {"type": "Point", "coordinates": [96.7077, 28.8334]}, "properties": {"id": "tmr_camps_198", "name": "Rongyu", "category": "TMR Camps", "category_label": "TMR Camps", "icon": "camp", "color": "#34C759", "threat_level": "MEDIUM", "display_fields": []}}, {"type": "Feature", "geometry": {"type": "Point", "coordinates": [96.72376, 28.77968]}, "properties": {"id": "tmr_camps_199", "name": "Alupu", "category": "TMR Camps", "category_label": "TMR Camps", "icon": "camp", "color": "#34C759", "threat_level": "MEDIUM", "display_fields": [{"label": "Formation", "value": "42* L-CAB"}, {"label": "Infrastructure", "value": "3 CABns?, 21B/S"}, {"label": "Dist LAC", "value": "13"}, {"label": "Apple", "value": "Yes"}]}}, {"type": "Feature", "geometry": {"type": "Point", "coordinates": [96.7239, 28.786]}, "properties": {"id": "tmr_camps_200", "name": "Shang Zayu SE", "category": "TMR Camps", "category_label": "TMR Camps", "icon": "camp", "color": "#34C759", "threat_level": "MEDIUM", "display_fields": [{"label": "Formation", "value": "42* L / 122*M"}, {"label": "Infrastructure", "value": "2 circular plinths"}]}}, {"type": "Feature", "geometry": {"type": "Point", "coordinates": [96.7539, 29.5067]}, "properties": {"id": "tmr_camps_201", "name": "Rau", "category": "TMR Camps", "category_label": "TMR Camps", "icon": "camp", "color": "#34C759", "threat_level": "MEDIUM", "display_fields": [{"label": "Infrastructure", "value": "Logistics Facility"}, {"label": "Dist LAC", "value": "63"}]}}, {"type": "Feature", "geometry": {"type": "Point", "coordinates": [96.776, 28.727]}, "properties": {"id": "tmr_camps_202", "name": "Mugu", "category": "TMR Camps", "category_label": "TMR Camps", "icon": "camp", "color": "#34C759", "threat_level": "MEDIUM", "display_fields": [{"label": "Formation", "value": "Bn 351* BDR"}]}}, {"type": "Feature", "geometry": {"type": "Point", "coordinates": [96.7793, 28.7249]}, "properties": {"id": "tmr_camps_203", "name": "Mugu North", "category": "TMR Camps", "category_label": "TMR Camps", "icon": "camp", "color": "#34C759", "threat_level": "MEDIUM", "display_fields": [{"label": "Formation", "value": "351* BDR"}, {"label": "Infrastructure", "value": "4 barracks"}, {"label": "Dist LAC", "value": "13"}]}}, {"type": "Feature", "geometry": {"type": "Point", "coordinates": [96.853, 29.432]}, "properties": {"id": "tmr_camps_204", "name": "Maitong", "category": "TMR Camps", "category_label": "TMR Camps", "icon": "camp", "color": "#34C759", "threat_level": "MEDIUM", "display_fields": [{"label": "Infrastructure", "value": "Logistics elements"}]}}, {"type": "Feature", "geometry": {"type": "Point", "coordinates": [96.8571, 28.5014]}, "properties": {"id": "tmr_camps_205", "name": "Galai Takrui", "category": "TMR Camps", "category_label": "TMR Camps", "icon": "camp", "color": "#34C759", "threat_level": "MEDIUM", "display_fields": [{"label": "Infrastructure", "value": "Tents, under construction"}]}}, {"type": "Feature", "geometry": {"type": "Point", "coordinates": [96.8789, 29.4479]}, "properties": {"id": "tmr_camps_206", "name": "Rawu SE", "category": "TMR Camps", "category_label": "TMR Camps", "icon": "camp", "color": "#34C759", "threat_level": "MEDIUM", "display_fields": [{"label": "Infrastructure", "value": "Logistics Node"}]}}, {"type": "Feature", "geometry": {"type": "Point", "coordinates": [96.8803, 29.4514]}, "properties": {"id": "tmr_camps_207", "name": "Rawu SE", "category": "TMR Camps", "category_label": "TMR Camps", "icon": "camp", "color": "#34C759", "threat_level": "MEDIUM", "display_fields": [{"label": "Infrastructure", "value": "Logistics Node"}, {"label": "Equipment", "value": ">15 vehicles"}]}}, {"type": "Feature", "geometry": {"type": "Point", "coordinates": [97.0109, 28.357]}, "properties": {"id": "tmr_camps_208", "name": "Tatu", "category": "TMR Camps", "category_label": "TMR Camps", "icon": "camp", "color": "#34C759", "threat_level": "MEDIUM", "display_fields": [{"label": "Infrastructure", "value": "2B"}]}}, {"type": "Feature", "geometry": {"type": "Point", "coordinates": [97.0117, 28.3671]}, "properties": {"id": "tmr_camps_209", "name": "Tatu North", "category": "TMR Camps", "category_label": "TMR Camps", "icon": "camp", "color": "#34C759", "threat_level": "MEDIUM", "display_fields": [{"label": "Formation", "value": "351* BDR"}, {"label": "Infrastructure", "value": "PLA BDR Camp"}]}}, {"type": "Feature", "geometry": {"type": "Point", "coordinates": [97.0267, 28.4755]}, "properties": {"id": "tmr_camps_210", "name": "Chittu NW", "category": "TMR Camps", "category_label": "TMR Camps", "icon": "camp", "color": "#34C759", "threat_level": "MEDIUM", "display_fields": [{"label": "Formation", "value": "42* L"}, {"label": "Dist LAC", "value": "15"}]}}, {"type": "Feature", "geometry": {"type": "Point", "coordinates": [97.0307, 28.4577]}, "properties": {"id": "tmr_camps_211", "name": "Chitthu/ Mendi", "category": "TMR Camps", "category_label": "TMR Camps", "icon": "camp", "color": "#34C759", "threat_level": "MEDIUM", "display_fields": [{"label": "Formation", "value": "42* L"}, {"label": "Infrastructure", "value": "16 sheds, Rima Tato Bowl Logistics"}, {"label": "Equipment", "value": "20 vehicles"}]}}, {"type": "Feature", "geometry": {"type": "Point", "coordinates": [97.043, 28.45]}, "properties": {"id": "tmr_camps_212", "name": "Mendi", "category": "TMR Camps", "category_label": "TMR Camps", "icon": "camp", "color": "#34C759", "threat_level": "MEDIUM", "display_fields": [{"label": "Formation", "value": "42* L"}, {"label": "Equipment", "value": "16 flatbed trailers"}]}}, {"type": "Feature", "geometry": {"type": "Point", "coordinates": [97.0465, 28.4374]}, "properties": {"id": "tmr_camps_213", "name": "Chitthu", "category": "TMR Camps", "category_label": "TMR Camps", "icon": "camp", "color": "#34C759", "threat_level": "MEDIUM", "display_fields": [{"label": "Formation", "value": "42* L"}]}}, {"type": "Feature", "geometry": {"type": "Point", "coordinates": [97.062, 28.45]}, "properties": {"id": "tmr_camps_214", "name": "Tithang", "category": "TMR Camps", "category_label": "TMR Camps", "icon": "camp", "color": "#34C759", "threat_level": "MEDIUM", "display_fields": [{"label": "Formation", "value": "351* BDR"}]}}, {"type": "Feature", "geometry": {"type": "Point", "coordinates": [97.0838, 30.6077]}, "properties": {"id": "tmr_camps_215", "name": "Pangta", "category": "TMR Camps", "category_label": "TMR Camps", "icon": "camp", "color": "#34C759", "threat_level": "MEDIUM", "display_fields": [{"label": "Formation", "value": "PLAAF Qamdo Base"}, {"label": "Infrastructure", "value": "PLA Camp - 62 MSB, 5 basketball courts, 1 sports ground"}]}}, {"type": "Feature", "geometry": {"type": "Point", "coordinates": [97.1558, 31.1629]}, "properties": {"id": "tmr_camps_216", "name": "Qamdo", "category": "TMR Camps", "category_label": "TMR Camps", "icon": "camp", "color": "#34C759", "threat_level": "MEDIUM", "display_fields": [{"label": "Formation", "value": "150*L/77GA"}, {"label": "Infrastructure", "value": "SA Firing Range (320x50m)"}]}}, {"type": "Feature", "geometry": {"type": "Point", "coordinates": [97.1568, 31.1501]}, "properties": {"id": "tmr_camps_217", "name": "Qamdo", "category": "TMR Camps", "category_label": "TMR Camps", "icon": "camp", "color": "#34C759", "threat_level": "MEDIUM", "display_fields": [{"label": "Formation", "value": "150*L/77GA"}, {"label": "Infrastructure", "value": "PLA Camp - 9 MSB, 31 S, 1 Helipad"}]}}, {"type": "Feature", "geometry": {"type": "Point", "coordinates": [97.177, 31.1658]}, "properties": {"id": "tmr_camps_218", "name": "Qamdo", "category": "TMR Camps", "category_label": "TMR Camps", "icon": "camp", "color": "#34C759", "threat_level": "MEDIUM", "display_fields": [{"label": "Altitude", "value": "3523"}, {"label": "Formation", "value": "150*L/77GA"}, {"label": "Infrastructure", "value": "PLA Garrison- 19 MSBs, 54 sheds"}, {"label": "Equipment", "value": "250 vehicles"}, {"label": "Road", "value": "G317"}, {"label": "Dist LAC", "value": "220"}, {"label": "Apple", "value": "Yes"}, {"label": "Prefecture", "value": "Qamdo"}, {"label": "LSS Support", "value": "3rd layer"}, {"label": "River", "value": "Mekong"}]}}, {"type": "Feature", "geometry": {"type": "Point", "coordinates": [97.1782, 31.1665]}, "properties": {"id": "tmr_camps_219", "name": "Qamdo", "category": "TMR Camps", "category_label": "TMR Camps", "icon": "camp", "color": "#34C759", "threat_level": "MEDIUM", "display_fields": [{"label": "Altitude", "value": "3523"}, {"label": "Formation", "value": "150*L/77GA"}, {"label": "Infrastructure", "value": "PLA Garrison"}, {"label": "Equipment", "value": "83 vehicles"}, {"label": "Road", "value": "G317"}, {"label": "Dist LAC", "value": "220"}, {"label": "Apple", "value": "Yes"}, {"label": "Prefecture", "value": "Qamdo"}, {"label": "LSS Support", "value": "3rd layer"}, {"label": "River", "value": "Mekong"}]}}, {"type": "Feature", "geometry": {"type": "Point", "coordinates": [97.1814, 31.1477]}, "properties": {"id": "tmr_camps_220", "name": "Qamdo", "category": "TMR Camps", "category_label": "TMR Camps", "icon": "camp", "color": "#34C759", "threat_level": "MEDIUM", "display_fields": [{"label": "Altitude", "value": "3523"}, {"label": "Formation", "value": "150*L/77GA"}, {"label": "Infrastructure", "value": "PLA Garrison- 31 sheds"}, {"label": "Equipment", "value": "78 vehicles"}]}}, {"type": "Feature", "geometry": {"type": "Point", "coordinates": [97.186, 21.208]}, "properties": {"id": "tmr_camps_221", "name": "Qamdo North", "category": "TMR Camps", "category_label": "TMR Camps", "icon": "camp", "color": "#34C759", "threat_level": "MEDIUM", "display_fields": [{"label": "Formation", "value": "150* L/77GA"}, {"label": "Infrastructure", "value": "PLA Garrison"}]}}, {"type": "Feature", "geometry": {"type": "Point", "coordinates": [97.1976, 29.1601]}, "properties": {"id": "tmr_camps_222", "name": "Goyu", "category": "TMR Camps", "category_label": "TMR Camps", "icon": "camp", "color": "#34C759", "threat_level": "MEDIUM", "display_fields": [{"label": "Formation", "value": "42* L/ 75 GA"}, {"label": "Infrastructure", "value": "<300 tents, 2 helipads, communication tenches"}, {"label": "Equipment", "value": ">400 vehicles"}]}}, {"type": "Feature", "geometry": {"type": "Point", "coordinates": [97.20593, 29.15697]}, "properties": {"id": "tmr_camps_223", "name": "Goyu", "category": "TMR Camps", "category_label": "TMR Camps", "icon": "camp", "color": "#34C759", "threat_level": "MEDIUM", "display_fields": [{"label": "Formation", "value": "42* L/ 75 GA"}]}}, {"type": "Feature", "geometry": {"type": "Point", "coordinates": [97.2163, 31.1375]}, "properties": {"id": "tmr_camps_224", "name": "Qamdo", "category": "TMR Camps", "category_label": "TMR Camps", "icon": "camp", "color": "#34C759", "threat_level": "MEDIUM", "display_fields": [{"label": "Formation", "value": "150* L/77GA"}, {"label": "Infrastructure", "value": "PLA Garrison- 13 MSBs, tunnel portal, 6 sheds"}]}}, {"type": "Feature", "geometry": {"type": "Point", "coordinates": [97.221, 28.601956]}, "properties": {"id": "tmr_camps_225", "name": "Zayu / Cham Rito East", "category": "TMR Camps", "category_label": "TMR Camps", "icon": "camp", "color": "#34C759", "threat_level": "MEDIUM", "display_fields": [{"label": "Formation", "value": "Earlier 42* L/ 75 GA"}, {"label": "Infrastructure", "value": "PLA Garrison"}, {"label": "Apple", "value": "Yes"}]}}, {"type": "Feature", "geometry": {"type": "Point", "coordinates": [97.8477, 29.6678]}, "properties": {"id": "tmr_camps_226", "name": "Zoqang", "category": "TMR Camps", "category_label": "TMR Camps", "icon": "camp", "color": "#34C759", "threat_level": "MEDIUM", "display_fields": [{"label": "Equipment", "value": ">40 vehicles"}, {"label": "Road", "value": "G318"}, {"label": "Dist LAC", "value": "154"}]}}, {"type": "Feature", "geometry": {"type": "Point", "coordinates": [100.21666, 29.988333]}, "properties": {"id": "tmr_camps_227", "name": "Litang", "category": "TMR Camps", "category_label": "TMR Camps", "icon": "camp", "color": "#34C759", "threat_level": "MEDIUM", "display_fields": [{"label": "Infrastructure", "value": "PLA Camp - 14S, 4 helipads"}]}}, {"type": "Feature", "geometry": {"type": "Point", "coordinates": [100.25416, 29.982777]}, "properties": {"id": "tmr_camps_228", "name": "Litang", "category": "TMR Camps", "category_label": "TMR Camps", "icon": "camp", "color": "#34C759", "threat_level": "MEDIUM", "display_fields": [{"label": "Infrastructure", "value": "PLA Camp UC"}]}}, {"type": "Feature", "geometry": {"type": "Point", "coordinates": [93.335687, 38.734405]}, "properties": {"id": "wtc_camps_001", "name": "Lenghuzhen", "category": "WTC Camps", "category_label": "WTC Camps", "icon": "camp", "color": "#34C759", "threat_level": "MEDIUM", "display_fields": [{"label": "Alternate", "value": "Huatugou NE"}, {"label": "Infrastructure", "value": "4-5 camps"}, {"label": "Road", "value": "G215"}]}}, {"type": "Feature", "geometry": {"type": "Point", "coordinates": [93.4676, 42.8329]}, "properties": {"id": "wtc_camps_002", "name": "Hami", "category": "WTC Camps", "category_label": "WTC Camps", "icon": "camp", "color": "#34C759", "threat_level": "MEDIUM", "display_fields": [{"label": "Formation", "value": "149* H-CAB/76 GA"}, {"label": "Infrastructure", "value": "Permanent Garrison"}, {"label": "Equipment", "value": ">525 V"}]}}, {"type": "Feature", "geometry": {"type": "Point", "coordinates": [93.487, 42.935]}, "properties": {"id": "wtc_camps_003", "name": "Hami", "category": "WTC Camps", "category_label": "WTC Camps", "icon": "camp", "color": "#34C759", "threat_level": "MEDIUM", "display_fields": [{"label": "Formation", "value": "149* H-CAB/76 GA"}, {"label": "Equipment", "value": ">90 vehicles"}]}}, {"type": "Feature", "geometry": {"type": "Point", "coordinates": [93.49, 42.8849]}, "properties": {"id": "wtc_camps_004", "name": "Hami", "category": "WTC Camps", "category_label": "WTC Camps", "icon": "camp", "color": "#34C759", "threat_level": "MEDIUM", "display_fields": [{"label": "Formation", "value": "149* H-CAB/76 GA"}, {"label": "Infrastructure", "value": "Permanent Garrison"}, {"label": "Equipment", "value": ">260 vehciles"}]}}, {"type": "Feature", "geometry": {"type": "Point", "coordinates": [93.5257, 42.9361]}, "properties": {"id": "wtc_camps_005", "name": "Hami", "category": "WTC Camps", "category_label": "WTC Camps", "icon": "camp", "color": "#34C759", "threat_level": "MEDIUM", "display_fields": [{"label": "Formation", "value": "149* H-CAB/76 GA"}, {"label": "Equipment", "value": ">150 vehicles"}]}}, {"type": "Feature", "geometry": {"type": "Point", "coordinates": [94.8125, 36.4475]}, "properties": {"id": "wtc_camps_006", "name": "Golmud", "category": "WTC Camps", "category_label": "WTC Camps", "icon": "camp", "color": "#34C759", "threat_level": "MEDIUM", "display_fields": [{"label": "Formation", "value": "56* L-CAB/ 76 GA"}, {"label": "Infrastructure", "value": "Permanent Garrison"}, {"label": "Equipment", "value": ">90 vehicles"}]}}, {"type": "Feature", "geometry": {"type": "Point", "coordinates": [94.894, 36.424]}, "properties": {"id": "wtc_camps_007", "name": "Golmud", "category": "WTC Camps", "category_label": "WTC Camps", "icon": "camp", "color": "#34C759", "threat_level": "MEDIUM", "display_fields": [{"label": "Formation", "value": "56* L-CAB/ 76 GA"}, {"label": "Infrastructure", "value": "Permanent Garrison"}, {"label": "Equipment", "value": ">144 vehicles"}]}}, {"type": "Feature", "geometry": {"type": "Point", "coordinates": [98.2349, 39.8165]}, "properties": {"id": "wtc_camps_008", "name": "Jiuquan", "category": "WTC Camps", "category_label": "WTC Camps", "icon": "camp", "color": "#34C759", "threat_level": "MEDIUM", "display_fields": [{"label": "Formation", "value": "62* H-CAB/ 76 GA"}]}}, {"type": "Feature", "geometry": {"type": "Point", "coordinates": [98.2374, 39.8129]}, "properties": {"id": "wtc_camps_009", "name": "Jiuquan", "category": "WTC Camps", "category_label": "WTC Camps", "icon": "camp", "color": "#34C759", "threat_level": "MEDIUM", "display_fields": [{"label": "Formation", "value": "62* H-CAB/ 76 GA"}, {"label": "Equipment", "value": "256 vehicles"}]}}, {"type": "Feature", "geometry": {"type": "Point", "coordinates": [98.256, 39.779]}, "properties": {"id": "wtc_camps_010", "name": "Jiuquan", "category": "WTC Camps", "category_label": "WTC Camps", "icon": "camp", "color": "#34C759", "threat_level": "MEDIUM", "display_fields": [{"label": "Formation", "value": "62* H-CAB/ 76 GA"}, {"label": "Equipment", "value": "64 A Vehicles, 116 B Vehicles"}]}}, {"type": "Feature", "geometry": {"type": "Point", "coordinates": [98.2562, 39.7818]}, "properties": {"id": "wtc_camps_011", "name": "Jiuquan", "category": "WTC Camps", "category_label": "WTC Camps", "icon": "camp", "color": "#34C759", "threat_level": "MEDIUM", "display_fields": [{"label": "Formation", "value": "62* H-CAB/ 76 GA"}]}}, {"type": "Feature", "geometry": {"type": "Point", "coordinates": [98.3258, 39.6384]}, "properties": {"id": "wtc_camps_012", "name": "Jiuquan", "category": "WTC Camps", "category_label": "WTC Camps", "icon": "camp", "color": "#34C759", "threat_level": "MEDIUM", "display_fields": [{"label": "Equipment", "value": ">500V"}]}}, {"type": "Feature", "geometry": {"type": "Point", "coordinates": [98.3385, 39.6455]}, "properties": {"id": "wtc_camps_013", "name": "Jiuquan", "category": "WTC Camps", "category_label": "WTC Camps", "icon": "camp", "color": "#34C759", "threat_level": "MEDIUM", "display_fields": [{"label": "Formation", "value": "12* & 62* H-CAB/ 76 GA"}]}}, {"type": "Feature", "geometry": {"type": "Point", "coordinates": [98.3433, 36.6498]}, "properties": {"id": "wtc_camps_014", "name": "Jiuquan", "category": "WTC Camps", "category_label": "WTC Camps", "icon": "camp", "color": "#34C759", "threat_level": "MEDIUM", "display_fields": [{"label": "Formation", "value": "12* H-CAB"}]}}, {"type": "Feature", "geometry": {"type": "Point", "coordinates": [100.0286, 39.1663]}, "properties": {"id": "wtc_camps_015", "name": "Linze", "category": "WTC Camps", "category_label": "WTC Camps", "icon": "camp", "color": "#34C759", "threat_level": "MEDIUM", "display_fields": [{"label": "Formation", "value": "139* H-CAB/77 GA"}, {"label": "Equipment", "value": ">135V"}]}}, {"type": "Feature", "geometry": {"type": "Point", "coordinates": [100.1677, 39.1379]}, "properties": {"id": "wtc_camps_016", "name": "Linze", "category": "WTC Camps", "category_label": "WTC Camps", "icon": "camp", "color": "#34C759", "threat_level": "MEDIUM", "display_fields": [{"label": "Formation", "value": "LRRB"}]}}, {"type": "Feature", "geometry": {"type": "Point", "coordinates": [100.184, 33.595]}, "properties": {"id": "wtc_camps_017", "name": "Gonghe North West", "category": "WTC Camps", "category_label": "WTC Camps", "icon": "camp", "color": "#34C759", "threat_level": "MEDIUM", "display_fields": [{"label": "Dist LAC", "value": "605"}]}}, {"type": "Feature", "geometry": {"type": "Point", "coordinates": [101.54932, 36.44039]}, "properties": {"id": "wtc_camps_018", "name": "Shangxingzhuang", "category": "WTC Camps", "category_label": "WTC Camps", "icon": "camp", "color": "#34C759", "threat_level": "MEDIUM", "display_fields": [{"label": "Formation", "value": "182* L-CAB/76 GA"}, {"label": "Infrastructure", "value": "Vehicle Training Area"}]}}, {"type": "Feature", "geometry": {"type": "Point", "coordinates": [101.55485, 36.44592]}, "properties": {"id": "wtc_camps_019", "name": "Shangxingzhuang", "category": "WTC Camps", "category_label": "WTC Camps", "icon": "camp", "color": "#34C759", "threat_level": "MEDIUM", "display_fields": [{"label": "Formation", "value": "182* L-CAB/76 GA"}]}}, {"type": "Feature", "geometry": {"type": "Point", "coordinates": [100.23, 33.258]}, "properties": {"id": "wtc_camps_020", "name": "Gonghe North West", "category": "WTC Camps", "category_label": "WTC Camps", "icon": "camp", "color": "#34C759", "threat_level": "MEDIUM", "display_fields": [{"label": "Dist LAC", "value": "605"}]}}, {"type": "Feature", "geometry": {"type": "Point", "coordinates": [101.8507, 36.5641]}, "properties": {"id": "wtc_camps_021", "name": "Xining", "category": "WTC Camps", "category_label": "WTC Camps", "icon": "camp", "color": "#34C759", "threat_level": "MEDIUM", "display_fields": [{"label": "Formation", "value": "76 GA"}, {"label": "Infrastructure", "value": "10 B, >10 MSB, 1 Firing Range"}]}}, {"type": "Feature", "geometry": {"type": "Point", "coordinates": [103.2018, 35.5856]}, "properties": {"id": "wtc_camps_022", "name": "Linxia", "category": "WTC Camps", "category_label": "WTC Camps", "icon": "camp", "color": "#34C759", "threat_level": "MEDIUM", "display_fields": [{"label": "Formation", "value": "76 GA AD Brigade"}]}}, {"type": "Feature", "geometry": {"type": "Point", "coordinates": [103.6562, 30.6745]}, "properties": {"id": "wtc_camps_023", "name": "Dayi, Chengdu", "category": "WTC Camps", "category_label": "WTC Camps", "icon": "camp", "color": "#34C759", "threat_level": "MEDIUM", "display_fields": [{"label": "Formation", "value": "76 GA Artillery Brigade"}, {"label": "Equipment", "value": ">105 V, 8 GTV"}]}}, {"type": "Feature", "geometry": {"type": "Point", "coordinates": [103.9688, 29.1588]}, "properties": {"id": "wtc_camps_024", "name": "Qianwei", "category": "WTC Camps", "category_label": "WTC Camps", "icon": "camp", "color": "#34C759", "threat_level": "MEDIUM", "display_fields": [{"label": "Formation", "value": "181* M-CAB/77 GA"}, {"label": "Infrastructure", "value": "2 CABn, 2 Support Bn"}]}}, {"type": "Feature", "geometry": {"type": "Point", "coordinates": [103.995, 31.13638]}, "properties": {"id": "wtc_camps_025", "name": "Shifang", "category": "WTC Camps", "category_label": "WTC Camps", "icon": "camp", "color": "#34C759", "threat_level": "MEDIUM", "display_fields": [{"label": "Formation", "value": "139* H-CAB/77 GA"}, {"label": "Infrastructure", "value": "38 Container, 5 B, 15 S"}, {"label": "Dist LAC", "value": "720"}]}}, {"type": "Feature", "geometry": {"type": "Point", "coordinates": [104.00472, 31.13194]}, "properties": {"id": "wtc_camps_026", "name": "Shifang", "category": "WTC Camps", "category_label": "WTC Camps", "icon": "camp", "color": "#34C759", "threat_level": "MEDIUM", "display_fields": [{"label": "Formation", "value": "139* H-CAB/77 GA"}, {"label": "Infrastructure", "value": "29 B, 17 S"}, {"label": "Dist LAC", "value": "720"}]}}, {"type": "Feature", "geometry": {"type": "Point", "coordinates": [104.015, 31.15361]}, "properties": {"id": "wtc_camps_027", "name": "Shifang", "category": "WTC Camps", "category_label": "WTC Camps", "icon": "camp", "color": "#34C759", "threat_level": "MEDIUM", "display_fields": [{"label": "Formation", "value": "139* H-CAB/77 GA"}, {"label": "Infrastructure", "value": "76 B, 141 S, 2 Training Area"}]}}, {"type": "Feature", "geometry": {"type": "Point", "coordinates": [104.02, 31.1511]}, "properties": {"id": "wtc_camps_028", "name": "Shifang", "category": "WTC Camps", "category_label": "WTC Camps", "icon": "camp", "color": "#34C759", "threat_level": "MEDIUM", "display_fields": [{"label": "Formation", "value": "77* SOF"}]}}, {"type": "Feature", "geometry": {"type": "Point", "coordinates": [104.021, 31.155]}, "properties": {"id": "wtc_camps_029", "name": "Shifang", "category": "WTC Camps", "category_label": "WTC Camps", "icon": "camp", "color": "#34C759", "threat_level": "MEDIUM", "display_fields": [{"label": "Formation", "value": "139* H-CAB/77 GA"}, {"label": "Infrastructure", "value": "118 vehicles"}]}}, {"type": "Feature", "geometry": {"type": "Point", "coordinates": [104.3515, 31.2946]}, "properties": {"id": "wtc_camps_030", "name": "Mianyang", "category": "WTC Camps", "category_label": "WTC Camps", "icon": "camp", "color": "#34C759", "threat_level": "MEDIUM", "display_fields": [{"label": "Formation", "value": "77 GA AD Brigade"}, {"label": "Equipment", "value": "HQ16A, HQ7, Type 90 AAG"}]}}, {"type": "Feature", "geometry": {"type": "Point", "coordinates": [105.0988, 37.5037]}, "properties": {"id": "wtc_camps_031", "name": "Zhongwei", "category": "WTC Camps", "category_label": "WTC Camps", "icon": "camp", "color": "#34C759", "threat_level": "MEDIUM", "display_fields": [{"label": "Formation", "value": "76 GA Artillery Brigade"}]}}, {"type": "Feature", "geometry": {"type": "Point", "coordinates": [106.1933, 29.4356]}, "properties": {"id": "wtc_camps_032", "name": "Bishan", "category": "WTC Camps", "category_label": "WTC Camps", "icon": "camp", "color": "#34C759", "threat_level": "MEDIUM", "display_fields": [{"label": "Formation", "value": "39* H-CAB/ 77 GA"}]}}, {"type": "Feature", "geometry": {"type": "Point", "coordinates": [106.223, 29.602]}, "properties": {"id": "wtc_camps_033", "name": "Bishan", "category": "WTC Camps", "category_label": "WTC Camps", "icon": "camp", "color": "#34C759", "threat_level": "MEDIUM", "display_fields": [{"label": "Formation", "value": "39* H-CAB/ 77 GA"}]}}, {"type": "Feature", "geometry": {"type": "Point", "coordinates": [73.5398, 35.2927]}, "properties": {"id": "xmr_camps_001", "name": "Tianshuihai", "category": "XMR Camps", "category_label": "XMR Camps", "icon": "camp", "color": "#34C759", "threat_level": "MEDIUM", "display_fields": []}}, {"type": "Feature", "geometry": {"type": "Point", "coordinates": [74.65878, 37.15716]}, "properties": {"id": "xmr_camps_002", "name": "Tigarmansu", "category": "XMR Camps", "category_label": "XMR Camps", "icon": "camp", "color": "#34C759", "threat_level": "MEDIUM", "display_fields": [{"label": "Infrastructure", "value": "PLA Camp"}, {"label": "Apple", "value": "Yes"}]}}, {"type": "Feature", "geometry": {"type": "Point", "coordinates": [75.968, 39.56]}, "properties": {"id": "xmr_camps_003", "name": "Kashgar", "category": "XMR Camps", "category_label": "XMR Camps", "icon": "camp", "color": "#34C759", "threat_level": "MEDIUM", "display_fields": [{"label": "Infrastructure", "value": "Garrison"}]}}, {"type": "Feature", "geometry": {"type": "Point", "coordinates": [76.006, 39.563]}, "properties": {"id": "xmr_camps_004", "name": "Kashgar", "category": "XMR Camps", "category_label": "XMR Camps", "icon": "camp", "color": "#34C759", "threat_level": "MEDIUM", "display_fields": [{"label": "Formation", "value": "84* SOF?"}, {"label": "Equipment", "value": "94 vehicles"}, {"label": "Apple", "value": "Yes"}]}}, {"type": "Feature", "geometry": {"type": "Point", "coordinates": [76.01, 39.74]}, "properties": {"id": "xmr_camps_005", "name": "Kashgar", "category": "XMR Camps", "category_label": "XMR Camps", "icon": "camp", "color": "#34C759", "threat_level": "MEDIUM", "display_fields": [{"label": "Formation", "value": "Transport Unit?"}]}}, {"type": "Feature", "geometry": {"type": "Point", "coordinates": [76.0218, 39.4282]}, "properties": {"id": "xmr_camps_006", "name": "Shule", "category": "XMR Camps", "category_label": "XMR Camps", "icon": "camp", "color": "#34C759", "threat_level": "MEDIUM", "display_fields": [{"label": "Formation", "value": "6** CAD Firepower Regiment"}, {"label": "Equipment", "value": ">230 V"}]}}, {"type": "Feature", "geometry": {"type": "Point", "coordinates": [76.04, 39.408]}, "properties": {"id": "xmr_camps_007", "name": "Shule", "category": "XMR Camps", "category_label": "XMR Camps", "icon": "camp", "color": "#34C759", "threat_level": "MEDIUM", "display_fields": [{"label": "Formation", "value": "6** CAD"}, {"label": "Infrastructure", "value": "AD/Artillery"}, {"label": "Equipment", "value": "200 vehicles"}]}}, {"type": "Feature", "geometry": {"type": "Point", "coordinates": [76.0553, 39.4133]}, "properties": {"id": "xmr_camps_008", "name": "Shule", "category": "XMR Camps", "category_label": "XMR Camps", "icon": "camp", "color": "#34C759", "threat_level": "MEDIUM", "display_fields": [{"label": "Formation", "value": "18* M-CAR/ 6** CAD"}, {"label": "Equipment", "value": "385 vehicles"}]}}, {"type": "Feature", "geometry": {"type": "Point", "coordinates": [76.05739, 39.4141]}, "properties": {"id": "xmr_camps_009", "name": "Shule", "category": "XMR Camps", "category_label": "XMR Camps", "icon": "camp", "color": "#34C759", "threat_level": "MEDIUM", "display_fields": []}}, {"type": "Feature", "geometry": {"type": "Point", "coordinates": [76.6553, 36.10883]}, "properties": {"id": "xmr_camps_010", "name": "Shaksgam", "category": "XMR Camps", "category_label": "XMR Camps", "icon": "camp", "color": "#34C759", "threat_level": "MEDIUM", "display_fields": [{"label": "Infrastructure", "value": "2 helipads"}]}}, {"type": "Feature", "geometry": {"type": "Point", "coordinates": [77.0913, 38.6018]}, "properties": {"id": "xmr_camps_011", "name": "Sache Township", "category": "XMR Camps", "category_label": "XMR Camps", "icon": "camp", "color": "#34C759", "threat_level": "MEDIUM", "display_fields": [{"label": "Infrastructure", "value": "26 blocks"}, {"label": "Area", "value": "5 sq km"}]}}, {"type": "Feature", "geometry": {"type": "Point", "coordinates": [77.249, 38.4229]}, "properties": {"id": "xmr_camps_012", "name": "Sache", "category": "XMR Camps", "category_label": "XMR Camps", "icon": "camp", "color": "#34C759", "threat_level": "MEDIUM", "display_fields": [{"label": "Formation", "value": "HQ 6** CAD"}]}}, {"type": "Feature", "geometry": {"type": "Point", "coordinates": [77.2654, 35.6811]}, "properties": {"id": "xmr_camps_013", "name": "Shaksgam", "category": "XMR Camps", "category_label": "XMR Camps", "icon": "camp", "color": "#34C759", "threat_level": "MEDIUM", "display_fields": []}}, {"type": "Feature", "geometry": {"type": "Point", "coordinates": [77.4453, 37.7657]}, "properties": {"id": "xmr_camps_014", "name": "Yecheng", "category": "XMR Camps", "category_label": "XMR Camps", "icon": "camp", "color": "#34C759", "threat_level": "MEDIUM", "display_fields": [{"label": "Formation", "value": "16* H-CAR/6** CAD"}, {"label": "Equipment", "value": "98 V, 150 tanks / APCs, 8 FBTs"}]}}, {"type": "Feature", "geometry": {"type": "Point", "coordinates": [77.4487, 37.83053]}, "properties": {"id": "xmr_camps_015", "name": "Yecheng", "category": "XMR Camps", "category_label": "XMR Camps", "icon": "camp", "color": "#34C759", "threat_level": "MEDIUM", "display_fields": [{"label": "Formation", "value": "16* H-CAR/6** CAD"}, {"label": "Infrastructure", "value": "HQ? / Armoured Garrison"}, {"label": "Equipment", "value": ">70 V, >45 HET"}]}}, {"type": "Feature", "geometry": {"type": "Point", "coordinates": [77.457, 37.867]}, "properties": {"id": "xmr_camps_016", "name": "Yecheng", "category": "XMR Camps", "category_label": "XMR Camps", "icon": "camp", "color": "#34C759", "threat_level": "MEDIUM", "display_fields": [{"label": "Formation", "value": "16* H-CAR/6** CAD"}, {"label": "Infrastructure", "value": "CABn?"}, {"label": "Equipment", "value": "17 vehicles"}]}}, {"type": "Feature", "geometry": {"type": "Point", "coordinates": [77.466, 37.846]}, "properties": {"id": "xmr_camps_017", "name": "Yecheng", "category": "XMR Camps", "category_label": "XMR Camps", "icon": "camp", "color": "#34C759", "threat_level": "MEDIUM", "display_fields": [{"label": "Formation", "value": "16* H-CAR/6** CAD"}, {"label": "Infrastructure", "value": "Training Area"}, {"label": "Equipment", "value": "15 vehicles"}]}}, {"type": "Feature", "geometry": {"type": "Point", "coordinates": [77.4682, 37.8951]}, "properties": {"id": "xmr_camps_018", "name": "Yecheng", "category": "XMR Camps", "category_label": "XMR Camps", "icon": "camp", "color": "#34C759", "threat_level": "MEDIUM", "display_fields": [{"label": "Formation", "value": "16* H-CAR/6** CAD"}, {"label": "Infrastructure", "value": "CABn?"}]}}, {"type": "Feature", "geometry": {"type": "Point", "coordinates": [77.4715, 37.8629]}, "properties": {"id": "xmr_camps_019", "name": "Yecheng", "category": "XMR Camps", "category_label": "XMR Camps", "icon": "camp", "color": "#34C759", "threat_level": "MEDIUM", "display_fields": [{"label": "Formation", "value": "16* H-CAR/6** CAD"}, {"label": "Infrastructure", "value": "MT Area"}, {"label": "Equipment", "value": "250 vehicles"}]}}, {"type": "Feature", "geometry": {"type": "Point", "coordinates": [77.475, 37.873]}, "properties": {"id": "xmr_camps_020", "name": "Yecheng", "category": "XMR Camps", "category_label": "XMR Camps", "icon": "camp", "color": "#34C759", "threat_level": "MEDIUM", "display_fields": [{"label": "Formation", "value": "16* H-CAR/6** CAD"}]}}, {"type": "Feature", "geometry": {"type": "Point", "coordinates": [78.02361, 36.3533]}, "properties": {"id": "xmr_camps_021", "name": "Sanshiliyingfang", "category": "XMR Camps", "category_label": "XMR Camps", "icon": "camp", "color": "#34C759", "threat_level": "MEDIUM", "display_fields": [{"label": "Formation", "value": "3* Mobile Det/ 2 Mob Corps PAP"}]}}, {"type": "Feature", "geometry": {"type": "Point", "coordinates": [78.03195, 36.34967]}, "properties": {"id": "xmr_camps_022", "name": "Sanshiliyingfang/ Xaidulla", "category": "XMR Camps", "category_label": "XMR Camps", "icon": "camp", "color": "#34C759", "threat_level": "MEDIUM", "display_fields": [{"label": "Formation", "value": "3* Mobile Det/ 2 Mob Corps PAP"}]}}, {"type": "Feature", "geometry": {"type": "Point", "coordinates": [78.0338, 36.34416]}, "properties": {"id": "xmr_camps_023", "name": "Sanshiliyingfang", "category": "XMR Camps", "category_label": "XMR Camps", "icon": "camp", "color": "#34C759", "threat_level": "MEDIUM", "display_fields": [{"label": "Formation", "value": "3* Mobile Det/ 2 Mob Corps PAP"}]}}, {"type": "Feature", "geometry": {"type": "Point", "coordinates": [78.035, 36.34694]}, "properties": {"id": "xmr_camps_024", "name": "Sanshiliyingfang", "category": "XMR Camps", "category_label": "XMR Camps", "icon": "camp", "color": "#34C759", "threat_level": "MEDIUM", "display_fields": [{"label": "Formation", "value": "3* Mobile Det/ 2 Mob Corps PAP"}]}}, {"type": "Feature", "geometry": {"type": "Point", "coordinates": [78.032, 36.3476]}, "properties": {"id": "xmr_camps_025", "name": "Xaidulla", "category": "XMR Camps", "category_label": "XMR Camps", "icon": "camp", "color": "#34C759", "threat_level": "MEDIUM", "display_fields": [{"label": "Formation", "value": "HQ 363* BDR"}, {"label": "Infrastructure", "value": ">60 tents, 13 dugouts"}, {"label": "Equipment", "value": "2 helicopters, >65 vehicles"}]}}, {"type": "Feature", "geometry": {"type": "Point", "coordinates": [78.05916, 35.2988]}, "properties": {"id": "xmr_camps_026", "name": "JAK II", "category": "XMR Camps", "category_label": "XMR Camps", "icon": "camp", "color": "#34C759", "threat_level": "MEDIUM", "display_fields": [{"label": "Infrastructure", "value": "13 sheds, 7 dugouts, storage"}]}}, {"type": "Feature", "geometry": {"type": "Point", "coordinates": [78.1459, 35.719]}, "properties": {"id": "xmr_camps_027", "name": "Baksumbulaq", "category": "XMR Camps", "category_label": "XMR Camps", "icon": "camp", "color": "#34C759", "threat_level": "MEDIUM", "display_fields": [{"label": "Infrastructure", "value": "4 sheds"}, {"label": "Road", "value": "G695"}, {"label": "Area", "value": "390mx360m"}]}}, {"type": "Feature", "geometry": {"type": "Point", "coordinates": [78.1552, 35.2441]}, "properties": {"id": "xmr_camps_028", "name": "Depsang", "category": "XMR Camps", "category_label": "XMR Camps", "icon": "camp", "color": "#34C759", "threat_level": "MEDIUM", "display_fields": [{"label": "Infrastructure", "value": "New PLA Camp post disengagement"}]}}, {"type": "Feature", "geometry": {"type": "Point", "coordinates": [78.1781, 35.3808]}, "properties": {"id": "xmr_camps_029", "name": "TWD", "category": "XMR Camps", "category_label": "XMR Camps", "icon": "camp", "color": "#34C759", "threat_level": "MEDIUM", "display_fields": [{"label": "Formation", "value": "8** CAD / BDR"}, {"label": "Infrastructure", "value": "17 dugouts occupied"}]}}, {"type": "Feature", "geometry": {"type": "Point", "coordinates": [78.1783, 35.3303]}, "properties": {"id": "xmr_camps_030", "name": "TWD", "category": "XMR Camps", "category_label": "XMR Camps", "icon": "camp", "color": "#34C759", "threat_level": "MEDIUM", "display_fields": [{"label": "Formation", "value": "L-CAR / 8** / 6** CAD"}, {"label": "Infrastructure", "value": "14 dugouts, 19 sheds"}, {"label": "Equipment", "value": "19 vehicles"}]}}, {"type": "Feature", "geometry": {"type": "Point", "coordinates": [78.1934, 35.337]}, "properties": {"id": "xmr_camps_031", "name": "TWD", "category": "XMR Camps", "category_label": "XMR Camps", "icon": "camp", "color": "#34C759", "threat_level": "MEDIUM", "display_fields": [{"label": "Formation", "value": "8** CAD / BDR"}, {"label": "Infrastructure", "value": "45 dugouts occupied"}]}}, {"type": "Feature", "geometry": {"type": "Point", "coordinates": [79.19392, 35.31733]}, "properties": {"id": "xmr_camps_032", "name": "TWD", "category": "XMR Camps", "category_label": "XMR Camps", "icon": "camp", "color": "#34C759", "threat_level": "MEDIUM", "display_fields": [{"label": "Formation", "value": "6** CAD"}, {"label": "Infrastructure", "value": "2 dugouts, 4 shelters, 5 sheds, 2 PFS"}, {"label": "Equipment", "value": "13 vehicles"}]}}, {"type": "Feature", "geometry": {"type": "Point", "coordinates": [78.2052, 35.3597]}, "properties": {"id": "xmr_camps_033", "name": "TWD NE", "category": "XMR Camps", "category_label": "XMR Camps", "icon": "camp", "color": "#34C759", "threat_level": "MEDIUM", "display_fields": [{"label": "Formation", "value": "8** CAD"}, {"label": "Infrastructure", "value": "27 sheds, 22 dugout"}]}}, {"type": "Feature", "geometry": {"type": "Point", "coordinates": [78.218, 35.465]}, "properties": {"id": "xmr_camps_034", "name": "Yuanyang Hu (TWD)", "category": "XMR Camps", "category_label": "XMR Camps", "icon": "camp", "color": "#34C759", "threat_level": "MEDIUM", "display_fields": [{"label": "Formation", "value": "363* BDR"}]}}, {"type": "Feature", "geometry": {"type": "Point", "coordinates": [78.2198, 34.75965]}, "properties": {"id": "xmr_camps_035", "name": "PP14", "category": "XMR Camps", "category_label": "XMR Camps", "icon": "camp", "color": "#34C759", "threat_level": "MEDIUM", "display_fields": []}}, {"type": "Feature", "geometry": {"type": "Point", "coordinates": [78.2374, 35.9605]}, "properties": {"id": "xmr_camps_036", "name": "Near Tsorul Tso", "category": "XMR Camps", "category_label": "XMR Camps", "icon": "camp", "color": "#34C759", "threat_level": "MEDIUM", "display_fields": []}}, {"type": "Feature", "geometry": {"type": "Point", "coordinates": [78.2531, 35.2586]}, "properties": {"id": "xmr_camps_037", "name": "Piue", "category": "XMR Camps", "category_label": "XMR Camps", "icon": "camp", "color": "#34C759", "threat_level": "MEDIUM", "display_fields": [{"label": "Formation", "value": "L-CAR / 8** CAD"}, {"label": "Infrastructure", "value": "10 solar panels"}]}}, {"type": "Feature", "geometry": {"type": "Point", "coordinates": [78.263, 34.7472]}, "properties": {"id": "xmr_camps_038", "name": "PP14", "category": "XMR Camps", "category_label": "XMR Camps", "icon": "camp", "color": "#34C759", "threat_level": "MEDIUM", "display_fields": []}}, {"type": "Feature", "geometry": {"type": "Point", "coordinates": [78.2832, 35.2828]}, "properties": {"id": "xmr_camps_039", "name": "Piue", "category": "XMR Camps", "category_label": "XMR Camps", "icon": "camp", "color": "#34C759", "threat_level": "MEDIUM", "display_fields": [{"label": "Formation", "value": "L-CAR / 8** CAD"}, {"label": "Infrastructure", "value": "29 dugouts"}]}}, {"type": "Feature", "geometry": {"type": "Point", "coordinates": [78.2926, 35.2832]}, "properties": {"id": "xmr_camps_040", "name": "Piue", "category": "XMR Camps", "category_label": "XMR Camps", "icon": "camp", "color": "#34C759", "threat_level": "MEDIUM", "display_fields": [{"label": "Formation", "value": "L-CAR / 8** CAD"}, {"label": "Infrastructure", "value": "38 dugouts"}, {"label": "Equipment", "value": "42 vehicles"}]}}, {"type": "Feature", "geometry": {"type": "Point", "coordinates": [78.3069, 35.2919]}, "properties": {"id": "xmr_camps_041", "name": "Piue", "category": "XMR Camps", "category_label": "XMR Camps", "icon": "camp", "color": "#34C759", "threat_level": "MEDIUM", "display_fields": [{"label": "Formation", "value": "L-CAR / 8** CAD"}, {"label": "Equipment", "value": "15 vehicles"}]}}, {"type": "Feature", "geometry": {"type": "Point", "coordinates": [78.307, 35.281]}, "properties": {"id": "xmr_camps_042", "name": "Piue", "category": "XMR Camps", "category_label": "XMR Camps", "icon": "camp", "color": "#34C759", "threat_level": "MEDIUM", "display_fields": [{"label": "Formation", "value": "6** CAD / 363* BDR"}]}}, {"type": "Feature", "geometry": {"type": "Point", "coordinates": [78.3095, 35.3103]}, "properties": {"id": "xmr_camps_043", "name": "Piue", "category": "XMR Camps", "category_label": "XMR Camps", "icon": "camp", "color": "#34C759", "threat_level": "MEDIUM", "display_fields": [{"label": "Formation", "value": "L-CAR / 8** CAD"}, {"label": "Infrastructure", "value": ">60 vehicles"}]}}, {"type": "Feature", "geometry": {"type": "Point", "coordinates": [78.3119, 35.298]}, "properties": {"id": "xmr_camps_044", "name": "Piue", "category": "XMR Camps", "category_label": "XMR Camps", "icon": "camp", "color": "#34C759", "threat_level": "MEDIUM", "display_fields": [{"label": "Formation", "value": "L-CAR / 8** CAD"}, {"label": "Infrastructure", "value": "29 dugouts"}]}}, {"type": "Feature", "geometry": {"type": "Point", "coordinates": [78.3328, 35.2954]}, "properties": {"id": "xmr_camps_045", "name": "Piue", "category": "XMR Camps", "category_label": "XMR Camps", "icon": "camp", "color": "#34C759", "threat_level": "MEDIUM", "display_fields": [{"label": "Formation", "value": "L-CAR / 8** CAD"}, {"label": "Infrastructure", "value": "24 dugouts"}, {"label": "Equipment", "value": "42 vehicles"}]}}, {"type": "Feature", "geometry": {"type": "Point", "coordinates": [78.3953, 30.7038]}, "properties": {"id": "xmr_camps_046", "name": "Galwan", "category": "XMR Camps", "category_label": "XMR Camps", "icon": "camp", "color": "#34C759", "threat_level": "MEDIUM", "display_fields": [{"label": "Infrastructure", "value": "Labour Camp"}]}}, {"type": "Feature", "geometry": {"type": "Point", "coordinates": [78.4074, 35.2992]}, "properties": {"id": "xmr_camps_047", "name": "Rajola", "category": "XMR Camps", "category_label": "XMR Camps", "icon": "camp", "color": "#34C759", "threat_level": "MEDIUM", "display_fields": [{"label": "Formation", "value": "8** / 6** CAD"}, {"label": "Infrastructure", "value": "11 FBT, 39 dugouts, 50 sheds"}, {"label": "Equipment", "value": ">45 V"}]}}, {"type": "Feature", "geometry": {"type": "Point", "coordinates": [78.5032, 34.6638]}, "properties": {"id": "xmr_camps_048", "name": "Galwan", "category": "XMR Camps", "category_label": "XMR Camps", "icon": "camp", "color": "#34C759", "threat_level": "MEDIUM", "display_fields": [{"label": "Infrastructure", "value": "Labour Camp"}]}}, {"type": "Feature", "geometry": {"type": "Point", "coordinates": [78.5771, 34.6613]}, "properties": {"id": "xmr_camps_049", "name": "Galwan", "category": "XMR Camps", "category_label": "XMR Camps", "icon": "camp", "color": "#34C759", "threat_level": "MEDIUM", "display_fields": [{"label": "Formation", "value": "363 BDR/ 6** CAD"}]}}, {"type": "Feature", "geometry": {"type": "Point", "coordinates": [78.59193, 34.64795]}, "properties": {"id": "xmr_camps_050", "name": "Galwan", "category": "XMR Camps", "category_label": "XMR Camps", "icon": "camp", "color": "#34C759", "threat_level": "MEDIUM", "display_fields": [{"label": "Formation", "value": "8** / 6** CAD"}, {"label": "Infrastructure", "value": ">60 S, >25 T"}, {"label": "Equipment", "value": ">35 V"}]}}, {"type": "Feature", "geometry": {"type": "Point", "coordinates": [78.5922, 35.0018]}, "properties": {"id": "xmr_camps_051", "name": "Sumdo", "category": "XMR Camps", "category_label": "XMR Camps", "icon": "camp", "color": "#34C759", "threat_level": "MEDIUM", "display_fields": [{"label": "Infrastructure", "value": "PLA Camp"}]}}, {"type": "Feature", "geometry": {"type": "Point", "coordinates": [78.6075, 32.5761]}, "properties": {"id": "xmr_camps_052", "name": "Chepzi", "category": "XMR Camps", "category_label": "XMR Camps", "icon": "camp", "color": "#34C759", "threat_level": "MEDIUM", "display_fields": [{"label": "Formation", "value": "361* BDR Logistics"}, {"label": "Infrastructure", "value": "7 MSB, 12 B, 15 S, 1 Helipad"}, {"label": "Equipment", "value": "3 V"}]}}, {"type": "Feature", "geometry": {"type": "Point", "coordinates": [78.6083, 32.578]}, "properties": {"id": "xmr_camps_053", "name": "Chepzi", "category": "XMR Camps", "category_label": "XMR Camps", "icon": "camp", "color": "#34C759", "threat_level": "MEDIUM", "display_fields": []}}, {"type": "Feature", "geometry": {"type": "Point", "coordinates": [78.61654, 34.57915]}, "properties": {"id": "xmr_camps_054", "name": "Pt 5170 / PP15", "category": "XMR Camps", "category_label": "XMR Camps", "icon": "camp", "color": "#34C759", "threat_level": "MEDIUM", "display_fields": [{"label": "Infrastructure", "value": "13 S"}]}}, {"type": "Feature", "geometry": {"type": "Point", "coordinates": [78.6215, 34.574]}, "properties": {"id": "xmr_camps_055", "name": "PP15", "category": "XMR Camps", "category_label": "XMR Camps", "icon": "camp", "color": "#34C759", "threat_level": "MEDIUM", "display_fields": [{"label": "Infrastructure", "value": "Tents"}, {"label": "Equipment", "value": "8 vehicles"}]}}, {"type": "Feature", "geometry": {"type": "Point", "coordinates": [78.616, 34.632]}, "properties": {"id": "xmr_camps_056", "name": "Samzungling SW (Galwan)", "category": "XMR Camps", "category_label": "XMR Camps", "icon": "camp", "color": "#34C759", "threat_level": "MEDIUM", "display_fields": [{"label": "Formation", "value": "8** / 6** CAD"}, {"label": "Equipment", "value": ">50 V"}]}}, {"type": "Feature", "geometry": {"type": "Point", "coordinates": [78.6204, 34.6326]}, "properties": {"id": "xmr_camps_057", "name": "Galwan", "category": "XMR Camps", "category_label": "XMR Camps", "icon": "camp", "color": "#34C759", "threat_level": "MEDIUM", "display_fields": [{"label": "Equipment", "value": "10 vehciles"}]}}, {"type": "Feature", "geometry": {"type": "Point", "coordinates": [78.6232, 35.2797]}, "properties": {"id": "xmr_camps_058", "name": "Kongrido", "category": "XMR Camps", "category_label": "XMR Camps", "icon": "camp", "color": "#34C759", "threat_level": "MEDIUM", "display_fields": [{"label": "Formation", "value": "6 CAD"}, {"label": "Equipment", "value": ">65 V"}]}}, {"type": "Feature", "geometry": {"type": "Point", "coordinates": [78.7267, 36.1779]}, "properties": {"id": "xmr_camps_059", "name": "Kangxiwar", "category": "XMR Camps", "category_label": "XMR Camps", "icon": "camp", "color": "#34C759", "threat_level": "MEDIUM", "display_fields": [{"label": "Formation", "value": "Transit Location / Traing Area"}, {"label": "Infrastructure", "value": "30 C-shaped dugouts"}, {"label": "Equipment", "value": "42 HET"}, {"label": "Road", "value": "G219"}]}}, {"type": "Feature", "geometry": {"type": "Point", "coordinates": [78.74959, 35.2792]}, "properties": {"id": "xmr_camps_060", "name": "Qizil Jilga", "category": "XMR Camps", "category_label": "XMR Camps", "icon": "camp", "color": "#34C759", "threat_level": "MEDIUM", "display_fields": [{"label": "Formation", "value": "23* H-CAR/ 8** CAD"}, {"label": "Infrastructure", "value": "16 FBTs"}, {"label": "Equipment", "value": ">70 vehicles"}]}}, {"type": "Feature", "geometry": {"type": "Point", "coordinates": [78.7729, 35.2742]}, "properties": {"id": "xmr_camps_061", "name": "Qizil Jilga", "category": "XMR Camps", "category_label": "XMR Camps", "icon": "camp", "color": "#34C759", "threat_level": "MEDIUM", "display_fields": [{"label": "Formation", "value": "23* H-CAR/ 8** CAD"}, {"label": "Infrastructure", "value": "2 dugouts"}, {"label": "Equipment", "value": ">110 vehicles"}]}}, {"type": "Feature", "geometry": {"type": "Point", "coordinates": [78.7883, 33.6269]}, "properties": {"id": "xmr_camps_062", "name": "Chuttichang La", "category": "XMR Camps", "category_label": "XMR Camps", "icon": "camp", "color": "#34C759", "threat_level": "MEDIUM", "display_fields": [{"label": "Infrastructure", "value": "18 sheds, 1 antenna"}]}}, {"type": "Feature", "geometry": {"type": "Point", "coordinates": [78.7887, 33.6272]}, "properties": {"id": "xmr_camps_063", "name": "Spanggur", "category": "XMR Camps", "category_label": "XMR Camps", "icon": "camp", "color": "#34C759", "threat_level": "MEDIUM", "display_fields": [{"label": "Infrastructure", "value": "17 tents, communication tenches"}, {"label": "Equipment", "value": "10 vehicles"}]}}, {"type": "Feature", "geometry": {"type": "Point", "coordinates": [78.7888, 33.7413]}, "properties": {"id": "xmr_camps_064", "name": "Finger VIII", "category": "XMR Camps", "category_label": "XMR Camps", "icon": "camp", "color": "#34C759", "threat_level": "MEDIUM", "display_fields": [{"label": "Formation", "value": "BD Battalion, Water Squadron"}, {"label": "Infrastructure", "value": "6 sheds, 13 tents"}, {"label": "Equipment", "value": "6 boats, 18 vehicles"}]}}, {"type": "Feature", "geometry": {"type": "Point", "coordinates": [78.8012, 33.5637]}, "properties": {"id": "xmr_camps_065", "name": "Finger VIII", "category": "XMR Camps", "category_label": "XMR Camps", "icon": "camp", "color": "#34C759", "threat_level": "MEDIUM", "display_fields": []}}, {"type": "Feature", "geometry": {"type": "Point", "coordinates": [78.8169, 33.7426]}, "properties": {"id": "xmr_camps_066", "name": "Finger VIII", "category": "XMR Camps", "category_label": "XMR Camps", "icon": "camp", "color": "#34C759", "threat_level": "MEDIUM", "display_fields": [{"label": "Infrastructure", "value": "Floating Boat Mooring Camp"}]}}, {"type": "Feature", "geometry": {"type": "Point", "coordinates": [78.8204, 33.5963]}, "properties": {"id": "xmr_camps_067", "name": "Chuti Chang La", "category": "XMR Camps", "category_label": "XMR Camps", "icon": "camp", "color": "#34C759", "threat_level": "MEDIUM", "display_fields": []}}, {"type": "Feature", "geometry": {"type": "Point", "coordinates": [78.8394, 35.3655]}, "properties": {"id": "xmr_camps_068", "name": "Qizil Jilga", "category": "XMR Camps", "category_label": "XMR Camps", "icon": "camp", "color": "#34C759", "threat_level": "MEDIUM", "display_fields": [{"label": "Formation", "value": "AD H-CAR / 8**/ 6** CAD"}, {"label": "Infrastructure", "value": "17 T Ramps, dugout 120x115m"}]}}, {"type": "Feature", "geometry": {"type": "Point", "coordinates": [78.84, 35.385]}, "properties": {"id": "xmr_camps_069", "name": "Qizil Jilga", "category": "XMR Camps", "category_label": "XMR Camps", "icon": "camp", "color": "#34C759", "threat_level": "MEDIUM", "display_fields": []}}, {"type": "Feature", "geometry": {"type": "Point", "coordinates": [78.8444, 34.5039]}, "properties": {"id": "xmr_camps_070", "name": "Chang La/ Galwan R", "category": "XMR Camps", "category_label": "XMR Camps", "icon": "camp", "color": "#34C759", "threat_level": "MEDIUM", "display_fields": [{"label": "Formation", "value": "8** CAD"}, {"label": "Equipment", "value": ">35 V"}]}}, {"type": "Feature", "geometry": {"type": "Point", "coordinates": [78.8482, 33.7559]}, "properties": {"id": "xmr_camps_071", "name": "Sirijap", "category": "XMR Camps", "category_label": "XMR Camps", "icon": "camp", "color": "#34C759", "threat_level": "MEDIUM", "display_fields": [{"label": "Infrastructure", "value": "PLA Camp"}, {"label": "Equipment", "value": ">85V"}]}}, {"type": "Feature", "geometry": {"type": "Point", "coordinates": [78.8482, 33.756]}, "properties": {"id": "xmr_camps_072", "name": "Finger VIII", "category": "XMR Camps", "category_label": "XMR Camps", "icon": "camp", "color": "#34C759", "threat_level": "MEDIUM", "display_fields": [{"label": "Formation", "value": "363* BDR"}, {"label": "Equipment", "value": "<15 vehicles"}]}}, {"type": "Feature", "geometry": {"type": "Point", "coordinates": [78.844902, 33.755027]}, "properties": {"id": "xmr_camps_073", "name": "Pangong Tso", "category": "XMR Camps", "category_label": "XMR Camps", "icon": "camp", "color": "#34C759", "threat_level": "MEDIUM", "display_fields": []}}, {"type": "Feature", "geometry": {"type": "Point", "coordinates": [78.849428, 35.372884]}, "properties": {"id": "xmr_camps_074", "name": "Qizil Jilga", "category": "XMR Camps", "category_label": "XMR Camps", "icon": "camp", "color": "#34C759", "threat_level": "MEDIUM", "display_fields": [{"label": "Formation", "value": "H-CAR/ 6** / 8** CAD"}]}}, {"type": "Feature", "geometry": {"type": "Point", "coordinates": [78.8575, 35.3408]}, "properties": {"id": "xmr_camps_075", "name": "Qizil Jilga", "category": "XMR Camps", "category_label": "XMR Camps", "icon": "camp", "color": "#34C759", "threat_level": "MEDIUM", "display_fields": [{"label": "Formation", "value": "6** / 8** CAD"}, {"label": "Infrastructure", "value": "51 S, 87 dugout"}, {"label": "Equipment", "value": ">110 vehicles"}]}}, {"type": "Feature", "geometry": {"type": "Point", "coordinates": [78.8676, 35.4149]}, "properties": {"id": "xmr_camps_076", "name": "Qizil Jilga", "category": "XMR Camps", "category_label": "XMR Camps", "icon": "camp", "color": "#34C759", "threat_level": "MEDIUM", "display_fields": []}}, {"type": "Feature", "geometry": {"type": "Point", "coordinates": [78.8789, 32.2483]}, "properties": {"id": "xmr_camps_077", "name": "Manza", "category": "XMR Camps", "category_label": "XMR Camps", "icon": "camp", "color": "#34C759", "threat_level": "MEDIUM", "display_fields": [{"label": "Formation", "value": "361* BDR & 56* L-CAB/76 GA"}, {"label": "Infrastructure", "value": "40 dugouts, 9 sheds"}, {"label": "Equipment", "value": "7 equipment, 4 vehicles"}]}}, {"type": "Feature", "geometry": {"type": "Point", "coordinates": [78.8795, 33.7455]}, "properties": {"id": "xmr_camps_078", "name": "Sirijap", "category": "XMR Camps", "category_label": "XMR Camps", "icon": "camp", "color": "#34C759", "threat_level": "MEDIUM", "display_fields": []}}, {"type": "Feature", "geometry": {"type": "Point", "coordinates": [78.909, 36.175]}, "properties": {"id": "xmr_camps_079", "name": "Karakax R / G219", "category": "XMR Camps", "category_label": "XMR Camps", "icon": "camp", "color": "#34C759", "threat_level": "MEDIUM", "display_fields": [{"label": "Infrastructure", "value": "Convoy Halt Location, dugouts"}, {"label": "Equipment", "value": ">500 V"}]}}, {"type": "Feature", "geometry": {"type": "Point", "coordinates": [78.9292, 34.4033]}, "properties": {"id": "xmr_camps_080", "name": "Hot Spring", "category": "XMR Camps", "category_label": "XMR Camps", "icon": "camp", "color": "#34C759", "threat_level": "MEDIUM", "display_fields": [{"label": "Formation", "value": "8** & BD"}]}}, {"type": "Feature", "geometry": {"type": "Point", "coordinates": [79.9314, 33.5357]}, "properties": {"id": "xmr_camps_081", "name": "Rudok Porta Cabin", "category": "XMR Camps", "category_label": "XMR Camps", "icon": "camp", "color": "#34C759", "threat_level": "MEDIUM", "display_fields": [{"label": "Formation", "value": "4** CAD"}, {"label": "Infrastructure", "value": "Training Area"}, {"label": "Equipment", "value": "22 vehicles"}]}}, {"type": "Feature", "geometry": {"type": "Point", "coordinates": [78.9757, 33.7886]}, "properties": {"id": "xmr_camps_082", "name": "Khurnak Fort", "category": "XMR Camps", "category_label": "XMR Camps", "icon": "camp", "color": "#34C759", "threat_level": "MEDIUM", "display_fields": [{"label": "Infrastructure", "value": "AD Camp/ 4** CAD"}, {"label": "Equipment", "value": "120 vehicles"}, {"label": "Distance LAC", "value": "16"}]}}, {"type": "Feature", "geometry": {"type": "Point", "coordinates": [78.9819, 33.7812]}, "properties": {"id": "xmr_camps_083", "name": "Khurnak Fort", "category": "XMR Camps", "category_label": "XMR Camps", "icon": "camp", "color": "#34C759", "threat_level": "MEDIUM", "display_fields": [{"label": "Infrastructure", "value": "AD Camp/ 4** CAD"}, {"label": "Distance LAC", "value": "16"}]}}, {"type": "Feature", "geometry": {"type": "Point", "coordinates": [78.984, 33.7656]}, "properties": {"id": "xmr_camps_084", "name": "Khurnak Fort", "category": "XMR Camps", "category_label": "XMR Camps", "icon": "camp", "color": "#34C759", "threat_level": "MEDIUM", "display_fields": [{"label": "Infrastructure", "value": "38 S, 112 dugouts"}, {"label": "Equipment", "value": ">100 V"}]}}, {"type": "Feature", "geometry": {"type": "Point", "coordinates": [78.9966, 33.7644]}, "properties": {"id": "xmr_camps_085", "name": "Khurnak Fort", "category": "XMR Camps", "category_label": "XMR Camps", "icon": "camp", "color": "#34C759", "threat_level": "MEDIUM", "display_fields": [{"label": "Formation", "value": "L-CAR/ 11** CAD"}, {"label": "Infrastructure", "value": "6 round structures, Helipad"}, {"label": "Equipment", "value": "Type 90 AAG"}, {"label": "Road", "value": "G695"}]}}, {"type": "Feature", "geometry": {"type": "Point", "coordinates": [79.0178, 33.5292]}, "properties": {"id": "xmr_camps_086", "name": "Spanggur Tso East", "category": "XMR Camps", "category_label": "XMR Camps", "icon": "camp", "color": "#34C759", "threat_level": "MEDIUM", "display_fields": [{"label": "Infrastructure", "value": "99 dugouts"}]}}, {"type": "Feature", "geometry": {"type": "Point", "coordinates": [79.04477, 34.28709]}, "properties": {"id": "xmr_camps_087", "name": "Naga Seru", "category": "XMR Camps", "category_label": "XMR Camps", "icon": "camp", "color": "#34C759", "threat_level": "MEDIUM", "display_fields": [{"label": "Area", "value": "95mx55m"}]}}, {"type": "Feature", "geometry": {"type": "Point", "coordinates": [79.07, 33.77]}, "properties": {"id": "xmr_camps_088", "name": "Nangchung", "category": "XMR Camps", "category_label": "XMR Camps", "icon": "camp", "color": "#34C759", "threat_level": "MEDIUM", "display_fields": [{"label": "Infrastructure", "value": "PLA post- 40x40m hardstanding, 1 MSB, 3 barrack"}, {"label": "Equipment", "value": ">8V"}]}}, {"type": "Feature", "geometry": {"type": "Point", "coordinates": [79.0714, 33.7629]}, "properties": {"id": "xmr_camps_089", "name": "Nangchung", "category": "XMR Camps", "category_label": "XMR Camps", "icon": "camp", "color": "#34C759", "threat_level": "MEDIUM", "display_fields": [{"label": "Infrastructure", "value": "New jetty"}]}}, {"type": "Feature", "geometry": {"type": "Point", "coordinates": [79.074, 33.786]}, "properties": {"id": "xmr_camps_090", "name": "Nangchung", "category": "XMR Camps", "category_label": "XMR Camps", "icon": "camp", "color": "#34C759", "threat_level": "MEDIUM", "display_fields": [{"label": "Infrastructure", "value": "Jetty"}, {"label": "Equipment", "value": "10-31 boats"}]}}, {"type": "Feature", "geometry": {"type": "Point", "coordinates": [79.106, 36.1263]}, "properties": {"id": "xmr_camps_091", "name": "Kangxiwar", "category": "XMR Camps", "category_label": "XMR Camps", "icon": "camp", "color": "#34C759", "threat_level": "MEDIUM", "display_fields": [{"label": "Infrastructure", "value": "104 dugouts / trenches, 21 gun pits, 6 sheds"}, {"label": "Road", "value": "G219"}]}}, {"type": "Feature", "geometry": {"type": "Point", "coordinates": [79.1126, 33.7459]}, "properties": {"id": "xmr_camps_092", "name": "Nangchung", "category": "XMR Camps", "category_label": "XMR Camps", "icon": "camp", "color": "#34C759", "threat_level": "MEDIUM", "display_fields": [{"label": "Infrastructure", "value": "PLA Camp"}]}}, {"type": "Feature", "geometry": {"type": "Point", "coordinates": [79.1411, 34.3585]}, "properties": {"id": "xmr_camps_093", "name": "Mabdo La", "category": "XMR Camps", "category_label": "XMR Camps", "icon": "camp", "color": "#34C759", "threat_level": "MEDIUM", "display_fields": [{"label": "Formation", "value": "8**"}]}}, {"type": "Feature", "geometry": {"type": "Point", "coordinates": [79.1415, 34.3618]}, "properties": {"id": "xmr_camps_094", "name": "Mabdo La", "category": "XMR Camps", "category_label": "XMR Camps", "icon": "camp", "color": "#34C759", "threat_level": "MEDIUM", "display_fields": [{"label": "Formation", "value": "Bn / M-CAR/ 6** CAD"}, {"label": "Equipment", "value": ">100V"}]}}, {"type": "Feature", "geometry": {"type": "Point", "coordinates": [79.1467, 34.3413]}, "properties": {"id": "xmr_camps_095", "name": "Mabdo La", "category": "XMR Camps", "category_label": "XMR Camps", "icon": "camp", "color": "#34C759", "threat_level": "MEDIUM", "display_fields": [{"label": "Infrastructure", "value": "4 helipads, 1 helistrip"}]}}, {"type": "Feature", "geometry": {"type": "Point", "coordinates": [79.1659, 33.8149]}, "properties": {"id": "xmr_camps_096", "name": "Dembo Zangpo", "category": "XMR Camps", "category_label": "XMR Camps", "icon": "camp", "color": "#34C759", "threat_level": "MEDIUM", "display_fields": [{"label": "Formation", "value": "4**/ 11** CAD"}, {"label": "Infrastructure", "value": "PLA Camp 100 buildings, >75 dugouts, >8 sheds, >55PFS"}]}}, {"type": "Feature", "geometry": {"type": "Point", "coordinates": [79.167, 33.075]}, "properties": {"id": "xmr_camps_097", "name": "Dumchehe", "category": "XMR Camps", "category_label": "XMR Camps", "icon": "camp", "color": "#34C759", "threat_level": "MEDIUM", "display_fields": [{"label": "Formation", "value": "362* BDR"}, {"label": "Infrastructure", "value": ">25 sheds"}, {"label": "Equipment", "value": ">10 vehicles"}]}}, {"type": "Feature", "geometry": {"type": "Point", "coordinates": [79.1679, 33.514]}, "properties": {"id": "xmr_camps_098", "name": "Shandong", "category": "XMR Camps", "category_label": "XMR Camps", "icon": "camp", "color": "#34C759", "threat_level": "MEDIUM", "display_fields": [{"label": "Infrastructure", "value": "Trenches, sheds"}]}}, {"type": "Feature", "geometry": {"type": "Point", "coordinates": [79.1782, 33.395]}, "properties": {"id": "xmr_camps_099", "name": "Shandong", "category": "XMR Camps", "category_label": "XMR Camps", "icon": "camp", "color": "#34C759", "threat_level": "MEDIUM", "display_fields": [{"label": "Formation", "value": "4** CAD"}, {"label": "Equipment", "value": "175 vehicles"}]}}, {"type": "Feature", "geometry": {"type": "Point", "coordinates": [79.18, 33.3891]}, "properties": {"id": "xmr_camps_100", "name": "Shandong", "category": "XMR Camps", "category_label": "XMR Camps", "icon": "camp", "color": "#34C759", "threat_level": "MEDIUM", "display_fields": [{"label": "Formation", "value": "4** CAD"}, {"label": "Equipment", "value": "17 vehicles"}]}}, {"type": "Feature", "geometry": {"type": "Point", "coordinates": [79.1827, 32.2017]}, "properties": {"id": "xmr_camps_101", "name": "Sangong", "category": "XMR Camps", "category_label": "XMR Camps", "icon": "camp", "color": "#34C759", "threat_level": "MEDIUM", "display_fields": [{"label": "Formation", "value": "Public Security Bureau"}, {"label": "Infrastructure", "value": "4 storied building"}]}}, {"type": "Feature", "geometry": {"type": "Point", "coordinates": [79.1848, 33.4184]}, "properties": {"id": "xmr_camps_102", "name": "Shandong", "category": "XMR Camps", "category_label": "XMR Camps", "icon": "camp", "color": "#34C759", "threat_level": "MEDIUM", "display_fields": [{"label": "Formation", "value": "L-CAR/ 4** CAD"}, {"label": "Equipment", "value": "249 vehciles, 5 equipment"}]}}, {"type": "Feature", "geometry": {"type": "Point", "coordinates": [79.18794, 32.3088]}, "properties": {"id": "xmr_camps_103", "name": "Nupuk North", "category": "XMR Camps", "category_label": "XMR Camps", "icon": "camp", "color": "#34C759", "threat_level": "MEDIUM", "display_fields": [{"label": "Infrastructure", "value": "Garage (9 vehicles), 3 shelters"}]}}, {"type": "Feature", "geometry": {"type": "Point", "coordinates": [79.1904, 33.4147]}, "properties": {"id": "xmr_camps_104", "name": "Shandong", "category": "XMR Camps", "category_label": "XMR Camps", "icon": "camp", "color": "#34C759", "threat_level": "MEDIUM", "display_fields": [{"label": "Formation", "value": "L-CAR/ 4** / 11** CAD"}, {"label": "Infrastructure", "value": "PLA Camp"}, {"label": "Equipment", "value": ">290 V"}]}}, {"type": "Feature", "geometry": {"type": "Point", "coordinates": [79.1955, 33.4093]}, "properties": {"id": "xmr_camps_105", "name": "Shandong", "category": "XMR Camps", "category_label": "XMR Camps", "icon": "camp", "color": "#34C759", "threat_level": "MEDIUM", "display_fields": [{"label": "Formation", "value": "4** CAD"}, {"label": "Infrastructure", "value": "16 FBTs"}, {"label": "Equipment", "value": ">150 V"}]}}, {"type": "Feature", "geometry": {"type": "Point", "coordinates": [79.208, 33.4289]}, "properties": {"id": "xmr_camps_106", "name": "Shandong", "category": "XMR Camps", "category_label": "XMR Camps", "icon": "camp", "color": "#34C759", "threat_level": "MEDIUM", "display_fields": [{"label": "Formation", "value": "4** CAD"}, {"label": "Equipment", "value": ">43 vehicles"}]}}, {"type": "Feature", "geometry": {"type": "Point", "coordinates": [79.2226, 33.3835]}, "properties": {"id": "xmr_camps_107", "name": "Shandong", "category": "XMR Camps", "category_label": "XMR Camps", "icon": "camp", "color": "#34C759", "threat_level": "MEDIUM", "display_fields": [{"label": "Formation", "value": "4** CAD"}, {"label": "Equipment", "value": "6 vehicles"}]}}, {"type": "Feature", "geometry": {"type": "Point", "coordinates": [79.2229, 37.1618]}, "properties": {"id": "xmr_camps_108", "name": "Hotan", "category": "XMR Camps", "category_label": "XMR Camps", "icon": "camp", "color": "#34C759", "threat_level": "MEDIUM", "display_fields": [{"label": "Formation", "value": "17* M-CAR/ 6** CAD"}, {"label": "Infrastructure", "value": "Permanennt Garrison"}, {"label": "Equipment", "value": ">210V"}]}}, {"type": "Feature", "geometry": {"type": "Point", "coordinates": [79.2382, 35.0368]}, "properties": {"id": "xmr_camps_109", "name": "Mapotang", "category": "XMR Camps", "category_label": "XMR Camps", "icon": "camp", "color": "#34C759", "threat_level": "MEDIUM", "display_fields": []}}, {"type": "Feature", "geometry": {"type": "Point", "coordinates": [79.24184, 34.33752]}, "properties": {"id": "xmr_camps_110", "name": "Kongka Seru", "category": "XMR Camps", "category_label": "XMR Camps", "icon": "camp", "color": "#34C759", "threat_level": "MEDIUM", "display_fields": [{"label": "Infrastructure", "value": "UGF, dugouts with trenches"}]}}, {"type": "Feature", "geometry": {"type": "Point", "coordinates": [79.2466, 34.345]}, "properties": {"id": "xmr_camps_111", "name": "Kongka Seru", "category": "XMR Camps", "category_label": "XMR Camps", "icon": "camp", "color": "#34C759", "threat_level": "MEDIUM", "display_fields": [{"label": "Formation", "value": "CABn/ M-CAR/6** CAD"}, {"label": "Infrastructure", "value": "5 Container clusters"}]}}, {"type": "Feature", "geometry": {"type": "Point", "coordinates": [79.2836, 31.4101]}, "properties": {"id": "xmr_camps_112", "name": "Thag La SE", "category": "XMR Camps", "category_label": "XMR Camps", "icon": "camp", "color": "#34C759", "threat_level": "MEDIUM", "display_fields": [{"label": "Infrastructure", "value": "1 shed"}, {"label": "Area", "value": "180x130"}]}}, {"type": "Feature", "geometry": {"type": "Point", "coordinates": [79.3, 39.21]}, "properties": {"id": "xmr_camps_113", "name": "XMR Camps", "category": "XMR Camps", "category_label": "XMR Camps", "icon": "camp", "color": "#34C759", "threat_level": "MEDIUM", "display_fields": []}}, {"type": "Feature", "geometry": {"type": "Point", "coordinates": [79.3515, 35.8729]}, "properties": {"id": "xmr_camps_114", "name": "Haji Langar", "category": "XMR Camps", "category_label": "XMR Camps", "icon": "camp", "color": "#34C759", "threat_level": "MEDIUM", "display_fields": [{"label": "Infrastructure", "value": "PLA Camp / CBS?"}]}}, {"type": "Feature", "geometry": {"type": "Point", "coordinates": [79.373, 33.375]}, "properties": {"id": "xmr_camps_115", "name": "Rudok", "category": "XMR Camps", "category_label": "XMR Camps", "icon": "camp", "color": "#34C759", "threat_level": "MEDIUM", "display_fields": [{"label": "Formation", "value": "4** CAD"}, {"label": "Infrastructure", "value": "36 S"}]}}, {"type": "Feature", "geometry": {"type": "Point", "coordinates": [79.3718, 32.4759]}, "properties": {"id": "xmr_camps_116", "name": "Churkang", "category": "XMR Camps", "category_label": "XMR Camps", "icon": "camp", "color": "#34C759", "threat_level": "MEDIUM", "display_fields": [{"label": "Formation", "value": "AD 17* / 62* H-CAB"}, {"label": "Equipment", "value": ">5 HETs"}]}}, {"type": "Feature", "geometry": {"type": "Point", "coordinates": [79.3803, 33.0215]}, "properties": {"id": "xmr_camps_117", "name": "Chang La", "category": "XMR Camps", "category_label": "XMR Camps", "icon": "camp", "color": "#34C759", "threat_level": "MEDIUM", "display_fields": [{"label": "Infrastructure", "value": ">25 dugouts"}]}}, {"type": "Feature", "geometry": {"type": "Point", "coordinates": [79.3952, 31.2501]}, "properties": {"id": "xmr_camps_118", "name": "Tholing", "category": "XMR Camps", "category_label": "XMR Camps", "icon": "camp", "color": "#34C759", "threat_level": "MEDIUM", "display_fields": [{"label": "Formation", "value": "182* L-CAB/ 76 GA"}, {"label": "Equipment", "value": "PCL09, PTL02 ATGM, PHL-81"}]}}, {"type": "Feature", "geometry": {"type": "Point", "coordinates": [79.41, 32.3613]}, "properties": {"id": "xmr_camps_119", "name": "Tashigong", "category": "XMR Camps", "category_label": "XMR Camps", "icon": "camp", "color": "#34C759", "threat_level": "MEDIUM", "display_fields": [{"label": "Formation", "value": "CABn 17* / 62* H-CAB"}, {"label": "Equipment", "value": "ZTZ99A"}]}}, {"type": "Feature", "geometry": {"type": "Point", "coordinates": [79.4183, 35.7735]}, "properties": {"id": "xmr_camps_120", "name": "Haji Langar", "category": "XMR Camps", "category_label": "XMR Camps", "icon": "camp", "color": "#34C759", "threat_level": "MEDIUM", "display_fields": [{"label": "Infrastructure", "value": "Helipad"}, {"label": "Road", "value": "G219"}]}}, {"type": "Feature", "geometry": {"type": "Point", "coordinates": [79.4846, 32.2538]}, "properties": {"id": "xmr_camps_121", "name": "Tashigong", "category": "XMR Camps", "category_label": "XMR Camps", "icon": "camp", "color": "#34C759", "threat_level": "MEDIUM", "display_fields": [{"label": "Formation", "value": "Support elements 17*/62* H-CAB"}]}}, {"type": "Feature", "geometry": {"type": "Point", "coordinates": [79.4917, 32.736]}, "properties": {"id": "xmr_camps_122", "name": "Jara La SW", "category": "XMR Camps", "category_label": "XMR Camps", "icon": "camp", "color": "#34C759", "threat_level": "MEDIUM", "display_fields": [{"label": "Infrastructure", "value": "PLA Camp"}, {"label": "Road", "value": "PP-44 track"}]}}, {"type": "Feature", "geometry": {"type": "Point", "coordinates": [79.5116, 32.5539]}, "properties": {"id": "xmr_camps_123", "name": "Tashigong", "category": "XMR Camps", "category_label": "XMR Camps", "icon": "camp", "color": "#34C759", "threat_level": "MEDIUM", "display_fields": [{"label": "Road", "value": "G695"}]}}, {"type": "Feature", "geometry": {"type": "Point", "coordinates": [79.5126, 32.5594]}, "properties": {"id": "xmr_camps_124", "name": "Tashigong", "category": "XMR Camps", "category_label": "XMR Camps", "icon": "camp", "color": "#34C759", "threat_level": "MEDIUM", "display_fields": [{"label": "Infrastructure", "value": "Dugouts"}, {"label": "Road", "value": "G695"}]}}, {"type": "Feature", "geometry": {"type": "Point", "coordinates": [79.51722, 33.75315]}, "properties": {"id": "xmr_camps_125", "name": "Pangong Tso North", "category": "XMR Camps", "category_label": "XMR Camps", "icon": "camp", "color": "#34C759", "threat_level": "MEDIUM", "display_fields": [{"label": "Formation", "value": "11* L-CAR/ 4** / 11** CAD"}]}}, {"type": "Feature", "geometry": {"type": "Point", "coordinates": [79.526, 33.7996]}, "properties": {"id": "xmr_camps_126", "name": "Pal", "category": "XMR Camps", "category_label": "XMR Camps", "icon": "camp", "color": "#34C759", "threat_level": "MEDIUM", "display_fields": [{"label": "Equipment", "value": ">330 vehciles"}]}}, {"type": "Feature", "geometry": {"type": "Point", "coordinates": [79.5262, 33.8101]}, "properties": {"id": "xmr_camps_127", "name": "Dingo La (Pal)", "category": "XMR Camps", "category_label": "XMR Camps", "icon": "camp", "color": "#34C759", "threat_level": "MEDIUM", "display_fields": [{"label": "Formation", "value": "L-CAR/ 11** CAD"}, {"label": "Infrastructure", "value": "130 tents, 15 sheds"}, {"label": "Equipment", "value": ">350 vehciles"}]}}, {"type": "Feature", "geometry": {"type": "Point", "coordinates": [79.53556, 33.82364]}, "properties": {"id": "xmr_camps_128", "name": "Pal", "category": "XMR Camps", "category_label": "XMR Camps", "icon": "camp", "color": "#34C759", "threat_level": "MEDIUM", "display_fields": [{"label": "Formation", "value": "L-CAR/ 4** CAD/ 11** CAD"}, {"label": "Equipment", "value": "PCL 161"}]}}, {"type": "Feature", "geometry": {"type": "Point", "coordinates": [79.5382, 33.81875]}, "properties": {"id": "xmr_camps_129", "name": "Pal", "category": "XMR Camps", "category_label": "XMR Camps", "icon": "camp", "color": "#34C759", "threat_level": "MEDIUM", "display_fields": [{"label": "Formation", "value": "4** CAD?"}]}}, {"type": "Feature", "geometry": {"type": "Point", "coordinates": [79.5461, 33.8181]}, "properties": {"id": "xmr_camps_130", "name": "Pal", "category": "XMR Camps", "category_label": "XMR Camps", "icon": "camp", "color": "#34C759", "threat_level": "MEDIUM", "display_fields": [{"label": "Formation", "value": "L-CAR / 4** / 11** CAD"}, {"label": "Infrastructure", "value": "Artillery Battalion, 43 S, 14 dugouts"}, {"label": "Equipment", "value": "PCL161, >20 vehicles"}]}}, {"type": "Feature", "geometry": {"type": "Point", "coordinates": [79.5472, 33.8199]}, "properties": {"id": "xmr_camps_131", "name": "Pal", "category": "XMR Camps", "category_label": "XMR Camps", "icon": "camp", "color": "#34C759", "threat_level": "MEDIUM", "display_fields": [{"label": "Formation", "value": "Logistics / Administrative Camp"}, {"label": "Infrastructure", "value": ">70 PFS"}, {"label": "Equipment", "value": "20 vehicles"}, {"label": "Distance LAC", "value": "65"}]}}, {"type": "Feature", "geometry": {"type": "Point", "coordinates": [79.5523, 33.8224]}, "properties": {"id": "xmr_camps_132", "name": "Pal", "category": "XMR Camps", "category_label": "XMR Camps", "icon": "camp", "color": "#34C759", "threat_level": "MEDIUM", "display_fields": [{"label": "Formation", "value": "31* CAR/11** CAD"}]}}, {"type": "Feature", "geometry": {"type": "Point", "coordinates": [79.56493, 33.8177]}, "properties": {"id": "xmr_camps_133", "name": "Pal", "category": "XMR Camps", "category_label": "XMR Camps", "icon": "camp", "color": "#34C759", "threat_level": "MEDIUM", "display_fields": [{"label": "Formation", "value": "4** CAD?"}, {"label": "Infrastructure", "value": "33 sheds"}]}}, {"type": "Feature", "geometry": {"type": "Point", "coordinates": [79.5884, 32.5856]}, "properties": {"id": "xmr_camps_134", "name": "Shershang", "category": "XMR Camps", "category_label": "XMR Camps", "icon": "camp", "color": "#34C759", "threat_level": "MEDIUM", "display_fields": [{"label": "Infrastructure", "value": "Dugouts, 12 Shelters"}, {"label": "Equipment", "value": "20 vehicles"}]}}, {"type": "Feature", "geometry": {"type": "Point", "coordinates": [79.5905, 32.586]}, "properties": {"id": "xmr_camps_135", "name": "Tashigong", "category": "XMR Camps", "category_label": "XMR Camps", "icon": "camp", "color": "#34C759", "threat_level": "MEDIUM", "display_fields": [{"label": "Formation", "value": "56* L-CAB/ 76 GA"}, {"label": "Infrastructure", "value": "CABn- 25 S/B"}]}}, {"type": "Feature", "geometry": {"type": "Point", "coordinates": [79.6033, 32.8476]}, "properties": {"id": "xmr_camps_136", "name": "Chiakang", "category": "XMR Camps", "category_label": "XMR Camps", "icon": "camp", "color": "#34C759", "threat_level": "MEDIUM", "display_fields": [{"label": "Formation", "value": "56* L-CAB/ 76 GA"}, {"label": "Equipment", "value": "12 vehicles"}]}}, {"type": "Feature", "geometry": {"type": "Point", "coordinates": [79.6093, 32.8689]}, "properties": {"id": "xmr_camps_137", "name": "Chiakang", "category": "XMR Camps", "category_label": "XMR Camps", "icon": "camp", "color": "#34C759", "threat_level": "MEDIUM", "display_fields": [{"label": "Formation", "value": "CABn- 17* / 62* H-CAB"}]}}, {"type": "Feature", "geometry": {"type": "Point", "coordinates": [79.6114, 32.8667]}, "properties": {"id": "xmr_camps_138", "name": "Chiakang", "category": "XMR Camps", "category_label": "XMR Camps", "icon": "camp", "color": "#34C759", "threat_level": "MEDIUM", "display_fields": [{"label": "Formation", "value": "17* H-CAB/ 76 GA"}, {"label": "Equipment", "value": "2 T15 tanks?"}]}}, {"type": "Feature", "geometry": {"type": "Point", "coordinates": [79.62, 32.852]}, "properties": {"id": "xmr_camps_139", "name": "Chiakang", "category": "XMR Camps", "category_label": "XMR Camps", "icon": "camp", "color": "#34C759", "threat_level": "MEDIUM", "display_fields": [{"label": "Formation", "value": "17* H-CAB/ 76 GA"}, {"label": "Infrastructure", "value": "16 pits with trenches, UGSF"}]}}, {"type": "Feature", "geometry": {"type": "Point", "coordinates": [79.6353, 32.53]}, "properties": {"id": "xmr_camps_140", "name": "Tashigong", "category": "XMR Camps", "category_label": "XMR Camps", "icon": "camp", "color": "#34C759", "threat_level": "MEDIUM", "display_fields": [{"label": "Formation", "value": "CABn 56*/ 182* L-CAB/ 76 GA"}, {"label": "Infrastructure", "value": "6 S, >10 dugouts"}, {"label": "Equipment", "value": ">6 vehicles"}]}}, {"type": "Feature", "geometry": {"type": "Point", "coordinates": [79.6669, 31.4221]}, "properties": {"id": "xmr_camps_141", "name": "Tholing", "category": "XMR Camps", "category_label": "XMR Camps", "icon": "camp", "color": "#34C759", "threat_level": "MEDIUM", "display_fields": [{"label": "Formation", "value": "CABn 56* L-CAB/ 76 GA"}]}}, {"type": "Feature", "geometry": {"type": "Point", "coordinates": [79.667, 31.424]}, "properties": {"id": "xmr_camps_142", "name": "Tholing SW", "category": "XMR Camps", "category_label": "XMR Camps", "icon": "camp", "color": "#34C759", "threat_level": "MEDIUM", "display_fields": [{"label": "Formation", "value": "CABn 56* L-CAB/ 76 GA"}, {"label": "Equipment", "value": ">60V"}]}}, {"type": "Feature", "geometry": {"type": "Point", "coordinates": [79.6726, 31.4532]}, "properties": {"id": "xmr_camps_143", "name": "Tholing SW", "category": "XMR Camps", "category_label": "XMR Camps", "icon": "camp", "color": "#34C759", "threat_level": "MEDIUM", "display_fields": [{"label": "Formation", "value": "182* L-CAB/ 76 GA"}, {"label": "Infrastructure", "value": "14 tents"}, {"label": "Equipment", "value": ">10V, 13 Equipment"}]}}, {"type": "Feature", "geometry": {"type": "Point", "coordinates": [79.6817, 32.6059]}, "properties": {"id": "xmr_camps_144", "name": "Tashigong E", "category": "XMR Camps", "category_label": "XMR Camps", "icon": "camp", "color": "#34C759", "threat_level": "MEDIUM", "display_fields": [{"label": "Formation", "value": "17* H-CAB/ 76 GA - CABn"}, {"label": "Infrastructure", "value": "14 dugouts"}, {"label": "Equipment", "value": ">10 vehicles"}, {"label": "Start Time", "value": "2023-09-01 00:00:00"}]}}, {"type": "Feature", "geometry": {"type": "Point", "coordinates": [79.71, 33.369]}, "properties": {"id": "xmr_camps_145", "name": "Rudok", "category": "XMR Camps", "category_label": "XMR Camps", "icon": "camp", "color": "#34C759", "threat_level": "MEDIUM", "display_fields": []}}, {"type": "Feature", "geometry": {"type": "Point", "coordinates": [79.7136, 33.3935]}, "properties": {"id": "xmr_camps_146", "name": "Rudok", "category": "XMR Camps", "category_label": "XMR Camps", "icon": "camp", "color": "#34C759", "threat_level": "MEDIUM", "display_fields": [{"label": "Formation", "value": "4** / 11** CAD"}, {"label": "Equipment", "value": ">15 V"}]}}, {"type": "Feature", "geometry": {"type": "Point", "coordinates": [79.7241, 33.3713]}, "properties": {"id": "xmr_camps_147", "name": "Rudok", "category": "XMR Camps", "category_label": "XMR Camps", "icon": "camp", "color": "#34C759", "threat_level": "MEDIUM", "display_fields": [{"label": "Formation", "value": "4** Firepower"}]}}, {"type": "Feature", "geometry": {"type": "Point", "coordinates": [79.737, 33.373]}, "properties": {"id": "xmr_camps_148", "name": "Rudok", "category": "XMR Camps", "category_label": "XMR Camps", "icon": "camp", "color": "#34C759", "threat_level": "MEDIUM", "display_fields": []}}, {"type": "Feature", "geometry": {"type": "Point", "coordinates": [79.744, 33.374]}, "properties": {"id": "xmr_camps_149", "name": "Rudok", "category": "XMR Camps", "category_label": "XMR Camps", "icon": "camp", "color": "#34C759", "threat_level": "MEDIUM", "display_fields": [{"label": "Formation", "value": "4** / 11** Firepower"}, {"label": "Equipment", "value": ">250 V"}]}}, {"type": "Feature", "geometry": {"type": "Point", "coordinates": [79.75696, 33.39794]}, "properties": {"id": "xmr_camps_150", "name": "Rudok", "category": "XMR Camps", "category_label": "XMR Camps", "icon": "camp", "color": "#34C759", "threat_level": "MEDIUM", "display_fields": [{"label": "Formation", "value": "4** Firepower & 84 Engineer"}]}}, {"type": "Feature", "geometry": {"type": "Point", "coordinates": [79.76691, 31.491]}, "properties": {"id": "xmr_camps_151", "name": "Tholing", "category": "XMR Camps", "category_label": "XMR Camps", "icon": "camp", "color": "#34C759", "threat_level": "MEDIUM", "display_fields": [{"label": "Formation", "value": "HQ16A SAM Battalion temporary location"}]}}, {"type": "Feature", "geometry": {"type": "Point", "coordinates": [79.77, 31.4975]}, "properties": {"id": "xmr_camps_152", "name": "Tholing", "category": "XMR Camps", "category_label": "XMR Camps", "icon": "camp", "color": "#34C759", "threat_level": "MEDIUM", "display_fields": [{"label": "Formation", "value": "PHL03 battalion temporary location"}, {"label": "Infrastructure", "value": "BD Camp"}, {"label": "Equipment", "value": ">67 V"}]}}, {"type": "Feature", "geometry": {"type": "Point", "coordinates": [79.777, 33.392]}, "properties": {"id": "xmr_camps_153", "name": "Rudok", "category": "XMR Camps", "category_label": "XMR Camps", "icon": "camp", "color": "#34C759", "threat_level": "MEDIUM", "display_fields": [{"label": "Formation", "value": "4** Firepower"}, {"label": "Infrastructure", "value": "Containerised Housing Units, dugouts, tunnels"}, {"label": "Equipment", "value": "80 vehicles"}]}}, {"type": "Feature", "geometry": {"type": "Point", "coordinates": [79.777, 39.3935]}, "properties": {"id": "xmr_camps_154", "name": "Rudok", "category": "XMR Camps", "category_label": "XMR Camps", "icon": "camp", "color": "#34C759", "threat_level": "MEDIUM", "display_fields": [{"label": "Equipment", "value": "250 vehicles"}]}}, {"type": "Feature", "geometry": {"type": "Point", "coordinates": [79.7782, 33.3916]}, "properties": {"id": "xmr_camps_155", "name": "Rudok", "category": "XMR Camps", "category_label": "XMR Camps", "icon": "camp", "color": "#34C759", "threat_level": "MEDIUM", "display_fields": [{"label": "Formation", "value": "4** Firepower"}, {"label": "Equipment", "value": "25 vehicles under cam"}]}}, {"type": "Feature", "geometry": {"type": "Point", "coordinates": [79.784, 33.396]}, "properties": {"id": "xmr_camps_156", "name": "Rudok", "category": "XMR Camps", "category_label": "XMR Camps", "icon": "camp", "color": "#34C759", "threat_level": "MEDIUM", "display_fields": [{"label": "Formation", "value": "4** Firepower"}, {"label": "Infrastructure", "value": "Containerised Housing Units"}]}}, {"type": "Feature", "geometry": {"type": "Point", "coordinates": [79.7829, 31.49]}, "properties": {"id": "xmr_camps_157", "name": "Tholing", "category": "XMR Camps", "category_label": "XMR Camps", "icon": "camp", "color": "#34C759", "threat_level": "MEDIUM", "display_fields": [{"label": "Formation", "value": "HQ 361 BDR & BD Battalion"}]}}, {"type": "Feature", "geometry": {"type": "Point", "coordinates": [79.7859, 33.4006]}, "properties": {"id": "xmr_camps_158", "name": "Rudok", "category": "XMR Camps", "category_label": "XMR Camps", "icon": "camp", "color": "#34C759", "threat_level": "MEDIUM", "display_fields": [{"label": "Formation", "value": "PHL11 Bn/ 4** Firepower & 84 Engineer"}, {"label": "Infrastructure", "value": ">50 Dugouts"}, {"label": "Equipment", "value": "120V, PHL11"}]}}, {"type": "Feature", "geometry": {"type": "Point", "coordinates": [79.797, 33.4031]}, "properties": {"id": "xmr_camps_159", "name": "Rudok", "category": "XMR Camps", "category_label": "XMR Camps", "icon": "camp", "color": "#34C759", "threat_level": "MEDIUM", "display_fields": [{"label": "Formation", "value": "362* BDR"}]}}, {"type": "Feature", "geometry": {"type": "Point", "coordinates": [79.808, 33.4067]}, "properties": {"id": "xmr_camps_160", "name": "Rudok", "category": "XMR Camps", "category_label": "XMR Camps", "icon": "camp", "color": "#34C759", "threat_level": "MEDIUM", "display_fields": [{"label": "Infrastructure", "value": "PLA Camp"}, {"label": "Equipment", "value": ">115 V"}]}}, {"type": "Feature", "geometry": {"type": "Point", "coordinates": [79.8108, 33.4086]}, "properties": {"id": "xmr_camps_161", "name": "Rudok", "category": "XMR Camps", "category_label": "XMR Camps", "icon": "camp", "color": "#34C759", "threat_level": "MEDIUM", "display_fields": [{"label": "Formation", "value": "4** Firepower & 84 Engineer"}, {"label": "Infrastructure", "value": "7 dugouts"}, {"label": "Equipment", "value": ">170 V"}]}}, {"type": "Feature", "geometry": {"type": "Point", "coordinates": [79.83, 33.42]}, "properties": {"id": "xmr_camps_162", "name": "Rudok", "category": "XMR Camps", "category_label": "XMR Camps", "icon": "camp", "color": "#34C759", "threat_level": "MEDIUM", "display_fields": [{"label": "Infrastructure", "value": "Firing range"}, {"label": "Equipment", "value": ">30 V"}]}}, {"type": "Feature", "geometry": {"type": "Point", "coordinates": [79.8414, 33.4025]}, "properties": {"id": "xmr_camps_163", "name": "Rudok", "category": "XMR Camps", "category_label": "XMR Camps", "icon": "camp", "color": "#34C759", "threat_level": "MEDIUM", "display_fields": [{"label": "Formation", "value": "4** CAD"}, {"label": "Infrastructure", "value": "PLA Camp"}]}}, {"type": "Feature", "geometry": {"type": "Point", "coordinates": [79.8951, 37.1485]}, "properties": {"id": "xmr_camps_164", "name": "Hotan", "category": "XMR Camps", "category_label": "XMR Camps", "icon": "camp", "color": "#34C759", "threat_level": "MEDIUM", "display_fields": [{"label": "Formation", "value": "17* M-CAR/ 6** CAD"}, {"label": "Equipment", "value": ">25 vehicles"}]}}, {"type": "Feature", "geometry": {"type": "Point", "coordinates": [79.903, 33.46]}, "properties": {"id": "xmr_camps_165", "name": "Nyak Tso", "category": "XMR Camps", "category_label": "XMR Camps", "icon": "camp", "color": "#34C759", "threat_level": "MEDIUM", "display_fields": [{"label": "Formation", "value": "10* H-CAR / 4** CAD/ 33* M-CAR/11** CAD"}, {"label": "Infrastructure", "value": "19 Buildings, 41 sheds"}, {"label": "Equipment", "value": ">40 vehicles"}]}}, {"type": "Feature", "geometry": {"type": "Point", "coordinates": [79.908, 33.4489]}, "properties": {"id": "xmr_camps_166", "name": "Nyak Tso", "category": "XMR Camps", "category_label": "XMR Camps", "icon": "camp", "color": "#34C759", "threat_level": "MEDIUM", "display_fields": [{"label": "Formation", "value": "10* H-CAR / 4** CAD/ 33* M-CAR/11** CAD"}, {"label": "Equipment", "value": ">110 vehicles"}]}}, {"type": "Feature", "geometry": {"type": "Point", "coordinates": [79.9198, 36.9875]}, "properties": {"id": "xmr_camps_167", "name": "Hotan SAM site", "category": "XMR Camps", "category_label": "XMR Camps", "icon": "camp", "color": "#34C759", "threat_level": "MEDIUM", "display_fields": [{"label": "Formation", "value": "PLAAF"}, {"label": "Infrastructure", "value": "120-125 temporary shelters"}, {"label": "Equipment", "value": ">100 V"}]}}, {"type": "Feature", "geometry": {"type": "Point", "coordinates": [79.9262, 33.5365]}, "properties": {"id": "xmr_camps_168", "name": "Nyak Tso", "category": "XMR Camps", "category_label": "XMR Camps", "icon": "camp", "color": "#34C759", "threat_level": "MEDIUM", "display_fields": [{"label": "Formation", "value": "10* H-CAR / 4** CAD/ 33* M-CAR/11** CAD"}, {"label": "Equipment", "value": ">15 V"}]}}, {"type": "Feature", "geometry": {"type": "Point", "coordinates": [79.9266, 31.2231]}, "properties": {"id": "xmr_camps_169", "name": "Dapa Dzong", "category": "XMR Camps", "category_label": "XMR Camps", "icon": "camp", "color": "#34C759", "threat_level": "MEDIUM", "display_fields": [{"label": "Formation", "value": "361* BDR"}, {"label": "Infrastructure", "value": "Helipad"}]}}, {"type": "Feature", "geometry": {"type": "Point", "coordinates": [79.9299, 33.525]}, "properties": {"id": "xmr_camps_170", "name": "Nyak Tso", "category": "XMR Camps", "category_label": "XMR Camps", "icon": "camp", "color": "#34C759", "threat_level": "MEDIUM", "display_fields": [{"label": "Formation", "value": "10* H-CAR / 4** CAD/ 33* M-CAR/11** CAD"}]}}, {"type": "Feature", "geometry": {"type": "Point", "coordinates": [79.9903, 32.4083]}, "properties": {"id": "xmr_camps_171", "name": "Shiquanhe  West (Jardong)", "category": "XMR Camps", "category_label": "XMR Camps", "icon": "camp", "color": "#34C759", "threat_level": "MEDIUM", "display_fields": [{"label": "Formation", "value": "139* H-CAB/ 77th GA"}, {"label": "Infrastructure", "value": "6 tunnels, 3 UC tunnels"}]}}, {"type": "Feature", "geometry": {"type": "Point", "coordinates": [80.009, 32.42]}, "properties": {"id": "xmr_camps_172", "name": "Jandong (Shiquanhe)", "category": "XMR Camps", "category_label": "XMR Camps", "icon": "camp", "color": "#34C759", "threat_level": "MEDIUM", "display_fields": []}}, {"type": "Feature", "geometry": {"type": "Point", "coordinates": [80.0113, 32.2507]}, "properties": {"id": "xmr_camps_173", "name": "Jandong (Shiquanhe)", "category": "XMR Camps", "category_label": "XMR Camps", "icon": "camp", "color": "#34C759", "threat_level": "MEDIUM", "display_fields": [{"label": "Infrastructure", "value": "Garrison / Ammunition Depot"}]}}, {"type": "Feature", "geometry": {"type": "Point", "coordinates": [80.0124, 32.4211]}, "properties": {"id": "xmr_camps_174", "name": "Jandong (Shiquanhe)", "category": "XMR Camps", "category_label": "XMR Camps", "icon": "camp", "color": "#34C759", "threat_level": "MEDIUM", "display_fields": []}}, {"type": "Feature", "geometry": {"type": "Point", "coordinates": [80.0202, 32.4185]}, "properties": {"id": "xmr_camps_175", "name": "Jandong (Shiquanhe)", "category": "XMR Camps", "category_label": "XMR Camps", "icon": "camp", "color": "#34C759", "threat_level": "MEDIUM", "display_fields": [{"label": "Infrastructure", "value": "5 dugouts"}]}}, {"type": "Feature", "geometry": {"type": "Point", "coordinates": [80.0387, 32.27248]}, "properties": {"id": "xmr_camps_176", "name": "Sezou (Shiquanhe)", "category": "XMR Camps", "category_label": "XMR Camps", "icon": "camp", "color": "#34C759", "threat_level": "MEDIUM", "display_fields": [{"label": "Infrastructure", "value": "4 S, near tunnel"}]}}, {"type": "Feature", "geometry": {"type": "Point", "coordinates": [80.05833, 32.4955]}, "properties": {"id": "xmr_camps_177", "name": "Shiquanhe", "category": "XMR Camps", "category_label": "XMR Camps", "icon": "camp", "color": "#34C759", "threat_level": "MEDIUM", "display_fields": [{"label": "Formation", "value": "17 H-CAB, 139 H-CAB & 56 L-CAB"}, {"label": "Infrastructure", "value": "40 Bs, 54 sheds"}, {"label": "Equipment", "value": ">160 vehicles"}]}}, {"type": "Feature", "geometry": {"type": "Point", "coordinates": [80.0599, 32.547]}, "properties": {"id": "xmr_camps_178", "name": "Shiquanhe", "category": "XMR Camps", "category_label": "XMR Camps", "icon": "camp", "color": "#34C759", "threat_level": "MEDIUM", "display_fields": [{"label": "Equipment", "value": "12 HETs, 12V"}]}}, {"type": "Feature", "geometry": {"type": "Point", "coordinates": [80.0615, 32.5724]}, "properties": {"id": "xmr_camps_179", "name": "Shiquanhe", "category": "XMR Camps", "category_label": "XMR Camps", "icon": "camp", "color": "#34C759", "threat_level": "MEDIUM", "display_fields": [{"label": "Formation", "value": "Artillery Bn/ 17* / 139* H-CAB"}, {"label": "Equipment", "value": "5 vehicles, 27 CSKs"}]}}, {"type": "Feature", "geometry": {"type": "Point", "coordinates": [80.068611, 32.65277]}, "properties": {"id": "xmr_camps_180", "name": "Shiuanhe", "category": "XMR Camps", "category_label": "XMR Camps", "icon": "camp", "color": "#34C759", "threat_level": "MEDIUM", "display_fields": [{"label": "Formation", "value": "2 CABn / 139 H-CAB"}, {"label": "Infrastructure", "value": "136 Dugouts, Communication trenches, 10 Bunkers"}]}}, {"type": "Feature", "geometry": {"type": "Point", "coordinates": [80.0709, 32.2841]}, "properties": {"id": "xmr_camps_181", "name": "Senge Tsangpo", "category": "XMR Camps", "category_label": "XMR Camps", "icon": "camp", "color": "#34C759", "threat_level": "MEDIUM", "display_fields": [{"label": "Formation", "value": "62*/ 17* H-CAB/ 76 GA"}]}}, {"type": "Feature", "geometry": {"type": "Point", "coordinates": [80.0712, 32.4958]}, "properties": {"id": "xmr_camps_182", "name": "Shiquanhe", "category": "XMR Camps", "category_label": "XMR Camps", "icon": "camp", "color": "#34C759", "threat_level": "MEDIUM", "display_fields": [{"label": "Formation", "value": "17 H-CAB / 76 GA"}]}}, {"type": "Feature", "geometry": {"type": "Point", "coordinates": [80.0912, 32.3499]}, "properties": {"id": "xmr_camps_183", "name": "Shiuanhe South", "category": "XMR Camps", "category_label": "XMR Camps", "icon": "camp", "color": "#34C759", "threat_level": "MEDIUM", "display_fields": []}}, {"type": "Feature", "geometry": {"type": "Point", "coordinates": [80.1197, 32.4814]}, "properties": {"id": "xmr_camps_184", "name": "Senge Tsangpo", "category": "XMR Camps", "category_label": "XMR Camps", "icon": "camp", "color": "#34C759", "threat_level": "MEDIUM", "display_fields": [{"label": "Formation", "value": "2 L-CABns / SOF"}]}}, {"type": "Feature", "geometry": {"type": "Point", "coordinates": [80.1458, 32.4499]}, "properties": {"id": "xmr_camps_185", "name": "Shiquanhe SE", "category": "XMR Camps", "category_label": "XMR Camps", "icon": "camp", "color": "#34C759", "threat_level": "MEDIUM", "display_fields": [{"label": "Formation", "value": "18* H-CAR"}, {"label": "Infrastructure", "value": "2 battalions"}, {"label": "Equipment", "value": "18 vehciles"}]}}, {"type": "Feature", "geometry": {"type": "Point", "coordinates": [80.15383, 44.92663]}, "properties": {"id": "xmr_camps_186", "name": "Kazan River", "category": "XMR Camps", "category_label": "XMR Camps", "icon": "camp", "color": "#34C759", "threat_level": "MEDIUM", "display_fields": [{"label": "Formation", "value": "Coy/ 368* BDR"}, {"label": "Infrastructure", "value": "Company"}]}}, {"type": "Feature", "geometry": {"type": "Point", "coordinates": [80.1536, 32.4447]}, "properties": {"id": "xmr_camps_187", "name": "Senge Tsangpo", "category": "XMR Camps", "category_label": "XMR Camps", "icon": "camp", "color": "#34C759", "threat_level": "MEDIUM", "display_fields": [{"label": "Formation", "value": "139* H-CAB/ 77th GA"}, {"label": "Infrastructure", "value": ">25 PFS"}]}}, {"type": "Feature", "geometry": {"type": "Point", "coordinates": [80.173, 32.44]}, "properties": {"id": "xmr_camps_188", "name": "Shiquanhe SE", "category": "XMR Camps", "category_label": "XMR Camps", "icon": "camp", "color": "#34C759", "threat_level": "MEDIUM", "display_fields": [{"label": "Formation", "value": "17* H-CAB/ 76 GA"}, {"label": "Equipment", "value": "12 vehicles"}]}}, {"type": "Feature", "geometry": {"type": "Point", "coordinates": [80.185, 32.433]}, "properties": {"id": "xmr_camps_189", "name": "Shiquanhe", "category": "XMR Camps", "category_label": "XMR Camps", "icon": "camp", "color": "#34C759", "threat_level": "MEDIUM", "display_fields": [{"label": "Infrastructure", "value": "PLA Complex / storage facility"}]}}, {"type": "Feature", "geometry": {"type": "Point", "coordinates": [80.2037, 32.4596]}, "properties": {"id": "xmr_camps_190", "name": "Shiquanhe", "category": "XMR Camps", "category_label": "XMR Camps", "icon": "camp", "color": "#34C759", "threat_level": "MEDIUM", "display_fields": [{"label": "Formation", "value": "17* H-CAB, 139* H-CAB"}, {"label": "Equipment", "value": "70V"}]}}, {"type": "Feature", "geometry": {"type": "Point", "coordinates": [80.2171, 41.15328]}, "properties": {"id": "xmr_camps_191", "name": "Aksu", "category": "XMR Camps", "category_label": "XMR Camps", "icon": "camp", "color": "#34C759", "threat_level": "MEDIUM", "display_fields": [{"label": "Formation", "value": "Aksu MSD"}]}}, {"type": "Feature", "geometry": {"type": "Point", "coordinates": [80.222, 32.416]}, "properties": {"id": "xmr_camps_192", "name": "Shiquanhe SE", "category": "XMR Camps", "category_label": "XMR Camps", "icon": "camp", "color": "#34C759", "threat_level": "MEDIUM", "display_fields": [{"label": "Formation", "value": "62*/ 17* H-CAB/ 76 GA"}, {"label": "Equipment", "value": "14 V, 7 HET"}]}}, {"type": "Feature", "geometry": {"type": "Point", "coordinates": [80.26, 41.183]}, "properties": {"id": "xmr_camps_193", "name": "Aksu", "category": "XMR Camps", "category_label": "XMR Camps", "icon": "camp", "color": "#34C759", "threat_level": "MEDIUM", "display_fields": [{"label": "Formation", "value": "11* L-CAR/ 4** CAD"}]}}, {"type": "Feature", "geometry": {"type": "Point", "coordinates": [80.2803, 34.6397]}, "properties": {"id": "xmr_camps_194", "name": "Sumxi", "category": "XMR Camps", "category_label": "XMR Camps", "icon": "camp", "color": "#34C759", "threat_level": "MEDIUM", "display_fields": [{"label": "Formation", "value": "Coy/ 363* BDR"}, {"label": "Infrastructure", "value": "Transit facility"}]}}, {"type": "Feature", "geometry": {"type": "Point", "coordinates": [80.3819, 33.7119]}, "properties": {"id": "xmr_camps_195", "name": "Domar", "category": "XMR Camps", "category_label": "XMR Camps", "icon": "camp", "color": "#34C759", "threat_level": "MEDIUM", "display_fields": [{"label": "Formation", "value": "Signals unit"}, {"label": "Infrastructure", "value": "Bn size container-based housing area"}, {"label": "Equipment", "value": "CTM chassis vehciles"}]}}, {"type": "Feature", "geometry": {"type": "Point", "coordinates": [80.4294, 33.6393]}, "properties": {"id": "xmr_camps_196", "name": "Domar", "category": "XMR Camps", "category_label": "XMR Camps", "icon": "camp", "color": "#34C759", "threat_level": "MEDIUM", "display_fields": [{"label": "Formation", "value": "PHL03 / 76* Artillery"}, {"label": "Equipment", "value": "20 PHL03 vehicles"}]}}, {"type": "Feature", "geometry": {"type": "Point", "coordinates": [80.4397, 33.6795]}, "properties": {"id": "xmr_camps_197", "name": "Domar", "category": "XMR Camps", "category_label": "XMR Camps", "icon": "camp", "color": "#34C759", "threat_level": "MEDIUM", "display_fields": [{"label": "Formation", "value": "PHL03 ammunition"}, {"label": "Infrastructure", "value": "12 semi-buried box structures"}, {"label": "Equipment", "value": ">15V"}]}}, {"type": "Feature", "geometry": {"type": "Point", "coordinates": [80.448, 35.656]}, "properties": {"id": "xmr_camps_198", "name": "Domar Helibase", "category": "XMR Camps", "category_label": "XMR Camps", "icon": "camp", "color": "#34C759", "threat_level": "MEDIUM", "display_fields": [{"label": "Formation", "value": "PCL191/ 76*/84* Artillery"}, {"label": "Equipment", "value": "25 vehicles"}]}}, {"type": "Feature", "geometry": {"type": "Point", "coordinates": [81.1793, 30.3021]}, "properties": {"id": "xmr_camps_199", "name": "Taklakot", "category": "XMR Camps", "category_label": "XMR Camps", "icon": "camp", "color": "#34C759", "threat_level": "MEDIUM", "display_fields": [{"label": "Formation", "value": "Bn 361* BDR"}]}}, {"type": "Feature", "geometry": {"type": "Point", "coordinates": [81.8175, 41.8147]}, "properties": {"id": "xmr_camps_200", "name": "Baicheng", "category": "XMR Camps", "category_label": "XMR Camps", "icon": "camp", "color": "#34C759", "threat_level": "MEDIUM", "display_fields": [{"label": "Formation", "value": "4** CAD Firepower Regiment"}, {"label": "Infrastructure", "value": "Permanennt Garrison"}, {"label": "Equipment", "value": ">20 guns, >420 V"}]}}, {"type": "Feature", "geometry": {"type": "Point", "coordinates": [82.58533, 45.22202]}, "properties": {"id": "xmr_camps_201", "name": "Alashankou", "category": "XMR Camps", "category_label": "XMR Camps", "icon": "camp", "color": "#34C759", "threat_level": "MEDIUM", "display_fields": [{"label": "Formation", "value": "Coy/ 369* BDR"}, {"label": "Infrastructure", "value": "Company"}]}}, {"type": "Feature", "geometry": {"type": "Point", "coordinates": [82.98, 41.72]}, "properties": {"id": "xmr_camps_202", "name": "Kuqa", "category": "XMR Camps", "category_label": "XMR Camps", "icon": "camp", "color": "#34C759", "threat_level": "MEDIUM", "display_fields": [{"label": "Formation", "value": "HQ 4** CAD"}, {"label": "Infrastructure", "value": "Permanennt Garrison"}, {"label": "Equipment", "value": ">120 V"}]}}, {"type": "Feature", "geometry": {"type": "Point", "coordinates": [84.282, 41.797]}, "properties": {"id": "xmr_camps_203", "name": "Luntai", "category": "XMR Camps", "category_label": "XMR Camps", "icon": "camp", "color": "#34C759", "threat_level": "MEDIUM", "display_fields": [{"label": "Formation", "value": "12* L-CAR/ 4** CAD"}, {"label": "Equipment", "value": "105 V"}]}}, {"type": "Feature", "geometry": {"type": "Point", "coordinates": [84.2846, 41.7993]}, "properties": {"id": "xmr_camps_204", "name": "Luntai", "category": "XMR Camps", "category_label": "XMR Camps", "icon": "camp", "color": "#34C759", "threat_level": "MEDIUM", "display_fields": [{"label": "Formation", "value": "12* L-CAR/ 4** CAD"}, {"label": "Infrastructure", "value": "Permanennt Garrison"}, {"label": "Equipment", "value": "240-350 V"}]}}, {"type": "Feature", "geometry": {"type": "Point", "coordinates": [84.8727, 44.3431]}, "properties": {"id": "xmr_camps_205", "name": "Dushanzi", "category": "XMR Camps", "category_label": "XMR Camps", "icon": "camp", "color": "#34C759", "threat_level": "MEDIUM", "display_fields": [{"label": "Formation", "value": "22* L-CAR/ 8** CAD"}, {"label": "Equipment", "value": ">470 V"}]}}, {"type": "Feature", "geometry": {"type": "Point", "coordinates": [87.5788, 43.8461]}, "properties": {"id": "xmr_camps_206", "name": "Urumqi", "category": "XMR Camps", "category_label": "XMR Camps", "icon": "camp", "color": "#34C759", "threat_level": "MEDIUM", "display_fields": [{"label": "Formation", "value": "HQ 11** CAD"}, {"label": "Equipment", "value": "149 V"}]}}, {"type": "Feature", "geometry": {"type": "Point", "coordinates": [87.6371, 43.8218]}, "properties": {"id": "xmr_camps_207", "name": "Shuimoqou / Urumqi", "category": "XMR Camps", "category_label": "XMR Camps", "icon": "camp", "color": "#34C759", "threat_level": "MEDIUM", "display_fields": [{"label": "Formation", "value": "33* M-CAR/ 11** CAD"}, {"label": "Equipment", "value": "42 vehicles"}]}}, {"type": "Feature", "geometry": {"type": "Point", "coordinates": [87.657, 43.758]}, "properties": {"id": "xmr_camps_208", "name": "Urumqi", "category": "XMR Camps", "category_label": "XMR Camps", "icon": "camp", "color": "#34C759", "threat_level": "MEDIUM", "display_fields": [{"label": "Formation", "value": "33* M-CAR/ 11** CAD/ 84* Engineer?"}, {"label": "Equipment", "value": "97 Vehicles"}]}}, {"type": "Feature", "geometry": {"type": "Point", "coordinates": [89.1288, 43.996]}, "properties": {"id": "xmr_camps_209", "name": "Jimsar", "category": "XMR Camps", "category_label": "XMR Camps", "icon": "camp", "color": "#34C759", "threat_level": "MEDIUM", "display_fields": [{"label": "Formation", "value": "31* L-CAR/11** CAD"}]}}, {"type": "Feature", "geometry": {"type": "Point", "coordinates": [89.1329, 43.9942]}, "properties": {"id": "xmr_camps_210", "name": "Jimsar", "category": "XMR Camps", "category_label": "XMR Camps", "icon": "camp", "color": "#34C759", "threat_level": "MEDIUM", "display_fields": [{"label": "Formation", "value": "31* L-CAR/11** CAD"}, {"label": "Equipment", "value": ">440 vehicles / equipment"}]}}, {"type": "Feature", "geometry": {"type": "Point", "coordinates": [89.134, 43.997]}, "properties": {"id": "xmr_camps_211", "name": "Jimsar", "category": "XMR Camps", "category_label": "XMR Camps", "icon": "camp", "color": "#34C759", "threat_level": "MEDIUM", "display_fields": [{"label": "Formation", "value": "31* L-CAR/11** CAD"}, {"label": "Equipment", "value": "584 vehicles"}]}}, {"type": "Feature", "geometry": {"type": "Point", "coordinates": [89.148, 43.995]}, "properties": {"id": "xmr_camps_212", "name": "Jimsar", "category": "XMR Camps", "category_label": "XMR Camps", "icon": "camp", "color": "#34C759", "threat_level": "MEDIUM", "display_fields": [{"label": "Formation", "value": "31* L-CAR/11** CAD"}, {"label": "Infrastructure", "value": "24 sheds"}]}}, {"type": "Feature", "geometry": {"type": "Point", "coordinates": [89.1905, 42.9714]}, "properties": {"id": "xmr_camps_213", "name": "Turpan", "category": "XMR Camps", "category_label": "XMR Camps", "icon": "camp", "color": "#34C759", "threat_level": "MEDIUM", "display_fields": [{"label": "Formation", "value": "32* L-CAR/11** CAD"}, {"label": "Infrastructure", "value": "Temporary sheds"}, {"label": "Equipment", "value": "103 vehicles, 10 equipment"}]}}, {"type": "Feature", "geometry": {"type": "Point", "coordinates": [89.1963, 42.9702]}, "properties": {"id": "xmr_camps_214", "name": "Toksun / Turpan", "category": "XMR Camps", "category_label": "XMR Camps", "icon": "camp", "color": "#34C759", "threat_level": "MEDIUM", "display_fields": [{"label": "Formation", "value": "32* L-CAR/11** CAD"}, {"label": "Equipment", "value": "21 vehicles, 2 guns"}]}}, {"type": "Feature", "geometry": {"type": "Point", "coordinates": [89.199, 42.982]}, "properties": {"id": "xmr_camps_215", "name": "Turpan", "category": "XMR Camps", "category_label": "XMR Camps", "icon": "camp", "color": "#34C759", "threat_level": "MEDIUM", "display_fields": [{"label": "Formation", "value": "32* L-CAR/11** CAD"}, {"label": "Infrastructure", "value": "Camp"}]}}, {"type": "Feature", "geometry": {"type": "Point", "coordinates": [78.813, 32.1569]}, "properties": {"id": "central_camps_001", "name": "Manza", "category": "Central Camps", "category_label": "Central Camps", "icon": "camp", "color": "#34C759", "threat_level": "MEDIUM", "display_fields": [{"label": "Formation", "value": "361* BDR"}, {"label": "Infrastructure", "value": "Helipad"}]}}, {"type": "Feature", "geometry": {"type": "Point", "coordinates": [78.8118, 31.8096]}, "properties": {"id": "central_camps_002", "name": "Kiuk", "category": "Central Camps", "category_label": "Central Camps", "icon": "camp", "color": "#34C759", "threat_level": "MEDIUM", "display_fields": [{"label": "Infrastructure", "value": "Helipad, >10S"}]}}, {"type": "Feature", "geometry": {"type": "Point", "coordinates": [78.8677, 31.7838]}, "properties": {"id": "central_camps_003", "name": "Shipki La", "category": "Central Camps", "category_label": "Central Camps", "icon": "camp", "color": "#34C759", "threat_level": "MEDIUM", "display_fields": [{"label": "Infrastructure", "value": "9S, 6B"}]}}, {"type": "Feature", "geometry": {"type": "Point", "coordinates": [79.2533, 31.7224]}, "properties": {"id": "central_camps_004", "name": "Diya", "category": "Central Camps", "category_label": "Central Camps", "icon": "camp", "color": "#34C759", "threat_level": "MEDIUM", "display_fields": [{"label": "Formation", "value": "361* BDR"}]}}, {"type": "Feature", "geometry": {"type": "Point", "coordinates": [79.2965, 31.44]}, "properties": {"id": "central_camps_005", "name": "Opp Harsil", "category": "Central Camps", "category_label": "Central Camps", "icon": "camp", "color": "#34C759", "threat_level": "MEDIUM", "display_fields": [{"label": "Road", "value": "G695"}, {"label": "Distance LAC", "value": "13"}]}}, {"type": "Feature", "geometry": {"type": "Point", "coordinates": [79.487, 31.326]}, "properties": {"id": "central_camps_006", "name": "Poling", "category": "Central Camps", "category_label": "Central Camps", "icon": "camp", "color": "#34C759", "threat_level": "MEDIUM", "display_fields": [{"label": "Road", "value": "G695/S303"}]}}, {"type": "Feature", "geometry": {"type": "Point", "coordinates": [79.5428, 31.2993]}, "properties": {"id": "central_camps_007", "name": "Lumurti", "category": "Central Camps", "category_label": "Central Camps", "icon": "camp", "color": "#34C759", "threat_level": "MEDIUM", "display_fields": []}}, {"type": "Feature", "geometry": {"type": "Point", "coordinates": [79.9022, 30.9699]}, "properties": {"id": "central_camps_008", "name": "Niti Pass", "category": "Central Camps", "category_label": "Central Camps", "icon": "camp", "color": "#34C759", "threat_level": "MEDIUM", "display_fields": [{"label": "Infrastructure", "value": "6 PFS"}]}}, {"type": "Feature", "geometry": {"type": "Point", "coordinates": [79.9273, 31.2278]}, "properties": {"id": "central_camps_009", "name": "Dapa Dzong", "category": "Central Camps", "category_label": "Central Camps", "icon": "camp", "color": "#34C759", "threat_level": "MEDIUM", "display_fields": [{"label": "Formation", "value": "361* BDR"}]}}, {"type": "Feature", "geometry": {"type": "Point", "coordinates": [79.9755, 30.9894]}, "properties": {"id": "central_camps_010", "name": "Shanki Base (Tunjun La North)", "category": "Central Camps", "category_label": "Central Camps", "icon": "camp", "color": "#34C759", "threat_level": "MEDIUM", "display_fields": [{"label": "Equipment", "value": "6 vehciles"}, {"label": "Distance LAC", "value": "12.5"}]}}, {"type": "Feature", "geometry": {"type": "Point", "coordinates": [80.5637, 31.0748]}, "properties": {"id": "central_camps_011", "name": "Kyunglung", "category": "Central Camps", "category_label": "Central Camps", "icon": "camp", "color": "#34C759", "threat_level": "MEDIUM", "display_fields": [{"label": "Formation", "value": "361* BDR"}]}}, {"type": "Feature", "geometry": {"type": "Point", "coordinates": [80.662, 30.9531]}, "properties": {"id": "central_camps_012", "name": "Chorten", "category": "Central Camps", "category_label": "Central Camps", "icon": "camp", "color": "#34C759", "threat_level": "MEDIUM", "display_fields": [{"label": "Infrastructure", "value": "Bridge"}]}}, {"type": "Feature", "geometry": {"type": "Point", "coordinates": [80.7608, 31.1816]}, "properties": {"id": "central_camps_013", "name": "Menze North", "category": "Central Camps", "category_label": "Central Camps", "icon": "camp", "color": "#34C759", "threat_level": "MEDIUM", "display_fields": [{"label": "Infrastructure", "value": "16 buildings"}, {"label": "Road", "value": "G219"}]}}, {"type": "Feature", "geometry": {"type": "Point", "coordinates": [80.7657, 31.1793]}, "properties": {"id": "central_camps_014", "name": "Menze East", "category": "Central Camps", "category_label": "Central Camps", "icon": "camp", "color": "#34C759", "threat_level": "MEDIUM", "display_fields": [{"label": "Infrastructure", "value": "3 shelters"}, {"label": "Road", "value": "G219"}]}}, {"type": "Feature", "geometry": {"type": "Point", "coordinates": [79.0531, 31.5622]}, "properties": {"id": "central_camps_015", "name": "Sarang", "category": "Central Camps", "category_label": "Central Camps", "icon": "camp", "color": "#34C759", "threat_level": "MEDIUM", "display_fields": [{"label": "Infrastructure", "value": "UGF"}]}}, {"type": "Feature", "geometry": {"type": "Point", "coordinates": [81.112979, 30.37724]}, "properties": {"id": "central_camps_016", "name": "Taklakot Dam", "category": "Central Camps", "category_label": "Central Camps", "icon": "camp", "color": "#34C759", "threat_level": "MEDIUM", "display_fields": [{"label": "Formation", "value": "361* BDR"}, {"label": "Equipment", "value": ">40V"}]}}, {"type": "Feature", "geometry": {"type": "Point", "coordinates": [81.17, 30.277]}, "properties": {"id": "central_camps_017", "name": "Taklakot", "category": "Central Camps", "category_label": "Central Camps", "icon": "camp", "color": "#34C759", "threat_level": "MEDIUM", "display_fields": [{"label": "Infrastructure", "value": "11 S"}]}}, {"type": "Feature", "geometry": {"type": "Point", "coordinates": [81.1789, 30.3022]}, "properties": {"id": "central_camps_018", "name": "Taklakot", "category": "Central Camps", "category_label": "Central Camps", "icon": "camp", "color": "#34C759", "threat_level": "MEDIUM", "display_fields": [{"label": "Infrastructure", "value": "Halt location"}]}}, {"type": "Feature", "geometry": {"type": "Point", "coordinates": [81.1359, 30.2829]}, "properties": {"id": "central_camps_019", "name": "Pala", "category": "Central Camps", "category_label": "Central Camps", "icon": "camp", "color": "#34C759", "threat_level": "MEDIUM", "display_fields": [{"label": "Infrastructure", "value": "PLA post-5 MSB, 2S"}]}}, {"type": "Feature", "geometry": {"type": "Point", "coordinates": [84.0504, 32.2959]}, "properties": {"id": "central_camps_020", "name": "Gerze", "category": "Central Camps", "category_label": "Central Camps", "icon": "camp", "color": "#34C759", "threat_level": "MEDIUM", "display_fields": [{"label": "Infrastructure", "value": ">60S"}, {"label": "Equipment", "value": ">30V"}]}}, {"type": "Feature", "geometry": {"type": "Point", "coordinates": [92.41194, 28.52083]}, "properties": {"id": "sigint_001", "name": "Baru La", "category": "SIGINT", "category_label": "SIGINT Facilities", "icon": "sigint", "color": "#5856D6", "threat_level": "HIGH", "display_fields": [{"label": "LAC Dist", "value": "102"}]}}, {"type": "Feature", "geometry": {"type": "Point", "coordinates": [93.41333, 28.58527]}, "properties": {"id": "sigint_002", "name": "Bisa", "category": "SIGINT", "category_label": "SIGINT Facilities", "icon": "sigint", "color": "#5856D6", "threat_level": "HIGH", "display_fields": [{"label": "SIGINT equipment", "value": "EW / surveillance"}]}}, {"type": "Feature", "geometry": {"type": "Point", "coordinates": [88.6313, 28.2473]}, "properties": {"id": "sigint_003", "name": "Brown Ridge", "category": "SIGINT", "category_label": "SIGINT Facilities", "icon": "sigint", "color": "#5856D6", "threat_level": "HIGH", "display_fields": [{"label": "Alternate Name", "value": "Khmaba Dzong"}, {"label": "SIGINT equipment", "value": "1 Radome, 1 communication tower, 4 sheds"}]}}, {"type": "Feature", "geometry": {"type": "Point", "coordinates": [91.0755, 29.30277]}, "properties": {"id": "sigint_004", "name": "Chetesho Dzong", "category": "SIGINT", "category_label": "SIGINT Facilities", "icon": "sigint", "color": "#5856D6", "threat_level": "HIGH", "display_fields": [{"label": "SIGINT equipment", "value": "1 Radome"}]}}, {"type": "Feature", "geometry": {"type": "Point", "coordinates": [89.136, 27.835]}, "properties": {"id": "sigint_005", "name": "Chumbi Valley-1", "category": "SIGINT", "category_label": "SIGINT Facilities", "icon": "sigint", "color": "#5856D6", "threat_level": "HIGH", "display_fields": []}}, {"type": "Feature", "geometry": {"type": "Point", "coordinates": [89.2005, 27.7419]}, "properties": {"id": "sigint_006", "name": "Chumbi Valley-2", "category": "SIGINT", "category_label": "SIGINT Facilities", "icon": "sigint", "color": "#5856D6", "threat_level": "HIGH", "display_fields": []}}, {"type": "Feature", "geometry": {"type": "Point", "coordinates": [90.72555, 29.29916]}, "properties": {"id": "sigint_007", "name": "Chushul Dzong (Qantang)", "category": "SIGINT", "category_label": "SIGINT Facilities", "icon": "sigint", "color": "#5856D6", "threat_level": "HIGH", "display_fields": [{"label": "Alternate Name", "value": "Qangtang"}, {"label": "SIGINT equipment", "value": "1 Radome"}]}}, {"type": "Feature", "geometry": {"type": "Point", "coordinates": [89.8142, 30.8542]}, "properties": {"id": "sigint_008", "name": "Egg Drop", "category": "SIGINT", "category_label": "SIGINT Facilities", "icon": "sigint", "color": "#5856D6", "threat_level": "HIGH", "display_fields": [{"label": "SIGINT equipment", "value": "TA Radar (HQ 16)"}]}}, {"type": "Feature", "geometry": {"type": "Point", "coordinates": [95.158, 29.213]}, "properties": {"id": "sigint_009", "name": "Giling", "category": "SIGINT", "category_label": "SIGINT Facilities", "icon": "sigint", "color": "#5856D6", "threat_level": "HIGH", "display_fields": [{"label": "SIGINT equipment", "value": "1 Radome, 1 communication tower"}]}}, {"type": "Feature", "geometry": {"type": "Point", "coordinates": [92.3458, 28.3177]}, "properties": {"id": "sigint_010", "name": "Gyandro La", "category": "SIGINT", "category_label": "SIGINT Facilities", "icon": "sigint", "color": "#5856D6", "threat_level": "HIGH", "display_fields": [{"label": "LAC Dist", "value": "37"}, {"label": "SIGINT equipment", "value": "Radar Complex ? Under constr"}]}}, {"type": "Feature", "geometry": {"type": "Point", "coordinates": [90.9233, 27.98805]}, "properties": {"id": "sigint_011", "name": "Jelephu", "category": "SIGINT", "category_label": "SIGINT Facilities", "icon": "sigint", "color": "#5856D6", "threat_level": "HIGH", "display_fields": [{"label": "SIGINT equipment", "value": "1 Radome"}]}}, {"type": "Feature", "geometry": {"type": "Point", "coordinates": [90.655, 29.2027]}, "properties": {"id": "sigint_012", "name": "Kampala", "category": "SIGINT", "category_label": "SIGINT Facilities", "icon": "sigint", "color": "#5856D6", "threat_level": "HIGH", "display_fields": [{"label": "SIGINT equipment", "value": "2 Radomes"}]}}, {"type": "Feature", "geometry": {"type": "Point", "coordinates": [91.8494, 27.8141]}, "properties": {"id": "sigint_013", "name": "Ketchen Tso", "category": "SIGINT", "category_label": "SIGINT Facilities", "icon": "sigint", "color": "#5856D6", "threat_level": "HIGH", "display_fields": []}}, {"type": "Feature", "geometry": {"type": "Point", "coordinates": [88.919, 28.074]}, "properties": {"id": "sigint_014", "name": "Khonglakma NE", "category": "SIGINT", "category_label": "SIGINT Facilities", "icon": "sigint", "color": "#5856D6", "threat_level": "HIGH", "display_fields": [{"label": "LAC Dist", "value": "11"}, {"label": "Construction", "value": "2023-11-01 00:00:00"}]}}, {"type": "Feature", "geometry": {"type": "Point", "coordinates": [92.217, 28.4315]}, "properties": {"id": "sigint_015", "name": "Kyeo", "category": "SIGINT", "category_label": "SIGINT Facilities", "icon": "sigint", "color": "#5856D6", "threat_level": "HIGH", "display_fields": [{"label": "LAC Dist", "value": "60"}, {"label": "SIGINT equipment", "value": "Radar, 2 watch towers"}]}}, {"type": "Feature", "geometry": {"type": "Point", "coordinates": [89.13646, 27.83503]}, "properties": {"id": "sigint_016", "name": "Kyrang La", "category": "SIGINT", "category_label": "SIGINT Facilities", "icon": "sigint", "color": "#5856D6", "threat_level": "HIGH", "display_fields": [{"label": "LAC Dist", "value": "25"}, {"label": "SIGINT equipment", "value": "3 radome, Antenna"}, {"label": "Infrastructure", "value": "1 helipad, 6 MSB, 1 shed"}]}}, {"type": "Feature", "geometry": {"type": "Point", "coordinates": [90.952744, 29.50432]}, "properties": {"id": "sigint_017", "name": "Lhasa", "category": "SIGINT", "category_label": "SIGINT Facilities", "icon": "sigint", "color": "#5856D6", "threat_level": "HIGH", "display_fields": [{"label": "SIGINT equipment", "value": "Big bird\" search & acquisition Radar of HQ-9B SAM"}]}}, {"type": "Feature", "geometry": {"type": "Point", "coordinates": [92.4806, 28.4178]}, "properties": {"id": "sigint_018", "name": "Lhunze NE", "category": "SIGINT", "category_label": "SIGINT Facilities", "icon": "sigint", "color": "#5856D6", "threat_level": "HIGH", "display_fields": [{"label": "SIGINT equipment", "value": "Multiple Antenna/ Towers"}, {"label": "Infrastructure", "value": "10 MSB, 3 sheds"}, {"label": "Other Equipment", "value": "5 vehicle mounts"}]}}, {"type": "Feature", "geometry": {"type": "Point", "coordinates": [100.23972, 29.98638]}, "properties": {"id": "sigint_019", "name": "Litang", "category": "SIGINT", "category_label": "SIGINT Facilities", "icon": "sigint", "color": "#5856D6", "threat_level": "HIGH", "display_fields": [{"label": "SIGINT equipment", "value": "3 communication towers"}, {"label": "Infrastructure", "value": "7 B"}]}}, {"type": "Feature", "geometry": {"type": "Point", "coordinates": [97.632054, 28.784631]}, "properties": {"id": "sigint_020", "name": "Mingqiqu/Cutong/Riga", "category": "SIGINT", "category_label": "SIGINT Facilities", "icon": "sigint", "color": "#5856D6", "threat_level": "HIGH", "display_fields": [{"label": "SIGINT equipment", "value": "PLAAF Radar 29th Radar Brigade"}]}}, {"type": "Feature", "geometry": {"type": "Point", "coordinates": [91.85361, 27.81361]}, "properties": {"id": "sigint_021", "name": "Nagdoh", "category": "SIGINT", "category_label": "SIGINT Facilities", "icon": "sigint", "color": "#5856D6", "threat_level": "HIGH", "display_fields": [{"label": "SIGINT equipment", "value": "1 Radome"}]}}, {"type": "Feature", "geometry": {"type": "Point", "coordinates": [91.894, 27.766]}, "properties": {"id": "sigint_022", "name": "Nagdoh", "category": "SIGINT", "category_label": "SIGINT Facilities", "icon": "sigint", "color": "#5856D6", "threat_level": "HIGH", "display_fields": [{"label": "SIGINT equipment", "value": "1 Radome under construction"}]}}, {"type": "Feature", "geometry": {"type": "Point", "coordinates": [92.01, 31.4576]}, "properties": {"id": "sigint_023", "name": "Nagqu", "category": "SIGINT", "category_label": "SIGINT Facilities", "icon": "sigint", "color": "#5856D6", "threat_level": "HIGH", "display_fields": [{"label": "SIGINT equipment", "value": "Antenna seen"}]}}, {"type": "Feature", "geometry": {"type": "Point", "coordinates": [89.5111, 30.8936]}, "properties": {"id": "sigint_024", "name": "Nuo'erdicun NW", "category": "SIGINT", "category_label": "SIGINT Facilities", "icon": "sigint", "color": "#5856D6", "threat_level": "HIGH", "display_fields": [{"label": "SIGINT equipment", "value": "Dove Steep Multi-function Radar"}]}}, {"type": "Feature", "geometry": {"type": "Point", "coordinates": [90.5055, 31.3408]}, "properties": {"id": "sigint_025", "name": "Nuo'erdicun NE", "category": "SIGINT", "category_label": "SIGINT Facilities", "icon": "sigint", "color": "#5856D6", "threat_level": "HIGH", "display_fields": [{"label": "SIGINT equipment", "value": "Split Board Multi-function Radar"}]}}, {"type": "Feature", "geometry": {"type": "Point", "coordinates": [90.1261, 30.5192]}, "properties": {"id": "sigint_026", "name": "Nuo'erdicun SE", "category": "SIGINT", "category_label": "SIGINT Facilities", "icon": "sigint", "color": "#5856D6", "threat_level": "HIGH", "display_fields": [{"label": "SIGINT equipment", "value": "Slap Hit Multi-function radar for CSA-26 SAM"}]}}, {"type": "Feature", "geometry": {"type": "Point", "coordinates": [90.6686, 30.9069]}, "properties": {"id": "sigint_027", "name": "Nuo'erdicun NE/ Chaku Met", "category": "SIGINT", "category_label": "SIGINT Facilities", "icon": "sigint", "color": "#5856D6", "threat_level": "HIGH", "display_fields": [{"label": "SIGINT equipment", "value": "JY-14M/ Gate Guard EW Radar"}]}}, {"type": "Feature", "geometry": {"type": "Point", "coordinates": [88.8361, 28.24305]}, "properties": {"id": "sigint_028", "name": "Nye North", "category": "SIGINT", "category_label": "SIGINT Facilities", "icon": "sigint", "color": "#5856D6", "threat_level": "HIGH", "display_fields": [{"label": "LAC Dist", "value": "21"}, {"label": "SIGINT equipment", "value": "EW / TA Radar"}]}}, {"type": "Feature", "geometry": {"type": "Point", "coordinates": [89.36, 29.21472]}, "properties": {"id": "sigint_029", "name": "Penam Dzong", "category": "SIGINT", "category_label": "SIGINT Facilities", "icon": "sigint", "color": "#5856D6", "threat_level": "HIGH", "display_fields": [{"label": "SIGINT equipment", "value": "1 Radome, 1 communication tower, 1 shed"}]}}, {"type": "Feature", "geometry": {"type": "Point", "coordinates": [89.1184, 27.835]}, "properties": {"id": "sigint_030", "name": "Phari Dzong", "category": "SIGINT", "category_label": "SIGINT Facilities", "icon": "sigint", "color": "#5856D6", "threat_level": "HIGH", "display_fields": [{"label": "SIGINT equipment", "value": "BU-304 Short Board EW Radar, JH10 EW Radar"}]}}, {"type": "Feature", "geometry": {"type": "Point", "coordinates": [89.2002, 27.742]}, "properties": {"id": "sigint_031", "name": "Phari Dzong", "category": "SIGINT", "category_label": "SIGINT Facilities", "icon": "sigint", "color": "#5856D6", "threat_level": "HIGH", "display_fields": [{"label": "Alternate Name", "value": "Yele La"}, {"label": "SIGINT equipment", "value": "3 Radomes, 4 communication towers"}]}}, {"type": "Feature", "geometry": {"type": "Point", "coordinates": [91.84983, 27.81328]}, "properties": {"id": "sigint_032", "name": "Ranbir Ri", "category": "SIGINT", "category_label": "SIGINT Facilities", "icon": "sigint", "color": "#5856D6", "threat_level": "HIGH", "display_fields": [{"label": "SIGINT equipment", "value": "1 shed, 1 circular structure"}]}}, {"type": "Feature", "geometry": {"type": "Point", "coordinates": [97.1314, 31.1517]}, "properties": {"id": "sigint_033", "name": "Qamdo", "category": "SIGINT", "category_label": "SIGINT Facilities", "icon": "sigint", "color": "#5856D6", "threat_level": "HIGH", "display_fields": [{"label": "SIGINT equipment", "value": "Dome, 6 sheds"}]}}, {"type": "Feature", "geometry": {"type": "Point", "coordinates": [88.969, 27.3066]}, "properties": {"id": "sigint_034", "name": "Sinchel La", "category": "SIGINT", "category_label": "SIGINT Facilities", "icon": "sigint", "color": "#5856D6", "threat_level": "HIGH", "display_fields": [{"label": "SIGINT equipment", "value": "2 Radomes, 2 sheds"}]}}, {"type": "Feature", "geometry": {"type": "Point", "coordinates": [94.5837, 29.4986]}, "properties": {"id": "sigint_035", "name": "Temo", "category": "SIGINT", "category_label": "SIGINT Facilities", "icon": "sigint", "color": "#5856D6", "threat_level": "HIGH", "display_fields": [{"label": "Alternate Name", "value": "Nyingchi SE"}, {"label": "SIGINT equipment", "value": "7 Antenna / Radome"}, {"label": "Infrastructure", "value": "16 shelters"}, {"label": "Other Equipment", "value": "9 vehicles"}, {"label": "Formation", "value": "SSF"}]}}, {"type": "Feature", "geometry": {"type": "Point", "coordinates": [95.1588, 29.2136]}, "properties": {"id": "sigint_036", "name": "Tirkang", "category": "SIGINT", "category_label": "SIGINT Facilities", "icon": "sigint", "color": "#5856D6", "threat_level": "HIGH", "display_fields": []}}, {"type": "Feature", "geometry": {"type": "Point", "coordinates": [92.343616, 28.42225]}, "properties": {"id": "sigint_037", "name": "Trakor Gompa Airfield", "category": "SIGINT", "category_label": "SIGINT Facilities", "icon": "sigint", "color": "#5856D6", "threat_level": "HIGH", "display_fields": [{"label": "Alternate Name", "value": "Serche"}, {"label": "SIGINT equipment", "value": "1 Radome"}]}}, {"type": "Feature", "geometry": {"type": "Point", "coordinates": [92.3828, 28.5575]}, "properties": {"id": "sigint_038", "name": "Tsama Gompa", "category": "SIGINT", "category_label": "SIGINT Facilities", "icon": "sigint", "color": "#5856D6", "threat_level": "HIGH", "display_fields": [{"label": "SIGINT equipment", "value": "Gate Guard Radar"}, {"label": "Formation", "value": "PLAAF"}]}}, {"type": "Feature", "geometry": {"type": "Point", "coordinates": [91.7605, 29.2308]}, "properties": {"id": "sigint_039", "name": "Tsethang", "category": "SIGINT", "category_label": "SIGINT Facilities", "icon": "sigint", "color": "#5856D6", "threat_level": "HIGH", "display_fields": []}}, {"type": "Feature", "geometry": {"type": "Point", "coordinates": [91.9564, 28.0545]}, "properties": {"id": "sigint_040", "name": "Tsona Dz", "category": "SIGINT", "category_label": "SIGINT Facilities", "icon": "sigint", "color": "#5856D6", "threat_level": "HIGH", "display_fields": [{"label": "SIGINT equipment", "value": "3 Radomes, 6 radars High Guard, JLG-43D, HGR-105, Pin Drop & G Band"}, {"label": "Infrastructure", "value": "3 shelters"}]}}, {"type": "Feature", "geometry": {"type": "Point", "coordinates": [90.534, 30.085]}, "properties": {"id": "sigint_041", "name": "Yangbaijan", "category": "SIGINT", "category_label": "SIGINT Facilities", "icon": "sigint", "color": "#5856D6", "threat_level": "HIGH", "display_fields": [{"label": "SIGINT equipment", "value": "HAARP High Frequency Active Auroral Research Programme"}]}}, {"type": "Feature", "geometry": {"type": "Point", "coordinates": [83.9274, 29.6925]}, "properties": {"id": "sigint_042", "name": "Zhabdun SW", "category": "SIGINT", "category_label": "SIGINT Facilities", "icon": "sigint", "color": "#5856D6", "threat_level": "HIGH", "display_fields": [{"label": "LAC Dist", "value": "40"}, {"label": "SIGINT equipment", "value": "3 Radome (25m, 17m) JY14M/Gate Guard EW Radar"}, {"label": "Construction", "value": "2023"}, {"label": "Formation", "value": "358* BDR"}]}}, {"type": "Feature", "geometry": {"type": "Point", "coordinates": [79.2697, 34.993]}, "properties": {"id": "sigint_043", "name": "Burtsa Tang", "category": "SIGINT", "category_label": "SIGINT Facilities", "icon": "sigint", "color": "#5856D6", "threat_level": "HIGH", "display_fields": [{"label": "Alternate Name", "value": "Mapotang"}, {"label": "SIGINT equipment", "value": "Radar"}]}}, {"type": "Feature", "geometry": {"type": "Point", "coordinates": [79.5986, 32.8671]}, "properties": {"id": "sigint_044", "name": "Chiakang", "category": "SIGINT", "category_label": "SIGINT Facilities", "icon": "sigint", "color": "#5856D6", "threat_level": "HIGH", "display_fields": [{"label": "SIGINT equipment", "value": "Communication Facility"}, {"label": "Formation", "value": "56* L-CAB/76 GA"}]}}, {"type": "Feature", "geometry": {"type": "Point", "coordinates": [79.7897, 32.8857]}, "properties": {"id": "sigint_045", "name": "Churkang", "category": "SIGINT", "category_label": "SIGINT Facilities", "icon": "sigint", "color": "#5856D6", "threat_level": "HIGH", "display_fields": [{"label": "LAC Dist", "value": "25"}, {"label": "SIGINT equipment", "value": "Communication Tower"}]}}, {"type": "Feature", "geometry": {"type": "Point", "coordinates": [86.2369, 41.6413]}, "properties": {"id": "sigint_046", "name": "Korla", "category": "SIGINT", "category_label": "SIGINT Facilities", "icon": "sigint", "color": "#5856D6", "threat_level": "HIGH", "display_fields": [{"label": "SIGINT equipment", "value": "LPAR"}]}}, {"type": "Feature", "geometry": {"type": "Point", "coordinates": [86.2334, 41.553]}, "properties": {"id": "sigint_047", "name": "Korla South", "category": "SIGINT", "category_label": "SIGINT Facilities", "icon": "sigint", "color": "#5856D6", "threat_level": "HIGH", "display_fields": [{"label": "SIGINT equipment", "value": "SSF facility"}]}}, {"type": "Feature", "geometry": {"type": "Point", "coordinates": [81.032, 30.233]}, "properties": {"id": "sigint_048", "name": "Lipulekh Pass", "category": "SIGINT", "category_label": "SIGINT Facilities", "icon": "sigint", "color": "#5856D6", "threat_level": "HIGH", "display_fields": [{"label": "LAC Dist", "value": "400m"}]}}, {"type": "Feature", "geometry": {"type": "Point", "coordinates": [78.912447, 33.743361]}, "properties": {"id": "sigint_049", "name": "Panong Tso", "category": "SIGINT", "category_label": "SIGINT Facilities", "icon": "sigint", "color": "#5856D6", "threat_level": "HIGH", "display_fields": []}}, {"type": "Feature", "geometry": {"type": "Point", "coordinates": [79.907738, 33.477094]}, "properties": {"id": "sigint_050", "name": "Pangong Tso East", "category": "SIGINT", "category_label": "SIGINT Facilities", "icon": "sigint", "color": "#5856D6", "threat_level": "HIGH", "display_fields": [{"label": "SIGINT equipment", "value": "PLAAF Radar - 14th Radar Brigade"}, {"label": "Formation", "value": "14* Radar/ PLAAF"}]}}, {"type": "Feature", "geometry": {"type": "Point", "coordinates": [78.3119, 35.298]}, "properties": {"id": "sigint_051", "name": "Piue", "category": "SIGINT", "category_label": "SIGINT Facilities", "icon": "sigint", "color": "#5856D6", "threat_level": "HIGH", "display_fields": [{"label": "SIGINT equipment", "value": "2 Gate Guard EW Radar & 1 Rice Stoat ATC Radar"}, {"label": "Formation", "value": "11** CAD"}]}}, {"type": "Feature", "geometry": {"type": "Point", "coordinates": [81.351094, 30.779665]}, "properties": {"id": "sigint_052", "name": "Purang / Burang", "category": "SIGINT", "category_label": "SIGINT Facilities", "icon": "sigint", "color": "#5856D6", "threat_level": "HIGH", "display_fields": []}}, {"type": "Feature", "geometry": {"type": "Point", "coordinates": [79.9395, 33.5188]}, "properties": {"id": "sigint_053", "name": "Rudok", "category": "SIGINT", "category_label": "SIGINT Facilities", "icon": "sigint", "color": "#5856D6", "threat_level": "HIGH", "display_fields": [{"label": "LAC Dist", "value": "69"}, {"label": "SIGINT equipment", "value": "Radome site"}]}}, {"type": "Feature", "geometry": {"type": "Point", "coordinates": [80.1001, 32.4875]}, "properties": {"id": "sigint_054", "name": "Senge Tsangpo", "category": "SIGINT", "category_label": "SIGINT Facilities", "icon": "sigint", "color": "#5856D6", "threat_level": "HIGH", "display_fields": []}}, {"type": "Feature", "geometry": {"type": "Point", "coordinates": [80.1176, 32.4948]}, "properties": {"id": "sigint_055", "name": "Shiquanhe", "category": "SIGINT", "category_label": "SIGINT Facilities", "icon": "sigint", "color": "#5856D6", "threat_level": "HIGH", "display_fields": [{"label": "LAC Dist", "value": "66"}, {"label": "SIGINT equipment", "value": "Communication Tower, Radome site"}]}}, {"type": "Feature", "geometry": {"type": "Point", "coordinates": [81.31029, 30.7282]}, "properties": {"id": "sigint_056", "name": "Taklakot / Burang", "category": "SIGINT", "category_label": "SIGINT Facilities", "icon": "sigint", "color": "#5856D6", "threat_level": "HIGH", "display_fields": [{"label": "Altitude", "value": "4910"}]}}, {"type": "Feature", "geometry": {"type": "Point", "coordinates": [79.2722, 31.4105]}, "properties": {"id": "sigint_057", "name": "Tsangchok La", "category": "SIGINT", "category_label": "SIGINT Facilities", "icon": "sigint", "color": "#5856D6", "threat_level": "HIGH", "display_fields": [{"label": "LAC Dist", "value": "12"}, {"label": "SIGINT equipment", "value": "Communication system"}]}}, {"type": "Feature", "geometry": {"type": "Point", "coordinates": [87.5014, 44.0007]}, "properties": {"id": "sigint_058", "name": "Urumqi North West", "category": "SIGINT", "category_label": "SIGINT Facilities", "icon": "sigint", "color": "#5856D6", "threat_level": "HIGH", "display_fields": [{"label": "SIGINT equipment", "value": "3 Radome, >30 parabolic antenna"}]}}, {"type": "Feature", "geometry": {"type": "Point", "coordinates": [80.075666, 31.522948]}, "properties": {"id": "sigint_059", "name": "Zanda", "category": "SIGINT", "category_label": "SIGINT Facilities", "icon": "sigint", "color": "#5856D6", "threat_level": "HIGH", "display_fields": []}}, {"type": "Feature", "geometry": {"type": "Point", "coordinates": [81.310372, 30.728314]}, "properties": {"id": "sigint_060", "name": "SIGINT Facilities", "category": "SIGINT", "category_label": "SIGINT Facilities", "icon": "sigint", "color": "#5856D6", "threat_level": "HIGH", "display_fields": []}}, {"type": "Feature", "geometry": {"type": "Point", "coordinates": [83.9272, 29.6919]}, "properties": {"id": "sigint_061", "name": "Zhabdun", "category": "SIGINT", "category_label": "SIGINT Facilities", "icon": "sigint", "color": "#5856D6", "threat_level": "HIGH", "display_fields": [{"label": "SIGINT equipment", "value": "JY14M/ Gate Guard EW Radar, 1 radome"}]}}, {"type": "Feature", "geometry": {"type": "Point", "coordinates": [89.549459, 46.320724]}, "properties": {"id": "sigint_062", "name": "Qiaku'ertuzhen, Fuyun, Altay", "category": "SIGINT", "category_label": "SIGINT Facilities", "icon": "sigint", "color": "#5856D6", "threat_level": "HIGH", "display_fields": [{"label": "SIGINT equipment", "value": "2 Radomes"}]}}, {"type": "Feature", "geometry": {"type": "Point", "coordinates": [80.0748, 31.5231]}, "properties": {"id": "sigint_063", "name": "Tholing", "category": "SIGINT", "category_label": "SIGINT Facilities", "icon": "sigint", "color": "#5856D6", "threat_level": "HIGH", "display_fields": [{"label": "SIGINT equipment", "value": "Radome"}]}}, {"type": "Feature", "geometry": {"type": "Point", "coordinates": [79.406, 32.866]}, "properties": {"id": "svl_001", "name": "Umbu Mane", "category": "Svl", "category_label": "Surveillance Sites", "icon": "surveillance", "color": "#BF5AF2", "threat_level": "MEDIUM", "display_fields": [{"label": "Surveillance Infrastucture", "value": "Tower"}]}}, {"type": "Feature", "geometry": {"type": "Point", "coordinates": [81.0425, 30.2364]}, "properties": {"id": "svl_002", "name": "Lipulekh", "category": "Svl", "category_label": "Surveillance Sites", "icon": "surveillance", "color": "#BF5AF2", "threat_level": "MEDIUM", "display_fields": []}}, {"type": "Feature", "geometry": {"type": "Point", "coordinates": [112.7394, 42.2739]}, "properties": {"id": "trg_area_001", "name": "Zhurihe Combined Tactics Training Base", "category": "Trg Area", "category_label": "Training Areas", "icon": "training", "color": "#30D158", "threat_level": "LOW", "display_fields": [{"label": "Size", "value": "1066 sq km"}]}}, {"type": "Feature", "geometry": {"type": "Point", "coordinates": [90.431, 29.933]}, "properties": {"id": "trg_area_002", "name": "12th Comprehensive or CATTB  Yangbaijan", "category": "Trg Area", "category_label": "Training Areas", "icon": "training", "color": "#30D158", "threat_level": "LOW", "display_fields": [{"label": "Purpose & Formations", "value": "Mechanised, Infantry & HAA; 53* Mountain, 54*H, 40*Mountain; 85* Artillery; 85* Engineers"}]}}, {"type": "Feature", "geometry": {"type": "Point", "coordinates": [90.2941, 29.9434]}, "properties": {"id": "trg_area_003", "name": "Gedaxiang 格达乡", "category": "Trg Area", "category_label": "Training Areas", "icon": "training", "color": "#30D158", "threat_level": "LOW", "display_fields": [{"label": "Purpose & Formations", "value": "85*AD"}]}}, {"type": "Feature", "geometry": {"type": "Point", "coordinates": [90.5736, 29.2761]}, "properties": {"id": "trg_area_004", "name": "Changda Dz (Quxu)", "category": "Trg Area", "category_label": "Training Areas", "icon": "training", "color": "#30D158", "threat_level": "LOW", "display_fields": [{"label": "Purpose & Formations", "value": "Engineer specific; 85* Engineer"}, {"label": "Size", "value": "CABn"}]}}, {"type": "Feature", "geometry": {"type": "Point", "coordinates": [100.1738, 29.80805]}, "properties": {"id": "trg_area_005", "name": "Cogsum", "category": "Trg Area", "category_label": "Training Areas", "icon": "training", "color": "#30D158", "threat_level": "LOW", "display_fields": [{"label": "Purpose & Formations", "value": "150* L-CAB"}, {"label": "Infrastructure", "value": "12 locations, Tenches, dugouts"}]}}, {"type": "Feature", "geometry": {"type": "Point", "coordinates": [94.7837, 36.4014]}, "properties": {"id": "trg_area_006", "name": "Golmud", "category": "Trg Area", "category_label": "Training Areas", "icon": "training", "color": "#30D158", "threat_level": "LOW", "display_fields": [{"label": "Purpose & Formations", "value": "PLAAF Paradrop, 153 dugouts (90+63)"}]}}, {"type": "Feature", "geometry": {"type": "Point", "coordinates": [89.554, 28.837]}, "properties": {"id": "trg_area_007", "name": "Gyantse", "category": "Trg Area", "category_label": "Training Areas", "icon": "training", "color": "#30D158", "threat_level": "LOW", "display_fields": [{"label": "Purpose & Formations", "value": "54* H-CAB / TMR"}, {"label": "Size", "value": "CABn"}, {"label": "Infrastructure", "value": "28 containers"}]}}, {"type": "Feature", "geometry": {"type": "Point", "coordinates": [89.5402, 28.8591]}, "properties": {"id": "trg_area_008", "name": "Gyantse", "category": "Trg Area", "category_label": "Training Areas", "icon": "training", "color": "#30D158", "threat_level": "LOW", "display_fields": [{"label": "Size", "value": "2.384 sq km"}, {"label": "Infrastructure", "value": "Firing Range"}]}}, {"type": "Feature", "geometry": {"type": "Point", "coordinates": [92.212778, 28.418611]}, "properties": {"id": "trg_area_009", "name": "Kyeo", "category": "Trg Area", "category_label": "Training Areas", "icon": "training", "color": "#30D158", "threat_level": "LOW", "display_fields": [{"label": "Size", "value": "2 CABs"}]}}, {"type": "Feature", "geometry": {"type": "Point", "coordinates": [90.97279, 29.6057]}, "properties": {"id": "trg_area_010", "name": "Lhasa", "category": "Trg Area", "category_label": "Training Areas", "icon": "training", "color": "#30D158", "threat_level": "LOW", "display_fields": []}}, {"type": "Feature", "geometry": {"type": "Point", "coordinates": [88.5615, 28.3154]}, "properties": {"id": "trg_area_011", "name": "Longtrong", "category": "Trg Area", "category_label": "Training Areas", "icon": "training", "color": "#30D158", "threat_level": "LOW", "display_fields": [{"label": "Infrastructure", "value": "64 sheds, dugouts"}]}}, {"type": "Feature", "geometry": {"type": "Point", "coordinates": [89.1307, 27.7525]}, "properties": {"id": "trg_area_012", "name": "Nagadonga", "category": "Trg Area", "category_label": "Training Areas", "icon": "training", "color": "#30D158", "threat_level": "LOW", "display_fields": [{"label": "Purpose & Formations", "value": "52* Mountain, 356* BDR, PHL03 ex 85* Artillery"}, {"label": "Size", "value": "5km x 6km"}, {"label": "Infrastructure", "value": "55 dugouts, >150 sheds, 2 helipads"}]}}, {"type": "Feature", "geometry": {"type": "Point", "coordinates": [94.42805, 29.3308]}, "properties": {"id": "trg_area_013", "name": "Paka / Kangpalo", "category": "Trg Area", "category_label": "Training Areas", "icon": "training", "color": "#30D158", "threat_level": "LOW", "display_fields": [{"label": "Purpose & Formations", "value": "40*, 352 BDR, 189* M"}]}}, {"type": "Feature", "geometry": {"type": "Point", "coordinates": [97.057, 30.678]}, "properties": {"id": "trg_area_014", "name": "Pangta", "category": "Trg Area", "category_label": "Training Areas", "icon": "training", "color": "#30D158", "threat_level": "LOW", "display_fields": [{"label": "Purpose & Formations", "value": "150* L-CAB, AD Brigade, >25 Dugouts, Series of trenches"}, {"label": "Altitude", "value": "5000m"}, {"label": "Size", "value": "4km x 4km"}]}}, {"type": "Feature", "geometry": {"type": "Point", "coordinates": [89.1278, 27.744]}, "properties": {"id": "trg_area_015", "name": "Phari Dzong", "category": "Trg Area", "category_label": "Training Areas", "icon": "training", "color": "#30D158", "threat_level": "LOW", "display_fields": [{"label": "Purpose & Formations", "value": "Infantry specific; 52*Mtn; Militia training; Artillery Training"}, {"label": "Size", "value": "CABn"}]}}, {"type": "Feature", "geometry": {"type": "Point", "coordinates": [90.00972, 29.525]}, "properties": {"id": "trg_area_016", "name": "Sangoa", "category": "Trg Area", "category_label": "Training Areas", "icon": "training", "color": "#30D158", "threat_level": "LOW", "display_fields": [{"label": "Purpose & Formations", "value": "Division / PAPF Trraining Area, Engineers"}, {"label": "Size", "value": "CSB / CABn"}, {"label": "Infrastructure", "value": ">90V"}]}}, {"type": "Feature", "geometry": {"type": "Point", "coordinates": [92.46694, 28.424166]}, "properties": {"id": "trg_area_017", "name": "Serche", "category": "Trg Area", "category_label": "Training Areas", "icon": "training", "color": "#30D158", "threat_level": "LOW", "display_fields": [{"label": "Purpose & Formations", "value": "Arms specific"}, {"label": "Size", "value": "CABn"}, {"label": "Infrastructure", "value": "6 sheds"}]}}, {"type": "Feature", "geometry": {"type": "Point", "coordinates": [91.7511, 29.2124]}, "properties": {"id": "trg_area_018", "name": "Tsethang", "category": "Trg Area", "category_label": "Training Areas", "icon": "training", "color": "#30D158", "threat_level": "LOW", "display_fields": [{"label": "Purpose & Formations", "value": "55*L, 53* Mountain"}, {"label": "Size", "value": "CABn"}]}}, {"type": "Feature", "geometry": {"type": "Point", "coordinates": [91.9116, 27.9284]}, "properties": {"id": "trg_area_019", "name": "Tsona Dz North", "category": "Trg Area", "category_label": "Training Areas", "icon": "training", "color": "#30D158", "threat_level": "LOW", "display_fields": [{"label": "Size", "value": "CABn"}]}}, {"type": "Feature", "geometry": {"type": "Point", "coordinates": [91.9128, 27.9692]}, "properties": {"id": "trg_area_020", "name": "Tsona Dzong South", "category": "Trg Area", "category_label": "Training Areas", "icon": "training", "color": "#30D158", "threat_level": "LOW", "display_fields": [{"label": "Purpose & Formations", "value": "Infantry specific; 40* Mountain, 181*M, 355*BD"}, {"label": "Size", "value": "CABn"}]}}, {"type": "Feature", "geometry": {"type": "Point", "coordinates": [89.2008, 28.0759]}, "properties": {"id": "trg_area_021", "name": "Tuna, Chumbi", "category": "Trg Area", "category_label": "Training Areas", "icon": "training", "color": "#30D158", "threat_level": "LOW", "display_fields": [{"label": "Purpose & Formations", "value": "356 BDR, 52* Mountain-CAB, 85* Artillery"}, {"label": "Infrastructure", "value": "12 d-shaped bunker, 21 weapon pits"}]}}, {"type": "Feature", "geometry": {"type": "Point", "coordinates": [90.3349, 29.9766]}, "properties": {"id": "trg_area_022", "name": "Yangbaijan", "category": "Trg Area", "category_label": "Training Areas", "icon": "training", "color": "#30D158", "threat_level": "LOW", "display_fields": [{"label": "Purpose & Formations", "value": "TMR"}, {"label": "Size", "value": "25x25 km"}, {"label": "Infrastructure", "value": "4 helipads,"}]}}, {"type": "Feature", "geometry": {"type": "Point", "coordinates": [92.0939, 28.835]}, "properties": {"id": "trg_area_023", "name": "Yebi", "category": "Trg Area", "category_label": "Training Areas", "icon": "training", "color": "#30D158", "threat_level": "LOW", "display_fields": [{"label": "Purpose & Formations", "value": "40*L, 53*Mtn, 55*L, 181*M, 85* Arty"}, {"label": "Altitude", "value": "4506m"}, {"label": "Size", "value": "2-3 CABs, 5kmx5km"}]}}, {"type": "Feature", "geometry": {"type": "Point", "coordinates": [105.9428, 38.276]}, "properties": {"id": "trg_area_024", "name": "Hyunagyantan", "category": "Trg Area", "category_label": "Training Areas", "icon": "training", "color": "#30D158", "threat_level": "LOW", "display_fields": [{"label": "Infrastructure", "value": ">75 S"}]}}, {"type": "Feature", "geometry": {"type": "Point", "coordinates": [89.102, 43.939]}, "properties": {"id": "trg_area_025", "name": "Jimsar", "category": "Trg Area", "category_label": "Training Areas", "icon": "training", "color": "#30D158", "threat_level": "LOW", "display_fields": [{"label": "Purpose & Formations", "value": "31* L-CAR / 11 CAD"}]}}, {"type": "Feature", "geometry": {"type": "Point", "coordinates": [78.8618, 36.2038]}, "properties": {"id": "trg_area_026", "name": "Kangxiwar", "category": "Trg Area", "category_label": "Training Areas", "icon": "training", "color": "#30D158", "threat_level": "LOW", "display_fields": [{"label": "Purpose & Formations", "value": "6** CAD, 11* CAD"}, {"label": "Infrastructure", "value": ">45B, 15 garages"}]}}, {"type": "Feature", "geometry": {"type": "Point", "coordinates": [75.986, 39.9645]}, "properties": {"id": "trg_area_027", "name": "Kashgar", "category": "Trg Area", "category_label": "Training Areas", "icon": "training", "color": "#30D158", "threat_level": "LOW", "display_fields": [{"label": "Purpose & Formations", "value": "Militia Training Base"}, {"label": "Infrastructure", "value": "14 B, 2 Ranges"}]}}, {"type": "Feature", "geometry": {"type": "Point", "coordinates": [86.346, 41.643]}, "properties": {"id": "trg_area_028", "name": "Korla - 11th Integrated Training Base", "category": "Trg Area", "category_label": "Training Areas", "icon": "training", "color": "#30D158", "threat_level": "LOW", "display_fields": [{"label": "Purpose & Formations", "value": "Urban Warfare Training Area (41.709, 86.2085)"}]}}, {"type": "Feature", "geometry": {"type": "Point", "coordinates": [79.6689, 31.4288]}, "properties": {"id": "trg_area_029", "name": "Mangga", "category": "Trg Area", "category_label": "Training Areas", "icon": "training", "color": "#30D158", "threat_level": "LOW", "display_fields": []}}, {"type": "Feature", "geometry": {"type": "Point", "coordinates": [79.9004, 33.4525]}, "properties": {"id": "trg_area_030", "name": "Nyak Tso", "category": "Trg Area", "category_label": "Training Areas", "icon": "training", "color": "#30D158", "threat_level": "LOW", "display_fields": [{"label": "Purpose & Formations", "value": "41 sheds, 36 dugouts"}]}}, {"type": "Feature", "geometry": {"type": "Point", "coordinates": [89.090678, 39.259925]}, "properties": {"id": "trg_area_031", "name": "Ruoqiang Missile Range", "category": "Trg Area", "category_label": "Training Areas", "icon": "training", "color": "#30D158", "threat_level": "LOW", "display_fields": [{"label": "Purpose & Formations", "value": "SAM testing range"}]}}, {"type": "Feature", "geometry": {"type": "Point", "coordinates": [80.2224, 32.4156]}, "properties": {"id": "trg_area_032", "name": "Shiquanhe", "category": "Trg Area", "category_label": "Training Areas", "icon": "training", "color": "#30D158", "threat_level": "LOW", "display_fields": [{"label": "Purpose & Formations", "value": "139 H-CAB/77 GA, 17 H-CAB/ 76 GA"}]}}, {"type": "Feature", "geometry": {"type": "Point", "coordinates": [77.4377, 37.764]}, "properties": {"id": "trg_area_033", "name": "Yecheng", "category": "Trg Area", "category_label": "Training Areas", "icon": "training", "color": "#30D158", "threat_level": "LOW", "display_fields": [{"label": "Purpose & Formations", "value": "16*H-CAR/ 6** CAD- South of garrison"}]}}, {"type": "Feature", "geometry": {"type": "Point", "coordinates": [106.223, 29.602]}, "properties": {"id": "trg_area_034", "name": "Bishan", "category": "Trg Area", "category_label": "Training Areas", "icon": "training", "color": "#30D158", "threat_level": "LOW", "display_fields": [{"label": "Purpose & Formations", "value": "39* H-CAB / 77 GA"}]}}, {"type": "Feature", "geometry": {"type": "Point", "coordinates": [94.784, 36.176]}, "properties": {"id": "trg_area_035", "name": "Golmud", "category": "Trg Area", "category_label": "Training Areas", "icon": "training", "color": "#30D158", "threat_level": "LOW", "display_fields": [{"label": "Purpose & Formations", "value": "Para exercise area 36.40177, 94.7765)"}]}}, {"type": "Feature", "geometry": {"type": "Point", "coordinates": [105.99, 38.211]}, "properties": {"id": "trg_area_036", "name": "Huangyantan", "category": "Trg Area", "category_label": "Training Areas", "icon": "training", "color": "#30D158", "threat_level": "LOW", "display_fields": []}}, {"type": "Feature", "geometry": {"type": "Point", "coordinates": [98.237, 39.811]}, "properties": {"id": "trg_area_037", "name": "Jiuquan", "category": "Trg Area", "category_label": "Training Areas", "icon": "training", "color": "#30D158", "threat_level": "LOW", "display_fields": [{"label": "Purpose & Formations", "value": "Jiuquan Exercise area (39.6249, 98.3191)"}]}}, {"type": "Feature", "geometry": {"type": "Point", "coordinates": [100.3395, 41.12911]}, "properties": {"id": "trg_area_038", "name": "Jiuquan", "category": "Trg Area", "category_label": "Training Areas", "icon": "training", "color": "#30D158", "threat_level": "LOW", "display_fields": []}}, {"type": "Feature", "geometry": {"type": "Point", "coordinates": [100.5121, 39.1511]}, "properties": {"id": "trg_area_039", "name": "Linze", "category": "Trg Area", "category_label": "Training Areas", "icon": "training", "color": "#30D158", "threat_level": "LOW", "display_fields": [{"label": "Purpose & Formations", "value": "76 & 77 AD Brigades, 139* H-CAB, PCL191"}]}}, {"type": "Feature", "geometry": {"type": "Point", "coordinates": [104.6571, 34.94614]}, "properties": {"id": "trg_area_040", "name": "Longxi", "category": "Trg Area", "category_label": "Training Areas", "icon": "training", "color": "#30D158", "threat_level": "LOW", "display_fields": []}}, {"type": "Feature", "geometry": {"type": "Point", "coordinates": [105.8082, 37.899]}, "properties": {"id": "trg_area_041", "name": "Qingtonxia - 6th Integrated Training Base", "category": "Trg Area", "category_label": "Training Areas", "icon": "training", "color": "#30D158", "threat_level": "LOW", "display_fields": [{"label": "Purpose & Formations", "value": "76 SOF"}, {"label": "Size", "value": "15 km x 6 km"}]}}, {"type": "Feature", "geometry": {"type": "Point", "coordinates": [94.345, 35.746]}, "properties": {"id": "trg_area_042", "name": "Sanchahe - Kunlun Training Area", "category": "Trg Area", "category_label": "Training Areas", "icon": "training", "color": "#30D158", "threat_level": "LOW", "display_fields": [{"label": "Altitude", "value": "4600"}, {"label": "Purpose & Formations", "value": "Kunlun Mountains High Altitude Weapons Test Facility (35.445, 94.2037), 1 H-CAB, 2 ECD Bde, 1 LS bde"}]}}, {"type": "Feature", "geometry": {"type": "Point", "coordinates": [104.013, 31.157]}, "properties": {"id": "trg_area_043", "name": "Shifang", "category": "Trg Area", "category_label": "Training Areas", "icon": "training", "color": "#30D158", "threat_level": "LOW", "display_fields": []}}, {"type": "Feature", "geometry": {"type": "Point", "coordinates": [112.739, 42.251]}, "properties": {"id": "trg_area_044", "name": "Zhurihe", "category": "Trg Area", "category_label": "Training Areas", "icon": "training", "color": "#30D158", "threat_level": "LOW", "display_fields": []}}, {"type": "Feature", "geometry": {"type": "Point", "coordinates": [76.2172, 39.7481]}, "properties": {"id": "ammunition_storage_001", "name": "Artux Military Strorage Depot", "category": "Ammunition Storage", "category_label": "Ammunition Storage", "icon": "ammo", "color": "#FFCC00", "threat_level": "HIGH", "display_fields": [{"label": "Type", "value": "12 Magazine"}, {"label": "Road", "value": "G314"}, {"label": "Railway", "value": "Kashgar-Bachu"}]}}, {"type": "Feature", "geometry": {"type": "Point", "coordinates": [79.1154, 34.7087]}, "properties": {"id": "ammunition_storage_002", "name": "Burtsathang-Nischu", "category": "Ammunition Storage", "category_label": "Ammunition Storage", "icon": "ammo", "color": "#FFCC00", "threat_level": "HIGH", "display_fields": [{"label": "Type", "value": "UG"}]}}, {"type": "Feature", "geometry": {"type": "Point", "coordinates": [79.6047, 32.8497]}, "properties": {"id": "ammunition_storage_003", "name": "Chiakang", "category": "Ammunition Storage", "category_label": "Ammunition Storage", "icon": "ammo", "color": "#FFCC00", "threat_level": "HIGH", "display_fields": [{"label": "Infrastructure", "value": "9 dugout sheds"}]}}, {"type": "Feature", "geometry": {"type": "Point", "coordinates": [79.19, 35.9602]}, "properties": {"id": "ammunition_storage_004", "name": "Dahongliutan", "category": "Ammunition Storage", "category_label": "Ammunition Storage", "icon": "ammo", "color": "#FFCC00", "threat_level": "HIGH", "display_fields": [{"label": "Type", "value": "UG / Tunnels"}, {"label": "Infrastructure", "value": "15 UGSF / tunnels"}, {"label": "Road", "value": "G219"}]}}, {"type": "Feature", "geometry": {"type": "Point", "coordinates": [79.9216, 32.1597]}, "properties": {"id": "ammunition_storage_005", "name": "Gar Gunsa", "category": "Ammunition Storage", "category_label": "Ammunition Storage", "icon": "ammo", "color": "#FFCC00", "threat_level": "HIGH", "display_fields": [{"label": "Type", "value": "8 tunnels"}, {"label": "Road", "value": "Y703, G219"}, {"label": "Airport", "value": "Gar Gunsa"}]}}, {"type": "Feature", "geometry": {"type": "Point", "coordinates": [79.907, 37.003]}, "properties": {"id": "ammunition_storage_006", "name": "Hotan", "category": "Ammunition Storage", "category_label": "Ammunition Storage", "icon": "ammo", "color": "#FFCC00", "threat_level": "HIGH", "display_fields": [{"label": "Infrastructure", "value": "18 storage sites"}]}}, {"type": "Feature", "geometry": {"type": "Point", "coordinates": [79.9841, 32.4033]}, "properties": {"id": "ammunition_storage_007", "name": "Jangdong", "category": "Ammunition Storage", "category_label": "Ammunition Storage", "icon": "ammo", "color": "#FFCC00", "threat_level": "HIGH", "display_fields": [{"label": "Type", "value": "10 tunnels"}, {"label": "Infrastructure", "value": "ammunition storage - PHL191?"}]}}, {"type": "Feature", "geometry": {"type": "Point", "coordinates": [78.179, 35.2471]}, "properties": {"id": "ammunition_storage_008", "name": "Kangxiwar", "category": "Ammunition Storage", "category_label": "Ammunition Storage", "icon": "ammo", "color": "#FFCC00", "threat_level": "HIGH", "display_fields": [{"label": "Dist IB", "value": "107"}]}}, {"type": "Feature", "geometry": {"type": "Point", "coordinates": [79.9092, 33.5001]}, "properties": {"id": "ammunition_storage_009", "name": "Nyak Tsoo", "category": "Ammunition Storage", "category_label": "Ammunition Storage", "icon": "ammo", "color": "#FFCC00", "threat_level": "HIGH", "display_fields": [{"label": "Type", "value": "Ammunition stotage"}]}}, {"type": "Feature", "geometry": {"type": "Point", "coordinates": [77.1, 37.1827]}, "properties": {"id": "ammunition_storage_010", "name": "Pusha", "category": "Ammunition Storage", "category_label": "Ammunition Storage", "icon": "ammo", "color": "#FFCC00", "threat_level": "HIGH", "display_fields": [{"label": "Type", "value": "2 UG portals"}, {"label": "Road", "value": "G219"}]}}, {"type": "Feature", "geometry": {"type": "Point", "coordinates": [78.8396, 35.3653]}, "properties": {"id": "ammunition_storage_011", "name": "Qizil Jilga", "category": "Ammunition Storage", "category_label": "Ammunition Storage", "icon": "ammo", "color": "#FFCC00", "threat_level": "HIGH", "display_fields": [{"label": "Type", "value": "UG"}, {"label": "Formation", "value": "16*H/6**"}, {"label": "Infrastructure", "value": "20 bays"}]}}, {"type": "Feature", "geometry": {"type": "Point", "coordinates": [78.7522, 35.2774]}, "properties": {"id": "ammunition_storage_012", "name": "Qizil Jilga", "category": "Ammunition Storage", "category_label": "Ammunition Storage", "icon": "ammo", "color": "#FFCC00", "threat_level": "HIGH", "display_fields": []}}, {"type": "Feature", "geometry": {"type": "Point", "coordinates": [79.7903, 33.4141]}, "properties": {"id": "ammunition_storage_013", "name": "Rudok", "category": "Ammunition Storage", "category_label": "Ammunition Storage", "icon": "ammo", "color": "#FFCC00", "threat_level": "HIGH", "display_fields": [{"label": "Type", "value": "5 Ammunition Bays"}, {"label": "Area", "value": "430x370"}, {"label": "Dist IB", "value": "80"}, {"label": "Infrastructure", "value": "5 Ammunition Bays"}]}}, {"type": "Feature", "geometry": {"type": "Point", "coordinates": [79.81, 33.417]}, "properties": {"id": "ammunition_storage_014", "name": "Rutok", "category": "Ammunition Storage", "category_label": "Ammunition Storage", "icon": "ammo", "color": "#FFCC00", "threat_level": "HIGH", "display_fields": [{"label": "Type", "value": "4 Ammunition Bays"}]}}, {"type": "Feature", "geometry": {"type": "Point", "coordinates": [79.997, 32.432]}, "properties": {"id": "ammunition_storage_015", "name": "Shiquanhe (Jandong)", "category": "Ammunition Storage", "category_label": "Ammunition Storage", "icon": "ammo", "color": "#FFCC00", "threat_level": "HIGH", "display_fields": [{"label": "Type", "value": "UG"}, {"label": "Formation", "value": "17*H-CAB/ 76*** GA"}]}}, {"type": "Feature", "geometry": {"type": "Point", "coordinates": [80.07964, 32.33734]}, "properties": {"id": "ammunition_storage_016", "name": "Shiquanhe", "category": "Ammunition Storage", "category_label": "Ammunition Storage", "icon": "ammo", "color": "#FFCC00", "threat_level": "HIGH", "display_fields": [{"label": "Type", "value": "12 ESH, Tnls"}]}}, {"type": "Feature", "geometry": {"type": "Point", "coordinates": [79.7663, 31.4923]}, "properties": {"id": "ammunition_storage_017", "name": "Tholing", "category": "Ammunition Storage", "category_label": "Ammunition Storage", "icon": "ammo", "color": "#FFCC00", "threat_level": "HIGH", "display_fields": [{"label": "Type", "value": "6 storage bays"}]}}, {"type": "Feature", "geometry": {"type": "Point", "coordinates": [79.7911, 31.5094]}, "properties": {"id": "ammunition_storage_018", "name": "Tholing", "category": "Ammunition Storage", "category_label": "Ammunition Storage", "icon": "ammo", "color": "#FFCC00", "threat_level": "HIGH", "display_fields": [{"label": "Infrastructure", "value": "35 sheds"}]}}, {"type": "Feature", "geometry": {"type": "Point", "coordinates": [78.2023, 35.3649]}, "properties": {"id": "ammunition_storage_019", "name": "TWD", "category": "Ammunition Storage", "category_label": "Ammunition Storage", "icon": "ammo", "color": "#FFCC00", "threat_level": "HIGH", "display_fields": [{"label": "Type", "value": "6 Ammunition Bays"}]}}, {"type": "Feature", "geometry": {"type": "Point", "coordinates": [78.724, 36.174]}, "properties": {"id": "ammunition_storage_020", "name": "Xaidulla", "category": "Ammunition Storage", "category_label": "Ammunition Storage", "icon": "ammo", "color": "#FFCC00", "threat_level": "HIGH", "display_fields": [{"label": "Formation", "value": "363 BDR"}, {"label": "Area", "value": "2150x1270"}, {"label": "Dist IB", "value": "100"}]}}, {"type": "Feature", "geometry": {"type": "Point", "coordinates": [78.0618, 36.3345]}, "properties": {"id": "ammunition_storage_021", "name": "Xaidulla", "category": "Ammunition Storage", "category_label": "Ammunition Storage", "icon": "ammo", "color": "#FFCC00", "threat_level": "HIGH", "display_fields": [{"label": "Type", "value": "9 ammunition sheds"}, {"label": "Formation", "value": "BDR?"}]}}, {"type": "Feature", "geometry": {"type": "Point", "coordinates": [77.4429, 37.8408]}, "properties": {"id": "ammunition_storage_022", "name": "Yecheng", "category": "Ammunition Storage", "category_label": "Ammunition Storage", "icon": "ammo", "color": "#FFCC00", "threat_level": "HIGH", "display_fields": [{"label": "Infrastructure", "value": "4 buildings"}]}}, {"type": "Feature", "geometry": {"type": "Point", "coordinates": [95.155162, 29.242434]}, "properties": {"id": "ammunition_storage_023", "name": "Bipung", "category": "Ammunition Storage", "category_label": "Ammunition Storage", "icon": "ammo", "color": "#FFCC00", "threat_level": "HIGH", "display_fields": [{"label": "Type", "value": "Magazine"}, {"label": "Formation", "value": "352* BDR"}, {"label": "Infrastructure", "value": "3 stores with traverse"}]}}, {"type": "Feature", "geometry": {"type": "Point", "coordinates": [91.3525, 29.59305]}, "properties": {"id": "ammunition_storage_024", "name": "Bomtoi", "category": "Ammunition Storage", "category_label": "Ammunition Storage", "icon": "ammo", "color": "#FFCC00", "threat_level": "HIGH", "display_fields": [{"label": "Type", "value": "ESH"}, {"label": "Infrastructure", "value": "7 sheds with traverse"}]}}, {"type": "Feature", "geometry": {"type": "Point", "coordinates": [94.632, 29.405]}, "properties": {"id": "ammunition_storage_025", "name": "Chamno", "category": "Ammunition Storage", "category_label": "Ammunition Storage", "icon": "ammo", "color": "#FFCC00", "threat_level": "HIGH", "display_fields": [{"label": "Type", "value": "UGF"}]}}, {"type": "Feature", "geometry": {"type": "Point", "coordinates": [91.35301, 29.59765]}, "properties": {"id": "ammunition_storage_026", "name": "Dechen Dzong", "category": "Ammunition Storage", "category_label": "Ammunition Storage", "icon": "ammo", "color": "#FFCC00", "threat_level": "HIGH", "display_fields": [{"label": "Type", "value": "6 sheds"}]}}, {"type": "Feature", "geometry": {"type": "Point", "coordinates": [91.33917, 29.67158]}, "properties": {"id": "ammunition_storage_027", "name": "Dechen Dzong", "category": "Ammunition Storage", "category_label": "Ammunition Storage", "icon": "ammo", "color": "#FFCC00", "threat_level": "HIGH", "display_fields": [{"label": "Type", "value": "6 sheds"}]}}, {"type": "Feature", "geometry": {"type": "Point", "coordinates": [90.99667, 29.56]}, "properties": {"id": "ammunition_storage_028", "name": "Dewachen", "category": "Ammunition Storage", "category_label": "Ammunition Storage", "icon": "ammo", "color": "#FFCC00", "threat_level": "HIGH", "display_fields": [{"label": "Type", "value": "OG & Traverse"}, {"label": "Infrastructure", "value": "7 sheds with traverse, 2 sheds"}]}}, {"type": "Feature", "geometry": {"type": "Point", "coordinates": [95.18527, 29.2241]}, "properties": {"id": "ammunition_storage_029", "name": "Giling My", "category": "Ammunition Storage", "category_label": "Ammunition Storage", "icon": "ammo", "color": "#FFCC00", "threat_level": "HIGH", "display_fields": [{"label": "Type", "value": "UC sheds"}]}}, {"type": "Feature", "geometry": {"type": "Point", "coordinates": [94.4228, 36.1336]}, "properties": {"id": "ammunition_storage_030", "name": "Golmud Depot South", "category": "Ammunition Storage", "category_label": "Ammunition Storage", "icon": "ammo", "color": "#FFCC00", "threat_level": "HIGH", "display_fields": [{"label": "Type", "value": "24 B UC"}]}}, {"type": "Feature", "geometry": {"type": "Point", "coordinates": [90.91611, 29.28944]}, "properties": {"id": "ammunition_storage_031", "name": "Gongkar", "category": "Ammunition Storage", "category_label": "Ammunition Storage", "icon": "ammo", "color": "#FFCC00", "threat_level": "HIGH", "display_fields": [{"label": "Type", "value": "OG"}]}}, {"type": "Feature", "geometry": {"type": "Point", "coordinates": [89.522, 28.9058]}, "properties": {"id": "ammunition_storage_032", "name": "Gyantse North", "category": "Ammunition Storage", "category_label": "Ammunition Storage", "icon": "ammo", "color": "#FFCC00", "threat_level": "HIGH", "display_fields": [{"label": "Type", "value": "UG"}, {"label": "Infrastructure", "value": "12 USF, Two tunnel entrances"}]}}, {"type": "Feature", "geometry": {"type": "Point", "coordinates": [89.5449, 28.8683]}, "properties": {"id": "ammunition_storage_033", "name": "Gyantse", "category": "Ammunition Storage", "category_label": "Ammunition Storage", "icon": "ammo", "color": "#FFCC00", "threat_level": "HIGH", "display_fields": []}}, {"type": "Feature", "geometry": {"type": "Point", "coordinates": [89.5398, 28.9217]}, "properties": {"id": "ammunition_storage_034", "name": "Gyantse", "category": "Ammunition Storage", "category_label": "Ammunition Storage", "icon": "ammo", "color": "#FFCC00", "threat_level": "HIGH", "display_fields": [{"label": "Type", "value": "ESH"}, {"label": "Formation", "value": "54* H / TMR"}, {"label": "Infrastructure", "value": "20 ammunition / explosive shed"}]}}, {"type": "Feature", "geometry": {"type": "Point", "coordinates": [89.30833, 29.34416]}, "properties": {"id": "ammunition_storage_035", "name": "Hoping", "category": "Ammunition Storage", "category_label": "Ammunition Storage", "icon": "ammo", "color": "#FFCC00", "threat_level": "HIGH", "display_fields": [{"label": "Infrastructure", "value": "11 sheds, 3 barracks"}]}}, {"type": "Feature", "geometry": {"type": "Point", "coordinates": [89.304, 29.351]}, "properties": {"id": "ammunition_storage_036", "name": "Hoping", "category": "Ammunition Storage", "category_label": "Ammunition Storage", "icon": "ammo", "color": "#FFCC00", "threat_level": "HIGH", "display_fields": [{"label": "Type", "value": "5 UG shelters"}, {"label": "Formation", "value": "PLAAF"}]}}, {"type": "Feature", "geometry": {"type": "Point", "coordinates": [90.891, 29.442]}, "properties": {"id": "ammunition_storage_037", "name": "Jang / Lhasa", "category": "Ammunition Storage", "category_label": "Ammunition Storage", "icon": "ammo", "color": "#FFCC00", "threat_level": "HIGH", "display_fields": []}}, {"type": "Feature", "geometry": {"type": "Point", "coordinates": [94.362, 29.308]}, "properties": {"id": "ammunition_storage_038", "name": "Kangpalo", "category": "Ammunition Storage", "category_label": "Ammunition Storage", "icon": "ammo", "color": "#FFCC00", "threat_level": "HIGH", "display_fields": [{"label": "Type", "value": "UG"}]}}, {"type": "Feature", "geometry": {"type": "Point", "coordinates": [94.3581, 29.2771]}, "properties": {"id": "ammunition_storage_039", "name": "Kangpalo / Pemtrong Chu", "category": "Ammunition Storage", "category_label": "Ammunition Storage", "icon": "ammo", "color": "#FFCC00", "threat_level": "HIGH", "display_fields": []}}, {"type": "Feature", "geometry": {"type": "Point", "coordinates": [88.5038, 28.2397]}, "properties": {"id": "ammunition_storage_040", "name": "Khamba Dzong", "category": "Ammunition Storage", "category_label": "Ammunition Storage", "icon": "ammo", "color": "#FFCC00", "threat_level": "HIGH", "display_fields": []}}, {"type": "Feature", "geometry": {"type": "Point", "coordinates": [91.7884, 27.9185]}, "properties": {"id": "ammunition_storage_041", "name": "Komri", "category": "Ammunition Storage", "category_label": "Ammunition Storage", "icon": "ammo", "color": "#FFCC00", "threat_level": "HIGH", "display_fields": []}}, {"type": "Feature", "geometry": {"type": "Point", "coordinates": [91.7894, 27.9108]}, "properties": {"id": "ammunition_storage_042", "name": "Komri", "category": "Ammunition Storage", "category_label": "Ammunition Storage", "icon": "ammo", "color": "#FFCC00", "threat_level": "HIGH", "display_fields": []}}, {"type": "Feature", "geometry": {"type": "Point", "coordinates": [92.22388, 28.4177]}, "properties": {"id": "ammunition_storage_043", "name": "Kyeo", "category": "Ammunition Storage", "category_label": "Ammunition Storage", "icon": "ammo", "color": "#FFCC00", "threat_level": "HIGH", "display_fields": [{"label": "Type", "value": "Dugouts"}, {"label": "Formation", "value": "40* L-CAB"}, {"label": "Infrastructure", "value": "28 dugouts"}, {"label": "Apple", "value": "No"}]}}, {"type": "Feature", "geometry": {"type": "Point", "coordinates": [92.57055, 28.0994]}, "properties": {"id": "ammunition_storage_044", "name": "Lhanga Chu", "category": "Ammunition Storage", "category_label": "Ammunition Storage", "icon": "ammo", "color": "#FFCC00", "threat_level": "HIGH", "display_fields": [{"label": "Type", "value": "Store"}, {"label": "Capacity", "value": "22 tons"}]}}, {"type": "Feature", "geometry": {"type": "Point", "coordinates": [91.1395, 29.63]}, "properties": {"id": "ammunition_storage_045", "name": "Lhasa", "category": "Ammunition Storage", "category_label": "Ammunition Storage", "icon": "ammo", "color": "#FFCC00", "threat_level": "HIGH", "display_fields": [{"label": "Area", "value": "1600x720"}, {"label": "Dist IB", "value": "210"}]}}, {"type": "Feature", "geometry": {"type": "Point", "coordinates": [90.963349, 29.636143]}, "properties": {"id": "ammunition_storage_046", "name": "Lhasa Duilongde", "category": "Ammunition Storage", "category_label": "Ammunition Storage", "icon": "ammo", "color": "#FFCC00", "threat_level": "HIGH", "display_fields": [{"label": "Type", "value": "9 ESH & traverse"}]}}, {"type": "Feature", "geometry": {"type": "Point", "coordinates": [90.971, 29.668]}, "properties": {"id": "ammunition_storage_047", "name": "Lhasa with FOL", "category": "Ammunition Storage", "category_label": "Ammunition Storage", "icon": "ammo", "color": "#FFCC00", "threat_level": "HIGH", "display_fields": [{"label": "Area", "value": "1700x1100"}, {"label": "Dist IB", "value": "227"}]}}, {"type": "Feature", "geometry": {"type": "Point", "coordinates": [91.1989, 29.9517]}, "properties": {"id": "ammunition_storage_048", "name": "Lhasa Ammunition Storage", "category": "Ammunition Storage", "category_label": "Ammunition Storage", "icon": "ammo", "color": "#FFCC00", "threat_level": "HIGH", "display_fields": [{"label": "Area", "value": "195x370"}]}}, {"type": "Feature", "geometry": {"type": "Point", "coordinates": [94.728611, 29.43328]}, "properties": {"id": "ammunition_storage_049", "name": "Lusha", "category": "Ammunition Storage", "category_label": "Ammunition Storage", "icon": "ammo", "color": "#FFCC00", "threat_level": "HIGH", "display_fields": [{"label": "Type", "value": "OG & Traverse"}, {"label": "Area", "value": "900x300"}, {"label": "Dist IB", "value": "35"}, {"label": "Infrastructure", "value": "30 large sheds, 25 small sheds"}]}}, {"type": "Feature", "geometry": {"type": "Point", "coordinates": [94.4494, 29.501388]}, "properties": {"id": "ammunition_storage_050", "name": "Nagiti", "category": "Ammunition Storage", "category_label": "Ammunition Storage", "icon": "ammo", "color": "#FFCC00", "threat_level": "HIGH", "display_fields": []}}, {"type": "Feature", "geometry": {"type": "Point", "coordinates": [92.06893, 31.542069]}, "properties": {"id": "ammunition_storage_051", "name": "Nagqu", "category": "Ammunition Storage", "category_label": "Ammunition Storage", "icon": "ammo", "color": "#FFCC00", "threat_level": "HIGH", "display_fields": [{"label": "Infrastructure", "value": "4 ESH"}]}}, {"type": "Feature", "geometry": {"type": "Point", "coordinates": [90.89166, 29.44305]}, "properties": {"id": "ammunition_storage_052", "name": "Nam", "category": "Ammunition Storage", "category_label": "Ammunition Storage", "icon": "ammo", "color": "#FFCC00", "threat_level": "HIGH", "display_fields": [{"label": "Type", "value": "OG & Traverse"}, {"label": "Infrastructure", "value": "16 sheds with traverse"}]}}, {"type": "Feature", "geometry": {"type": "Point", "coordinates": [91.8182, 28.4479]}, "properties": {"id": "ammunition_storage_053", "name": "Ni La Hu", "category": "Ammunition Storage", "category_label": "Ammunition Storage", "icon": "ammo", "color": "#FFCC00", "threat_level": "HIGH", "display_fields": [{"label": "Type", "value": "Ammunition Storage"}]}}, {"type": "Feature", "geometry": {"type": "Point", "coordinates": [97.11833, 30.52583]}, "properties": {"id": "ammunition_storage_054", "name": "Pangta", "category": "Ammunition Storage", "category_label": "Ammunition Storage", "icon": "ammo", "color": "#FFCC00", "threat_level": "HIGH", "display_fields": [{"label": "Type", "value": "6 UG"}]}}, {"type": "Feature", "geometry": {"type": "Point", "coordinates": [89.1336, 27.716]}, "properties": {"id": "ammunition_storage_055", "name": "Phari Dzong", "category": "Ammunition Storage", "category_label": "Ammunition Storage", "icon": "ammo", "color": "#FFCC00", "threat_level": "HIGH", "display_fields": []}}, {"type": "Feature", "geometry": {"type": "Point", "coordinates": [97.1817, 31.1681]}, "properties": {"id": "ammunition_storage_056", "name": "Qamdo", "category": "Ammunition Storage", "category_label": "Ammunition Storage", "icon": "ammo", "color": "#FFCC00", "threat_level": "HIGH", "display_fields": [{"label": "Type", "value": "OG"}, {"label": "Area", "value": "450x220"}, {"label": "Infrastructure", "value": "18 sheds"}]}}, {"type": "Feature", "geometry": {"type": "Point", "coordinates": [97.2155, 31.10916]}, "properties": {"id": "ammunition_storage_057", "name": "Qamdo", "category": "Ammunition Storage", "category_label": "Ammunition Storage", "icon": "ammo", "color": "#FFCC00", "threat_level": "HIGH", "display_fields": [{"label": "Type", "value": "Tunnel"}, {"label": "Infrastructure", "value": "20 sheds-31.0362, 97.2136"}]}}, {"type": "Feature", "geometry": {"type": "Point", "coordinates": [97.445, 29.913]}, "properties": {"id": "ammunition_storage_058", "name": "Rau", "category": "Ammunition Storage", "category_label": "Ammunition Storage", "icon": "ammo", "color": "#FFCC00", "threat_level": "HIGH", "display_fields": []}}, {"type": "Feature", "geometry": {"type": "Point", "coordinates": [88.4042, 28.2441]}, "properties": {"id": "ammunition_storage_059", "name": "Ron", "category": "Ammunition Storage", "category_label": "Ammunition Storage", "icon": "ammo", "color": "#FFCC00", "threat_level": "HIGH", "display_fields": [{"label": "Infrastructure", "value": "9 sheds"}]}}, {"type": "Feature", "geometry": {"type": "Point", "coordinates": [90.89201, 29.44264]}, "properties": {"id": "ammunition_storage_060", "name": "Sangoa West-1", "category": "Ammunition Storage", "category_label": "Ammunition Storage", "icon": "ammo", "color": "#FFCC00", "threat_level": "HIGH", "display_fields": [{"label": "Area", "value": "700x450"}, {"label": "Dist IB", "value": "208"}]}}, {"type": "Feature", "geometry": {"type": "Point", "coordinates": [90.89845, 29.4342]}, "properties": {"id": "ammunition_storage_061", "name": "Sangoa West-2", "category": "Ammunition Storage", "category_label": "Ammunition Storage", "icon": "ammo", "color": "#FFCC00", "threat_level": "HIGH", "display_fields": [{"label": "Area", "value": "309x245"}, {"label": "Dist IB", "value": "206"}]}}, {"type": "Feature", "geometry": {"type": "Point", "coordinates": [91.058611, 29.581111]}, "properties": {"id": "ammunition_storage_062", "name": "Sangoa helibase", "category": "Ammunition Storage", "category_label": "Ammunition Storage", "icon": "ammo", "color": "#FFCC00", "threat_level": "HIGH", "display_fields": [{"label": "Type", "value": "Traverse"}, {"label": "Formation", "value": "85* Aviation"}, {"label": "Area", "value": "215x150"}, {"label": "Infrastructure", "value": "4 Traverse"}]}}, {"type": "Feature", "geometry": {"type": "Point", "coordinates": [92.47416, 28.4425]}, "properties": {"id": "ammunition_storage_063", "name": "Serche (Remanang)", "category": "Ammunition Storage", "category_label": "Ammunition Storage", "icon": "ammo", "color": "#FFCC00", "threat_level": "HIGH", "display_fields": [{"label": "Infrastructure", "value": "12 bunkers - 72 tons"}]}}, {"type": "Feature", "geometry": {"type": "Point", "coordinates": [93.032, 28.4311]}, "properties": {"id": "ammunition_storage_064", "name": "Sere Hugo", "category": "Ammunition Storage", "category_label": "Ammunition Storage", "icon": "ammo", "color": "#FFCC00", "threat_level": "HIGH", "display_fields": [{"label": "Type", "value": "Sheds"}]}}, {"type": "Feature", "geometry": {"type": "Point", "coordinates": [89.8288, 29.29527]}, "properties": {"id": "ammunition_storage_065", "name": "Shigatse", "category": "Ammunition Storage", "category_label": "Ammunition Storage", "icon": "ammo", "color": "#FFCC00", "threat_level": "HIGH", "display_fields": [{"label": "Infrastructure", "value": "5 ESH, 6 sheds"}]}}, {"type": "Feature", "geometry": {"type": "Point", "coordinates": [91.199, 29.986]}, "properties": {"id": "ammunition_storage_066", "name": "Shar (Lhasa)", "category": "Ammunition Storage", "category_label": "Ammunition Storage", "icon": "ammo", "color": "#FFCC00", "threat_level": "HIGH", "display_fields": [{"label": "Type", "value": "Traverse"}, {"label": "Infrastructure", "value": "4 ESH"}]}}, {"type": "Feature", "geometry": {"type": "Point", "coordinates": [96.8805, 29.4536]}, "properties": {"id": "ammunition_storage_067", "name": "Su Tun", "category": "Ammunition Storage", "category_label": "Ammunition Storage", "icon": "ammo", "color": "#FFCC00", "threat_level": "HIGH", "display_fields": [{"label": "Type", "value": "6 tunnels, 15 sheds"}, {"label": "Infrastructure", "value": ">20 sheds"}]}}, {"type": "Feature", "geometry": {"type": "Point", "coordinates": [90.996, 29.56]}, "properties": {"id": "ammunition_storage_068", "name": "Dewanchan / Lhasa", "category": "Ammunition Storage", "category_label": "Ammunition Storage", "icon": "ammo", "color": "#FFCC00", "threat_level": "HIGH", "display_fields": []}}, {"type": "Feature", "geometry": {"type": "Point", "coordinates": [90.95055, 29.63861]}, "properties": {"id": "ammunition_storage_069", "name": "Thrizam / Lhasa", "category": "Ammunition Storage", "category_label": "Ammunition Storage", "icon": "ammo", "color": "#FFCC00", "threat_level": "HIGH", "display_fields": [{"label": "Type", "value": "OG & Traverse"}]}}, {"type": "Feature", "geometry": {"type": "Point", "coordinates": [90.905, 29.63]}, "properties": {"id": "ammunition_storage_070", "name": "Thirizam North / Lhasa", "category": "Ammunition Storage", "category_label": "Ammunition Storage", "icon": "ammo", "color": "#FFCC00", "threat_level": "HIGH", "display_fields": [{"label": "Type", "value": "Tunnels"}, {"label": "Formation", "value": "85* Arty, AD, Avn"}, {"label": "Area", "value": "2500x1500"}, {"label": "Dist IB", "value": "226"}, {"label": "Infrastructure", "value": "12 tunnels, 10 sheds, 3 containers, RTP"}]}}, {"type": "Feature", "geometry": {"type": "Point", "coordinates": [90.9799, 29.6121]}, "properties": {"id": "ammunition_storage_071", "name": "Thirizam South / Lhasa", "category": "Ammunition Storage", "category_label": "Ammunition Storage", "icon": "ammo", "color": "#FFCC00", "threat_level": "HIGH", "display_fields": [{"label": "Type", "value": "Tunnels"}, {"label": "Formation", "value": "85* Arty, AD, Avn"}, {"label": "Dist IB", "value": "226"}]}}, {"type": "Feature", "geometry": {"type": "Point", "coordinates": [94.362, 29.308]}, "properties": {"id": "ammunition_storage_072", "name": "Tong Dekela / Kangpalo", "category": "Ammunition Storage", "category_label": "Ammunition Storage", "icon": "ammo", "color": "#FFCC00", "threat_level": "HIGH", "display_fields": [{"label": "Type", "value": "UG"}]}}, {"type": "Feature", "geometry": {"type": "Point", "coordinates": [91.7126, 28.5578]}, "properties": {"id": "ammunition_storage_073", "name": "Trigo Dzong", "category": "Ammunition Storage", "category_label": "Ammunition Storage", "icon": "ammo", "color": "#FFCC00", "threat_level": "HIGH", "display_fields": []}}, {"type": "Feature", "geometry": {"type": "Point", "coordinates": [94.4468, 29.5026]}, "properties": {"id": "ammunition_storage_074", "name": "Tsela Dzong", "category": "Ammunition Storage", "category_label": "Ammunition Storage", "icon": "ammo", "color": "#FFCC00", "threat_level": "HIGH", "display_fields": [{"label": "Infrastructure", "value": "4 storage sites"}]}}, {"type": "Feature", "geometry": {"type": "Point", "coordinates": [87.77277, 28.33555]}, "properties": {"id": "ammunition_storage_075", "name": "Tshetak", "category": "Ammunition Storage", "category_label": "Ammunition Storage", "icon": "ammo", "color": "#FFCC00", "threat_level": "HIGH", "display_fields": [{"label": "Area", "value": "245"}]}}, {"type": "Feature", "geometry": {"type": "Point", "coordinates": [91.7529, 29.19648]}, "properties": {"id": "ammunition_storage_076", "name": "Tsethang", "category": "Ammunition Storage", "category_label": "Ammunition Storage", "icon": "ammo", "color": "#FFCC00", "threat_level": "HIGH", "display_fields": [{"label": "Type", "value": "Tsethang Tunnels"}, {"label": "Area", "value": "53*"}, {"label": "Infrastructure", "value": "9 UG strorage sites"}, {"label": "Apple", "value": "3 Tunnels"}]}}, {"type": "Feature", "geometry": {"type": "Point", "coordinates": [91.823, 29.2496]}, "properties": {"id": "ammunition_storage_077", "name": "Tsethang ESH", "category": "Ammunition Storage", "category_label": "Ammunition Storage", "icon": "ammo", "color": "#FFCC00", "threat_level": "HIGH", "display_fields": [{"label": "Type", "value": "OG"}, {"label": "Formation", "value": "53*"}, {"label": "Area", "value": "300x300"}, {"label": "Infrastructure", "value": "10 Sheds"}]}}, {"type": "Feature", "geometry": {"type": "Point", "coordinates": [91.78861, 29.21527]}, "properties": {"id": "ammunition_storage_078", "name": "Tsethang-3", "category": "Ammunition Storage", "category_label": "Ammunition Storage", "icon": "ammo", "color": "#FFCC00", "threat_level": "HIGH", "display_fields": [{"label": "Type", "value": "OG"}, {"label": "Infrastructure", "value": "20 sheds"}]}}, {"type": "Feature", "geometry": {"type": "Point", "coordinates": [91.9655, 28.0067]}, "properties": {"id": "ammunition_storage_079", "name": "Tsona Dzong", "category": "Ammunition Storage", "category_label": "Ammunition Storage", "icon": "ammo", "color": "#FFCC00", "threat_level": "HIGH", "display_fields": [{"label": "Infrastructure", "value": "5 sites, 2 sheds"}]}}, {"type": "Feature", "geometry": {"type": "Point", "coordinates": [97.176, 30.7561]}, "properties": {"id": "ammunition_storage_080", "name": "Xiaboli, Qamdo", "category": "Ammunition Storage", "category_label": "Ammunition Storage", "icon": "ammo", "color": "#FFCC00", "threat_level": "HIGH", "display_fields": [{"label": "Type", "value": "Traverse"}, {"label": "Infrastructure", "value": "3 sensitive storage sites, 6 sheds near"}]}}, {"type": "Feature", "geometry": {"type": "Point", "coordinates": [94.4677, 29.59416]}, "properties": {"id": "ammunition_storage_081", "name": "Zhenabacun", "category": "Ammunition Storage", "category_label": "Ammunition Storage", "icon": "ammo", "color": "#FFCC00", "threat_level": "HIGH", "display_fields": [{"label": "Type", "value": "Tunnels"}, {"label": "Infrastructure", "value": "8 tunnel, 3 sheds"}]}}, {"type": "Feature", "geometry": {"type": "Point", "coordinates": [109.7997, 24.5007]}, "properties": {"id": "ammunition_storage_082", "name": "Luorong SW / Guangxi", "category": "Ammunition Storage", "category_label": "Ammunition Storage", "icon": "ammo", "color": "#FFCC00", "threat_level": "HIGH", "display_fields": [{"label": "Formation", "value": "623* Missile"}]}}, {"type": "Feature", "geometry": {"type": "Point", "coordinates": [115.3166, 26.1683]}, "properties": {"id": "ammunition_storage_083", "name": "Ganzhou NE", "category": "Ammunition Storage", "category_label": "Ammunition Storage", "icon": "ammo", "color": "#FFCC00", "threat_level": "HIGH", "display_fields": [{"label": "Infrastructure", "value": "21 explosive / ammunition buildings"}]}}, {"type": "Feature", "geometry": {"type": "Point", "coordinates": [100.2865, 41.1298]}, "properties": {"id": "ammunition_storage_084", "name": "Jiuquan", "category": "Ammunition Storage", "category_label": "Ammunition Storage", "icon": "ammo", "color": "#FFCC00", "threat_level": "HIGH", "display_fields": []}}, {"type": "Feature", "geometry": {"type": "Point", "coordinates": [115.5708, 27.9957]}, "properties": {"id": "ammunition_storage_085", "name": "Zhangshu", "category": "Ammunition Storage", "category_label": "Ammunition Storage", "icon": "ammo", "color": "#FFCC00", "threat_level": "HIGH", "display_fields": [{"label": "Infrastructure", "value": "19 sheds"}]}}, {"type": "Feature", "geometry": {"type": "Point", "coordinates": [94.4197, 28.3911]}, "properties": {"id": "logistics_area_001", "name": "Ame Yume", "category": "Logistics Area", "category_label": "Logistics Areas", "icon": "logistics", "color": "#FF6B35", "threat_level": "MEDIUM", "display_fields": [{"label": "Infrastructure", "value": "UGSF FOL"}]}}, {"type": "Feature", "geometry": {"type": "Point", "coordinates": [88.9228, 28.0765]}, "properties": {"id": "logistics_area_002", "name": "Chago La", "category": "Logistics Area", "category_label": "Logistics Areas", "icon": "logistics", "color": "#FF6B35", "threat_level": "MEDIUM", "display_fields": [{"label": "Infrastructure", "value": "Storage Facility"}]}}, {"type": "Feature", "geometry": {"type": "Point", "coordinates": [94.872, 36.405]}, "properties": {"id": "logistics_area_003", "name": "Golmud", "category": "Logistics Area", "category_label": "Logistics Areas", "icon": "logistics", "color": "#FF6B35", "threat_level": "MEDIUM", "display_fields": [{"label": "Formation", "value": "35 MT Regiment, JLSF Xining JLSC"}, {"label": "Infrastructure", "value": "Mobile service stations"}]}}, {"type": "Feature", "geometry": {"type": "Point", "coordinates": [89.536, 28.917]}, "properties": {"id": "logistics_area_004", "name": "Gyantse", "category": "Logistics Area", "category_label": "Logistics Areas", "icon": "logistics", "color": "#FF6B35", "threat_level": "MEDIUM", "display_fields": [{"label": "Infrastructure", "value": "3 sheds"}, {"label": "Formation", "value": "54*H"}, {"label": "Infrastructure (2)", "value": "15 dugouts, 15 structures"}]}}, {"type": "Feature", "geometry": {"type": "Point", "coordinates": [92.5238, 27.9734]}, "properties": {"id": "logistics_area_005", "name": "Karta", "category": "Logistics Area", "category_label": "Logistics Areas", "icon": "logistics", "color": "#FF6B35", "threat_level": "MEDIUM", "display_fields": [{"label": "Infrastructure", "value": "18 sheds"}]}}, {"type": "Feature", "geometry": {"type": "Point", "coordinates": [88.525, 28.2666]}, "properties": {"id": "logistics_area_006", "name": "Khamba Dzong South West", "category": "Logistics Area", "category_label": "Logistics Areas", "icon": "logistics", "color": "#FF6B35", "threat_level": "MEDIUM", "display_fields": [{"label": "Area", "value": "400x200"}]}}, {"type": "Feature", "geometry": {"type": "Point", "coordinates": [90.09441, 29.02638]}, "properties": {"id": "logistics_area_007", "name": "Khangmar", "category": "Logistics Area", "category_label": "Logistics Areas", "icon": "logistics", "color": "#FF6B35", "threat_level": "MEDIUM", "display_fields": [{"label": "Infrastructure", "value": "4 sheds"}]}}, {"type": "Feature", "geometry": {"type": "Point", "coordinates": [88.8917, 29.2355]}, "properties": {"id": "logistics_area_008", "name": "Lhasa FOL storage", "category": "Logistics Area", "category_label": "Logistics Areas", "icon": "logistics", "color": "#FF6B35", "threat_level": "MEDIUM", "display_fields": [{"label": "Infrastructure", "value": "7 FOL tanks"}]}}, {"type": "Feature", "geometry": {"type": "Point", "coordinates": [92.2772, 28.4316]}, "properties": {"id": "logistics_area_009", "name": "Lhuntse", "category": "Logistics Area", "category_label": "Logistics Areas", "icon": "logistics", "color": "#FF6B35", "threat_level": "MEDIUM", "display_fields": []}}, {"type": "Feature", "geometry": {"type": "Point", "coordinates": [92.1626, 28.254]}, "properties": {"id": "logistics_area_010", "name": "Lhunze", "category": "Logistics Area", "category_label": "Logistics Areas", "icon": "logistics", "color": "#FF6B35", "threat_level": "MEDIUM", "display_fields": [{"label": "Infrastructure", "value": ">40 tents"}, {"label": "Formation", "value": "2-3 logistics bn"}]}}, {"type": "Feature", "geometry": {"type": "Point", "coordinates": [94.44, 29.551]}, "properties": {"id": "logistics_area_011", "name": "Nagiti", "category": "Logistics Area", "category_label": "Logistics Areas", "icon": "logistics", "color": "#FF6B35", "threat_level": "MEDIUM", "display_fields": [{"label": "Infrastructure", "value": "33 sheds"}]}}, {"type": "Feature", "geometry": {"type": "Point", "coordinates": [91.9964, 31.44896]}, "properties": {"id": "logistics_area_012", "name": "Nagqu Storage Area", "category": "Logistics Area", "category_label": "Logistics Areas", "icon": "logistics", "color": "#FF6B35", "threat_level": "MEDIUM", "display_fields": [{"label": "Infrastructure", "value": "6 sheds"}]}}, {"type": "Feature", "geometry": {"type": "Point", "coordinates": [90.89833, 29.4344]}, "properties": {"id": "logistics_area_013", "name": "Nam", "category": "Logistics Area", "category_label": "Logistics Areas", "icon": "logistics", "color": "#FF6B35", "threat_level": "MEDIUM", "display_fields": [{"label": "Infrastructure", "value": "20 MSB/ sheds"}]}}, {"type": "Feature", "geometry": {"type": "Point", "coordinates": [94.4633, 29.5883]}, "properties": {"id": "logistics_area_014", "name": "Nyingchi Military Storage - 809 Comprehensive Warehouse", "category": "Logistics Area", "category_label": "Logistics Areas", "icon": "logistics", "color": "#FF6B35", "threat_level": "MEDIUM", "display_fields": []}}, {"type": "Feature", "geometry": {"type": "Point", "coordinates": [97.1935, 31.1122]}, "properties": {"id": "logistics_area_015", "name": "Qamdo POL Depot", "category": "Logistics Area", "category_label": "Logistics Areas", "icon": "logistics", "color": "#FF6B35", "threat_level": "MEDIUM", "display_fields": [{"label": "Infrastructure", "value": "4 FOL tanks"}]}}, {"type": "Feature", "geometry": {"type": "Point", "coordinates": [94.3669, 29.6647]}, "properties": {"id": "logistics_area_016", "name": "Qomo", "category": "Logistics Area", "category_label": "Logistics Areas", "icon": "logistics", "color": "#FF6B35", "threat_level": "MEDIUM", "display_fields": []}}, {"type": "Feature", "geometry": {"type": "Point", "coordinates": [96.7539, 29.5067]}, "properties": {"id": "logistics_area_017", "name": "Rau Storage Depot", "category": "Logistics Area", "category_label": "Logistics Areas", "icon": "logistics", "color": "#FF6B35", "threat_level": "MEDIUM", "display_fields": [{"label": "Distance LAC", "value": "63"}]}}, {"type": "Feature", "geometry": {"type": "Point", "coordinates": [96.8805, 29.4536]}, "properties": {"id": "logistics_area_018", "name": "Su-Tun", "category": "Logistics Area", "category_label": "Logistics Areas", "icon": "logistics", "color": "#FF6B35", "threat_level": "MEDIUM", "display_fields": [{"label": "Distance LAC", "value": "54"}]}}, {"type": "Feature", "geometry": {"type": "Point", "coordinates": [90.96027, 29.63666]}, "properties": {"id": "logistics_area_019", "name": "Thrizam", "category": "Logistics Area", "category_label": "Logistics Areas", "icon": "logistics", "color": "#FF6B35", "threat_level": "MEDIUM", "display_fields": []}}, {"type": "Feature", "geometry": {"type": "Point", "coordinates": [91.9697, 27.9944]}, "properties": {"id": "logistics_area_020", "name": "Tsona Dzong", "category": "Logistics Area", "category_label": "Logistics Areas", "icon": "logistics", "color": "#FF6B35", "threat_level": "MEDIUM", "display_fields": [{"label": "Infrastructure", "value": "15 S"}, {"label": "Formation", "value": "40* Mountain/ 77GA"}]}}, {"type": "Feature", "geometry": {"type": "Point", "coordinates": [88.914, 27.4648]}, "properties": {"id": "logistics_area_021", "name": "Yatung", "category": "Logistics Area", "category_label": "Logistics Areas", "icon": "logistics", "color": "#FF6B35", "threat_level": "MEDIUM", "display_fields": [{"label": "Formation", "value": "52* Mtn, 356* BDR"}, {"label": "Infrastructure", "value": "Hydroelectric power station"}]}}, {"type": "Feature", "geometry": {"type": "Point", "coordinates": [76.2172, 39.7481]}, "properties": {"id": "logistics_area_022", "name": "Artux Comprehensive Depot", "category": "Logistics Area", "category_label": "Logistics Areas", "icon": "logistics", "color": "#FF6B35", "threat_level": "MEDIUM", "display_fields": [{"label": "Infrastructure", "value": "7 ammnunition, 3 Logistics warehouses"}, {"label": "Road", "value": "G314"}]}}, {"type": "Feature", "geometry": {"type": "Point", "coordinates": [79.18427, 35.985]}, "properties": {"id": "logistics_area_023", "name": "Dahongliutan", "category": "Logistics Area", "category_label": "Logistics Areas", "icon": "logistics", "color": "#FF6B35", "threat_level": "MEDIUM", "display_fields": [{"label": "Infrastructure", "value": "11 sheds, 3 PFS"}]}}, {"type": "Feature", "geometry": {"type": "Point", "coordinates": [79.172, 35.98]}, "properties": {"id": "logistics_area_024", "name": "Dahongliutan Logistics Area", "category": "Logistics Area", "category_label": "Logistics Areas", "icon": "logistics", "color": "#FF6B35", "threat_level": "MEDIUM", "display_fields": [{"label": "Equipment", "value": "40 vehicles"}]}}, {"type": "Feature", "geometry": {"type": "Point", "coordinates": [80.3784, 33.7144]}, "properties": {"id": "logistics_area_025", "name": "Domar Logistics Facility", "category": "Logistics Area", "category_label": "Logistics Areas", "icon": "logistics", "color": "#FF6B35", "threat_level": "MEDIUM", "display_fields": [{"label": "Equipment", "value": ">80 V"}, {"label": "Road", "value": "G219"}]}}, {"type": "Feature", "geometry": {"type": "Point", "coordinates": [80.280278, 34.639722]}, "properties": {"id": "logistics_area_026", "name": "Hongshanhe Locomotive Depot", "category": "Logistics Area", "category_label": "Logistics Areas", "icon": "logistics", "color": "#FF6B35", "threat_level": "MEDIUM", "display_fields": []}}, {"type": "Feature", "geometry": {"type": "Point", "coordinates": [78.6538, 36.1983]}, "properties": {"id": "logistics_area_027", "name": "Kangxiwar", "category": "Logistics Area", "category_label": "Logistics Areas", "icon": "logistics", "color": "#FF6B35", "threat_level": "MEDIUM", "display_fields": [{"label": "Infrastructure", "value": "Transit Location"}, {"label": "Equipment", "value": ">320V"}, {"label": "Infrastructure (2)", "value": ">550 tents in dugouts"}]}}, {"type": "Feature", "geometry": {"type": "Point", "coordinates": [78.7267, 36.1779]}, "properties": {"id": "logistics_area_028", "name": "Kangxiwar", "category": "Logistics Area", "category_label": "Logistics Areas", "icon": "logistics", "color": "#FF6B35", "threat_level": "MEDIUM", "display_fields": [{"label": "Infrastructure", "value": "Transit Location"}, {"label": "Equipment", "value": "42 HET"}]}}, {"type": "Feature", "geometry": {"type": "Point", "coordinates": [78.71, 36.17]}, "properties": {"id": "logistics_area_029", "name": "Kangxiwar", "category": "Logistics Area", "category_label": "Logistics Areas", "icon": "logistics", "color": "#FF6B35", "threat_level": "MEDIUM", "display_fields": [{"label": "Infrastructure", "value": "Transit Location"}, {"label": "Equipment", "value": ">430V"}]}}, {"type": "Feature", "geometry": {"type": "Point", "coordinates": [77.0949, 37.183]}, "properties": {"id": "logistics_area_030", "name": "Pusha Storage area", "category": "Logistics Area", "category_label": "Logistics Areas", "icon": "logistics", "color": "#FF6B35", "threat_level": "MEDIUM", "display_fields": []}}, {"type": "Feature", "geometry": {"type": "Point", "coordinates": [80.0712, 32.4958]}, "properties": {"id": "logistics_area_031", "name": "Senge Tsangpo", "category": "Logistics Area", "category_label": "Logistics Areas", "icon": "logistics", "color": "#FF6B35", "threat_level": "MEDIUM", "display_fields": [{"label": "Infrastructure", "value": "2 tunnel storage"}, {"label": "Equipment", "value": ">140V"}, {"label": "Infrastructure (2)", "value": ">30 tents"}]}}, {"type": "Feature", "geometry": {"type": "Point", "coordinates": [81.17156, 30.29051]}, "properties": {"id": "logistics_area_032", "name": "Taklakot Logistics Area", "category": "Logistics Area", "category_label": "Logistics Areas", "icon": "logistics", "color": "#FF6B35", "threat_level": "MEDIUM", "display_fields": [{"label": "Infrastructure", "value": "6 S"}, {"label": "Formation", "value": "361 BDR"}]}}, {"type": "Feature", "geometry": {"type": "Point", "coordinates": [81.170745, 30.269926]}, "properties": {"id": "logistics_area_033", "name": "Taklakot Logistics Expansion Area", "category": "Logistics Area", "category_label": "Logistics Areas", "icon": "logistics", "color": "#FF6B35", "threat_level": "MEDIUM", "display_fields": []}}, {"type": "Feature", "geometry": {"type": "Point", "coordinates": [95.3611, 30.0142]}, "properties": {"id": "logistics_area_034", "name": "Tangmai", "category": "Logistics Area", "category_label": "Logistics Areas", "icon": "logistics", "color": "#FF6B35", "threat_level": "MEDIUM", "display_fields": [{"label": "Infrastructure", "value": "Service Station"}, {"label": "Area", "value": "800mx500m"}]}}, {"type": "Feature", "geometry": {"type": "Point", "coordinates": [79.957, 31.587]}, "properties": {"id": "logistics_area_035", "name": "Tholing Transit Halt", "category": "Logistics Area", "category_label": "Logistics Areas", "icon": "logistics", "color": "#FF6B35", "threat_level": "MEDIUM", "display_fields": [{"label": "Infrastructure", "value": "Transit Location"}]}}, {"type": "Feature", "geometry": {"type": "Point", "coordinates": [78.01166, 36.32]}, "properties": {"id": "logistics_area_036", "name": "Xaidulla", "category": "Logistics Area", "category_label": "Logistics Areas", "icon": "logistics", "color": "#FF6B35", "threat_level": "MEDIUM", "display_fields": [{"label": "Infrastructure", "value": "UG"}, {"label": "Infrastructure (2)", "value": "2 tunnels"}]}}, {"type": "Feature", "geometry": {"type": "Point", "coordinates": [78.0398, 36.3409]}, "properties": {"id": "logistics_area_037", "name": "Xaidulla Staging Area", "category": "Logistics Area", "category_label": "Logistics Areas", "icon": "logistics", "color": "#FF6B35", "threat_level": "MEDIUM", "display_fields": [{"label": "Infrastructure", "value": "Transit Location"}, {"label": "Equipment", "value": ">35V"}]}}, {"type": "Feature", "geometry": {"type": "Point", "coordinates": [78.07705, 36.31162]}, "properties": {"id": "logistics_area_038", "name": "Xaidulla Staging Area", "category": "Logistics Area", "category_label": "Logistics Areas", "icon": "logistics", "color": "#FF6B35", "threat_level": "MEDIUM", "display_fields": [{"label": "Infrastructure", "value": "Transit Location"}, {"label": "Formation", "value": "XMD, 76th Group Army"}, {"label": "Equipment", "value": ">170V"}, {"label": "Infrastructure (2)", "value": "3 dugouts"}]}}, {"type": "Feature", "geometry": {"type": "Point", "coordinates": [91.69166, 32.27]}, "properties": {"id": "fol_001", "name": "Amdo / Pagnag", "category": "FOL", "category_label": "Forward Ops / Fuel (FOL)", "icon": "fol", "color": "#FF6B35", "threat_level": "MEDIUM", "display_fields": [{"label": "FOL Dome", "value": "9 tanks"}, {"label": "Dist IB", "value": "430"}]}}, {"type": "Feature", "geometry": {"type": "Point", "coordinates": [90.289443, 29.327443]}, "properties": {"id": "fol_002", "name": "Forward Ops / Fuel (FOL)", "category": "FOL", "category_label": "Forward Ops / Fuel (FOL)", "icon": "fol", "color": "#FF6B35", "threat_level": "MEDIUM", "display_fields": []}}, {"type": "Feature", "geometry": {"type": "Point", "coordinates": [94.35, 29.69]}, "properties": {"id": "fol_003", "name": "Chomo Dzong", "category": "FOL", "category_label": "Forward Ops / Fuel (FOL)", "icon": "fol", "color": "#FF6B35", "threat_level": "MEDIUM", "display_fields": [{"label": "FOL Dome", "value": "4+3 tanks"}, {"label": "Dist IB", "value": "47"}]}}, {"type": "Feature", "geometry": {"type": "Point", "coordinates": [91.1141, 30.4777]}, "properties": {"id": "fol_004", "name": "Damxung / Donshoon", "category": "FOL", "category_label": "Forward Ops / Fuel (FOL)", "icon": "fol", "color": "#FF6B35", "threat_level": "MEDIUM", "display_fields": [{"label": "Size", "value": "420x260"}]}}, {"type": "Feature", "geometry": {"type": "Point", "coordinates": [94.7851, 36.1785]}, "properties": {"id": "fol_005", "name": "Golmud / Nachitai", "category": "FOL", "category_label": "Forward Ops / Fuel (FOL)", "icon": "fol", "color": "#FF6B35", "threat_level": "MEDIUM", "display_fields": [{"label": "FOL Dome", "value": "10"}, {"label": "Pipeline", "value": "2"}, {"label": "Infrastructure", "value": "6 B, 6 FOL tankers, Strategic FOL Complex"}, {"label": "Size", "value": "1600x830"}, {"label": "Dist IB", "value": "750"}]}}, {"type": "Feature", "geometry": {"type": "Point", "coordinates": [94.880397, 36.379474]}, "properties": {"id": "fol_006", "name": "Golmud", "category": "FOL", "category_label": "Forward Ops / Fuel (FOL)", "icon": "fol", "color": "#FF6B35", "threat_level": "MEDIUM", "display_fields": [{"label": "FOL Dome", "value": "33"}]}}, {"type": "Feature", "geometry": {"type": "Point", "coordinates": [90.9, 29.28]}, "properties": {"id": "fol_007", "name": "Gongkar Dzong 1", "category": "FOL", "category_label": "Forward Ops / Fuel (FOL)", "icon": "fol", "color": "#FF6B35", "threat_level": "MEDIUM", "display_fields": [{"label": "FOL Dome", "value": "7 tanks"}, {"label": "Infrastructure", "value": "5 sheds, 8 buildings"}, {"label": "Dist IB", "value": "185"}]}}, {"type": "Feature", "geometry": {"type": "Point", "coordinates": [90.895, 29.28805]}, "properties": {"id": "fol_008", "name": "Gongkar Dzong 2", "category": "FOL", "category_label": "Forward Ops / Fuel (FOL)", "icon": "fol", "color": "#FF6B35", "threat_level": "MEDIUM", "display_fields": [{"label": "FOL Dome", "value": "5 tanks"}, {"label": "Infrastructure", "value": "2 sheds, 6 buildings"}, {"label": "Dist IB", "value": "185"}]}}, {"type": "Feature", "geometry": {"type": "Point", "coordinates": [89.3445, 29.3712]}, "properties": {"id": "fol_009", "name": "Hoping", "category": "FOL", "category_label": "Forward Ops / Fuel (FOL)", "icon": "fol", "color": "#FF6B35", "threat_level": "MEDIUM", "display_fields": [{"label": "FOL Dome", "value": "3 tanks"}, {"label": "Infrastructure", "value": "3 tanks (20 m dia), 1 railway platform"}]}}, {"type": "Feature", "geometry": {"type": "Point", "coordinates": [91.0233, 29.6558]}, "properties": {"id": "fol_010", "name": "Lhasa 1", "category": "FOL", "category_label": "Forward Ops / Fuel (FOL)", "icon": "fol", "color": "#FF6B35", "threat_level": "MEDIUM", "display_fields": [{"label": "FOL Dome", "value": "11"}, {"label": "Infrastructure", "value": "4 watch towers"}, {"label": "Dist IB", "value": "210"}]}}, {"type": "Feature", "geometry": {"type": "Point", "coordinates": [90.99305, 29.66305]}, "properties": {"id": "fol_011", "name": "Lhasa 2", "category": "FOL", "category_label": "Forward Ops / Fuel (FOL)", "icon": "fol", "color": "#FF6B35", "threat_level": "MEDIUM", "display_fields": [{"label": "FOL Dome", "value": "15 UG"}, {"label": "Dist IB", "value": "210"}]}}, {"type": "Feature", "geometry": {"type": "Point", "coordinates": [90.96805, 29.67694]}, "properties": {"id": "fol_012", "name": "Lhasa 3", "category": "FOL", "category_label": "Forward Ops / Fuel (FOL)", "icon": "fol", "color": "#FF6B35", "threat_level": "MEDIUM", "display_fields": [{"label": "FOL Dome", "value": "10 UG + 13 UG"}, {"label": "Dist IB", "value": "210"}]}}, {"type": "Feature", "geometry": {"type": "Point", "coordinates": [90.95861, 29.6516]}, "properties": {"id": "fol_013", "name": "Lhasa 4", "category": "FOL", "category_label": "Forward Ops / Fuel (FOL)", "icon": "fol", "color": "#FF6B35", "threat_level": "MEDIUM", "display_fields": [{"label": "FOL Dome", "value": "8 tanks + 16 tanks"}, {"label": "Infrastructure", "value": "6 + 6 buildings, 2 plinths"}, {"label": "Dist IB", "value": "210"}]}}, {"type": "Feature", "geometry": {"type": "Point", "coordinates": [94.46, 29.58]}, "properties": {"id": "fol_014", "name": "Nagiti", "category": "FOL", "category_label": "Forward Ops / Fuel (FOL)", "icon": "fol", "color": "#FF6B35", "threat_level": "MEDIUM", "display_fields": [{"label": "FOL Dome", "value": "6+4 tanks"}, {"label": "Dist IB", "value": "28"}]}}, {"type": "Feature", "geometry": {"type": "Point", "coordinates": [92.047436, 31.485486]}, "properties": {"id": "fol_015", "name": "Nagqu", "category": "FOL", "category_label": "Forward Ops / Fuel (FOL)", "icon": "fol", "color": "#FF6B35", "threat_level": "MEDIUM", "display_fields": [{"label": "Size", "value": "245x100"}, {"label": "Dist IB", "value": "351"}]}}, {"type": "Feature", "geometry": {"type": "Point", "coordinates": [92.03339, 31.468403]}, "properties": {"id": "fol_016", "name": "Nagqu-2", "category": "FOL", "category_label": "Forward Ops / Fuel (FOL)", "icon": "fol", "color": "#FF6B35", "threat_level": "MEDIUM", "display_fields": [{"label": "FOL Dome", "value": "11 OG, 8 UG"}, {"label": "Size", "value": "0.13 sq km"}, {"label": "Dist IB", "value": "333"}, {"label": "Apple", "value": "Yes"}]}}, {"type": "Feature", "geometry": {"type": "Point", "coordinates": [94.78444, 36.175]}, "properties": {"id": "fol_017", "name": "Nanshankou", "category": "FOL", "category_label": "Forward Ops / Fuel (FOL)", "icon": "fol", "color": "#FF6B35", "threat_level": "MEDIUM", "display_fields": [{"label": "Size", "value": "1300x650"}, {"label": "Dist IB", "value": "760"}]}}, {"type": "Feature", "geometry": {"type": "Point", "coordinates": [97.19, 31.11]}, "properties": {"id": "fol_018", "name": "Qamdo", "category": "FOL", "category_label": "Forward Ops / Fuel (FOL)", "icon": "fol", "color": "#FF6B35", "threat_level": "MEDIUM", "display_fields": [{"label": "FOL Dome", "value": "4 tanks"}, {"label": "Infrastructure", "value": "7 sheds"}, {"label": "Dist IB", "value": "210"}]}}, {"type": "Feature", "geometry": {"type": "Point", "coordinates": [91.035, 29.596111]}, "properties": {"id": "fol_019", "name": "Sangoa Helibase", "category": "FOL", "category_label": "Forward Ops / Fuel (FOL)", "icon": "fol", "color": "#FF6B35", "threat_level": "MEDIUM", "display_fields": [{"label": "FOL Dome", "value": "3 SB containers"}, {"label": "Infrastructure", "value": "4 RCC structures, FOL distribution point"}, {"label": "Size", "value": "185x200"}, {"label": "Formation", "value": "85* Aviation"}]}}, {"type": "Feature", "geometry": {"type": "Point", "coordinates": [90.4535, 43.0877]}, "properties": {"id": "fol_020", "name": "Shanshan", "category": "FOL", "category_label": "Forward Ops / Fuel (FOL)", "icon": "fol", "color": "#FF6B35", "threat_level": "MEDIUM", "display_fields": [{"label": "Dist IB", "value": "1355"}]}}, {"type": "Feature", "geometry": {"type": "Point", "coordinates": [88.89, 29.24]}, "properties": {"id": "fol_021", "name": "Shigatse", "category": "FOL", "category_label": "Forward Ops / Fuel (FOL)", "icon": "fol", "color": "#FF6B35", "threat_level": "MEDIUM", "display_fields": [{"label": "FOL Dome", "value": "4 tanks"}, {"label": "Infrastructure", "value": "10 barracks"}, {"label": "Dist IB", "value": "125"}]}}, {"type": "Feature", "geometry": {"type": "Point", "coordinates": [88.91, 27.49]}, "properties": {"id": "fol_022", "name": "Yatung", "category": "FOL", "category_label": "Forward Ops / Fuel (FOL)", "icon": "fol", "color": "#FF6B35", "threat_level": "MEDIUM", "display_fields": [{"label": "FOL Dome", "value": "9 tanks"}, {"label": "Infrastructure", "value": "2 barracks, 11 sheds"}, {"label": "Dist IB", "value": "12"}]}}, {"type": "Feature", "geometry": {"type": "Point", "coordinates": [88.89, 27.49]}, "properties": {"id": "fol_023", "name": "Yatung NW", "category": "FOL", "category_label": "Forward Ops / Fuel (FOL)", "icon": "fol", "color": "#FF6B35", "threat_level": "MEDIUM", "display_fields": [{"label": "FOL Dome", "value": "31 tanks"}, {"label": "Infrastructure", "value": "6 barracks"}, {"label": "Dist IB", "value": "10"}]}}, {"type": "Feature", "geometry": {"type": "Point", "coordinates": [76.2172, 39.7481]}, "properties": {"id": "fol_024", "name": "Artux Military Strorage Depot", "category": "FOL", "category_label": "Forward Ops / Fuel (FOL)", "icon": "fol", "color": "#FF6B35", "threat_level": "MEDIUM", "display_fields": [{"label": "FOL Dome", "value": "8 sem-buried"}]}}, {"type": "Feature", "geometry": {"type": "Point", "coordinates": [80.0141, 32.1103]}, "properties": {"id": "fol_025", "name": "Gar Gunsa Airfield", "category": "FOL", "category_label": "Forward Ops / Fuel (FOL)", "icon": "fol", "color": "#FF6B35", "threat_level": "MEDIUM", "display_fields": []}}, {"type": "Feature", "geometry": {"type": "Point", "coordinates": [79.888, 37.162]}, "properties": {"id": "fol_026", "name": "Hotan (Lasikui)", "category": "FOL", "category_label": "Forward Ops / Fuel (FOL)", "icon": "fol", "color": "#FF6B35", "threat_level": "MEDIUM", "display_fields": [{"label": "FOL Dome", "value": "9 UG"}, {"label": "Infrastructure", "value": "RTP"}, {"label": "Formation", "value": "17*/6** CAD"}]}}, {"type": "Feature", "geometry": {"type": "Point", "coordinates": [80.10416, 32.51666]}, "properties": {"id": "fol_027", "name": "Nikoli", "category": "FOL", "category_label": "Forward Ops / Fuel (FOL)", "icon": "fol", "color": "#FF6B35", "threat_level": "MEDIUM", "display_fields": [{"label": "FOL Dome", "value": "6 tanks"}, {"label": "Infrastructure", "value": "6 tanks, 8 barracks"}, {"label": "Dist IB", "value": "60"}]}}, {"type": "Feature", "geometry": {"type": "Point", "coordinates": [80.0639, 32.5201]}, "properties": {"id": "fol_028", "name": "Shiquanhe", "category": "FOL", "category_label": "Forward Ops / Fuel (FOL)", "icon": "fol", "color": "#FF6B35", "threat_level": "MEDIUM", "display_fields": [{"label": "Infrastructure", "value": "6 sheds"}]}}, {"type": "Feature", "geometry": {"type": "Point", "coordinates": [104.008, 31.1272]}, "properties": {"id": "fol_029", "name": "Shifang", "category": "FOL", "category_label": "Forward Ops / Fuel (FOL)", "icon": "fol", "color": "#FF6B35", "threat_level": "MEDIUM", "display_fields": [{"label": "FOL Dome", "value": "3 UG"}, {"label": "Infrastructure", "value": "2 B"}]}}, {"type": "Feature", "geometry": {"type": "Point", "coordinates": [121.656, 38.979]}, "properties": {"id": "fol_030", "name": "Dalian Refinery", "category": "FOL", "category_label": "Forward Ops / Fuel (FOL)", "icon": "fol", "color": "#FF6B35", "threat_level": "MEDIUM", "display_fields": [{"label": "Infrastructure", "value": "7 Oil Storage Areas"}]}}, {"type": "Feature", "geometry": {"type": "Point", "coordinates": [121.642, 38.991]}, "properties": {"id": "fol_031", "name": "Dalian-1", "category": "FOL", "category_label": "Forward Ops / Fuel (FOL)", "icon": "fol", "color": "#FF6B35", "threat_level": "MEDIUM", "display_fields": [{"label": "FOL Dome", "value": "16 tanks"}]}}, {"type": "Feature", "geometry": {"type": "Point", "coordinates": [121.643, 38.981]}, "properties": {"id": "fol_032", "name": "Dalian-2", "category": "FOL", "category_label": "Forward Ops / Fuel (FOL)", "icon": "fol", "color": "#FF6B35", "threat_level": "MEDIUM", "display_fields": [{"label": "FOL Dome", "value": "6 tanks"}]}}, {"type": "Feature", "geometry": {"type": "Point", "coordinates": [121.648, 38.974]}, "properties": {"id": "fol_033", "name": "Dalain-3", "category": "FOL", "category_label": "Forward Ops / Fuel (FOL)", "icon": "fol", "color": "#FF6B35", "threat_level": "MEDIUM", "display_fields": [{"label": "FOL Dome", "value": "70 tanks"}]}}, {"type": "Feature", "geometry": {"type": "Point", "coordinates": [121.655, 38.975]}, "properties": {"id": "fol_034", "name": "Dalian-4", "category": "FOL", "category_label": "Forward Ops / Fuel (FOL)", "icon": "fol", "color": "#FF6B35", "threat_level": "MEDIUM", "display_fields": [{"label": "FOL Dome", "value": "36 tanks"}]}}, {"type": "Feature", "geometry": {"type": "Point", "coordinates": [121.659, 38.975]}, "properties": {"id": "fol_035", "name": "Dalian-5", "category": "FOL", "category_label": "Forward Ops / Fuel (FOL)", "icon": "fol", "color": "#FF6B35", "threat_level": "MEDIUM", "display_fields": [{"label": "FOL Dome", "value": "6 tanks, 20 spheres"}]}}, {"type": "Feature", "geometry": {"type": "Point", "coordinates": [121.646, 38.966]}, "properties": {"id": "fol_036", "name": "Dalian-6", "category": "FOL", "category_label": "Forward Ops / Fuel (FOL)", "icon": "fol", "color": "#FF6B35", "threat_level": "MEDIUM", "display_fields": [{"label": "FOL Dome", "value": "76 tanks, 20 sphere"}]}}, {"type": "Feature", "geometry": {"type": "Point", "coordinates": [121.617, 38.955]}, "properties": {"id": "fol_037", "name": "Dalian-7", "category": "FOL", "category_label": "Forward Ops / Fuel (FOL)", "icon": "fol", "color": "#FF6B35", "threat_level": "MEDIUM", "display_fields": [{"label": "FOL Dome", "value": "18 tanks, 4 sphere"}]}}, {"type": "Feature", "geometry": {"type": "Point", "coordinates": [84.803, 44.352]}, "properties": {"id": "fol_038", "name": "Dushanzi", "category": "FOL", "category_label": "Forward Ops / Fuel (FOL)", "icon": "fol", "color": "#FF6B35", "threat_level": "MEDIUM", "display_fields": [{"label": "FOL Dome", "value": "70 tanks"}, {"label": "Infrastructure", "value": "4 storage sites"}]}}, {"type": "Feature", "geometry": {"type": "Point", "coordinates": [120.222, 36.056]}, "properties": {"id": "fol_039", "name": "Huangdao (Qingdao)", "category": "FOL", "category_label": "Forward Ops / Fuel (FOL)", "icon": "fol", "color": "#FF6B35", "threat_level": "MEDIUM", "display_fields": [{"label": "FOL Dome", "value": "170 tanks, 8 jetties"}, {"label": "Infrastructure", "value": "2 Oil storages, refinery, power plant"}]}}, {"type": "Feature", "geometry": {"type": "Point", "coordinates": [114.575, 22.698]}, "properties": {"id": "fol_040", "name": "Huizhou", "category": "FOL", "category_label": "Forward Ops / Fuel (FOL)", "icon": "fol", "color": "#FF6B35", "threat_level": "MEDIUM", "display_fields": [{"label": "FOL Dome", "value": "305 tanks"}, {"label": "Infrastructure", "value": "3 storage sites"}]}}, {"type": "Feature", "geometry": {"type": "Point", "coordinates": [103.6119, 36.128]}, "properties": {"id": "fol_041", "name": "Lanzhou", "category": "FOL", "category_label": "Forward Ops / Fuel (FOL)", "icon": "fol", "color": "#FF6B35", "threat_level": "MEDIUM", "display_fields": [{"label": "FOL Dome", "value": "80 tanks"}, {"label": "Infrastructure", "value": "3 storage sites"}]}}, {"type": "Feature", "geometry": {"type": "Point", "coordinates": [90.415, 43.089]}, "properties": {"id": "fol_042", "name": "Shanshan", "category": "FOL", "category_label": "Forward Ops / Fuel (FOL)", "icon": "fol", "color": "#FF6B35", "threat_level": "MEDIUM", "display_fields": [{"label": "FOL Dome", "value": "138 tanks"}, {"label": "Infrastructure", "value": "3 storage sites, 49 million barrels oil"}]}}, {"type": "Feature", "geometry": {"type": "Point", "coordinates": [117.75, 38.97]}, "properties": {"id": "fol_043", "name": "Tianjin", "category": "FOL", "category_label": "Forward Ops / Fuel (FOL)", "icon": "fol", "color": "#FF6B35", "threat_level": "MEDIUM", "display_fields": [{"label": "FOL Dome", "value": "425 tanks"}, {"label": "Infrastructure", "value": "4 storage sites"}]}}, {"type": "Feature", "geometry": {"type": "Point", "coordinates": [110.399, 21.156]}, "properties": {"id": "fol_044", "name": "Zhanjiang", "category": "FOL", "category_label": "Forward Ops / Fuel (FOL)", "icon": "fol", "color": "#FF6B35", "threat_level": "MEDIUM", "display_fields": [{"label": "FOL Dome", "value": "82 tanks, 3 jetties"}]}}, {"type": "Feature", "geometry": {"type": "Point", "coordinates": [121.652, 29.999]}, "properties": {"id": "fol_045", "name": "Zhenhai", "category": "FOL", "category_label": "Forward Ops / Fuel (FOL)", "icon": "fol", "color": "#FF6B35", "threat_level": "MEDIUM", "display_fields": [{"label": "FOL Dome", "value": "98 tanks"}, {"label": "Infrastructure", "value": "Capacity 10,698,170 cubic m"}, {"label": "Dist IB", "value": "2.3 sq km"}]}}, {"type": "Feature", "geometry": {"type": "Point", "coordinates": [122.083, 30.153]}, "properties": {"id": "fol_046", "name": "Zhoushan", "category": "FOL", "category_label": "Forward Ops / Fuel (FOL)", "icon": "fol", "color": "#FF6B35", "threat_level": "MEDIUM", "display_fields": [{"label": "FOL Dome", "value": "95 tanks, 8 jetties"}, {"label": "Infrastructure", "value": "2 storage sites"}]}}, {"type": "Feature", "geometry": {"type": "Point", "coordinates": [80.7976, 33.998]}, "properties": {"id": "power_stns_001", "name": "Dongroxiang", "category": "Power Stns", "category_label": "Power Stations", "icon": "power", "color": "#00D4FF", "threat_level": "LOW", "display_fields": [{"label": "Type", "value": "Solar"}]}}, {"type": "Feature", "geometry": {"type": "Point", "coordinates": [100.17305, 29.9925]}, "properties": {"id": "power_stns_002", "name": "Litang", "category": "Power Stns", "category_label": "Power Stations", "icon": "power", "color": "#00D4FF", "threat_level": "LOW", "display_fields": [{"label": "Type", "value": "Solar"}, {"label": "Status", "value": "UC"}, {"label": "County", "value": "Litang"}, {"label": "Prefecture", "value": "Litang"}]}}, {"type": "Feature", "geometry": {"type": "Point", "coordinates": [94.1935, 29.1686]}, "properties": {"id": "power_stns_003", "name": "Pangya", "category": "Power Stns", "category_label": "Power Stations", "icon": "power", "color": "#00D4FF", "threat_level": "LOW", "display_fields": [{"label": "Type", "value": "Hydel"}, {"label": "River", "value": "Tsangpo"}, {"label": "Disance LAC", "value": "10"}]}}, {"type": "Feature", "geometry": {"type": "Point", "coordinates": [79.1822, 32.222]}, "properties": {"id": "power_stns_004", "name": "Qusum", "category": "Power Stns", "category_label": "Power Stations", "icon": "power", "color": "#00D4FF", "threat_level": "LOW", "display_fields": [{"label": "Type", "value": "Solar"}, {"label": "Disance LAC", "value": "45"}, {"label": "District", "value": "Chusum"}, {"label": "County", "value": "Zanda"}]}}, {"type": "Feature", "geometry": {"type": "Point", "coordinates": [79.7859, 33.4006]}, "properties": {"id": "power_stns_005", "name": "Rudok", "category": "Power Stns", "category_label": "Power Stations", "icon": "power", "color": "#00D4FF", "threat_level": "LOW", "display_fields": [{"label": "Type", "value": "Solar"}]}}, {"type": "Feature", "geometry": {"type": "Point", "coordinates": [79.6351, 32.5245]}, "properties": {"id": "power_stns_006", "name": "Tashigong", "category": "Power Stns", "category_label": "Power Stations", "icon": "power", "color": "#00D4FF", "threat_level": "LOW", "display_fields": [{"label": "Type", "value": "Solar"}]}}, {"type": "Feature", "geometry": {"type": "Point", "coordinates": [88.914, 27.4648]}, "properties": {"id": "power_stns_007", "name": "Yatung", "category": "Power Stns", "category_label": "Power Stations", "icon": "power", "color": "#00D4FF", "threat_level": "LOW", "display_fields": [{"label": "Type", "value": "Hydro-electric"}, {"label": "Status", "value": "UC- Jan 2024"}, {"label": "Prefecture", "value": "Shigatse"}]}}, {"type": "Feature", "geometry": {"type": "Point", "coordinates": [92.1724, 29.001]}, "properties": {"id": "power_stns_008", "name": "Yebi", "category": "Power Stns", "category_label": "Power Stations", "icon": "power", "color": "#00D4FF", "threat_level": "LOW", "display_fields": [{"label": "Type", "value": "Solar"}]}}, {"type": "Feature", "geometry": {"type": "Point", "coordinates": [91.595, 28.586]}, "properties": {"id": "power_stns_009", "name": "Zhanma", "category": "Power Stns", "category_label": "Power Stations", "icon": "power", "color": "#00D4FF", "threat_level": "LOW", "display_fields": [{"label": "Type", "value": "Wind"}, {"label": "Capacity", "value": "100 MW"}]}}, {"type": "Feature", "geometry": {"type": "Point", "coordinates": [94.448, 29.542]}, "properties": {"id": "railway_bridges_001", "name": "Nagiti", "category": "Railway Bridges", "category_label": "Railway Bridges", "icon": "bridge", "color": "#00D4FF", "threat_level": "LOW", "display_fields": [{"label": "Length", "value": "3440"}, {"label": "Status", "value": "Construction"}]}}, {"type": "Feature", "geometry": {"type": "Point", "coordinates": [110.4732, 18.9392]}, "properties": {"id": "balloon_001", "name": "Hainan", "category": "Balloon", "category_label": "Airship / Balloon Sites", "icon": "balloon", "color": "#64D2FF", "threat_level": "MEDIUM", "display_fields": [{"label": "Infrastructure", "value": "Octagonal Airship / balloon site"}]}}, {"type": "Feature", "geometry": {"type": "Point", "coordinates": [94.77, 29.97]}, "properties": {"id": "dams_001", "name": "Buchung", "category": "Dams", "category_label": "Dams / Hydro", "icon": "dam", "color": "#00D4FF", "threat_level": "LOW", "display_fields": []}}, {"type": "Feature", "geometry": {"type": "Point", "coordinates": [92.4506, 29.2535]}, "properties": {"id": "dams_002", "name": "Jiexu", "category": "Dams", "category_label": "Dams / Hydro", "icon": "dam", "color": "#00D4FF", "threat_level": "LOW", "display_fields": [{"label": "Altitude", "value": "3410"}, {"label": "River", "value": "Tsangpo"}, {"label": "Type", "value": "Hydropower"}, {"label": "Power", "value": "560 MW"}, {"label": "Diversion Tunnel", "value": "2"}, {"label": "County", "value": "Gyaca / Yajiang"}, {"label": "Prefecture", "value": "Shannan"}, {"label": "Planning", "value": "2013"}, {"label": "Road", "value": "S508"}, {"label": "Construction Firm", "value": "China Anneng 3rd Bureau"}, {"label": "Progress", "value": "Complete"}, {"label": "Dist LAC", "value": "178"}]}}, {"type": "Feature", "geometry": {"type": "Point", "coordinates": [91.5555, 27.9333]}, "properties": {"id": "dams_003", "name": "Mela Pass", "category": "Dams", "category_label": "Dams / Hydro", "icon": "dam", "color": "#00D4FF", "threat_level": "LOW", "display_fields": [{"label": "River", "value": "Shen Chu"}, {"label": "Type", "value": "Hydropower"}, {"label": "County", "value": "Tsona Dzong"}]}}, {"type": "Feature", "geometry": {"type": "Point", "coordinates": [95.0061, 29.19083]}, "properties": {"id": "dams_004", "name": "Nugong Ri", "category": "Dams", "category_label": "Dams / Hydro", "icon": "dam", "color": "#00D4FF", "threat_level": "LOW", "display_fields": [{"label": "Type", "value": "Micro-hydel"}]}}, {"type": "Feature", "geometry": {"type": "Point", "coordinates": [81.122089, 30.354567]}, "properties": {"id": "dams_005", "name": "Purang", "category": "Dams", "category_label": "Dams / Hydro", "icon": "dam", "color": "#00D4FF", "threat_level": "LOW", "display_fields": [{"label": "River", "value": "Karnali"}, {"label": "Planning", "value": "2021"}]}}, {"type": "Feature", "geometry": {"type": "Point", "coordinates": [97.1314, 31.1517]}, "properties": {"id": "dams_006", "name": "Qamdo", "category": "Dams", "category_label": "Dams / Hydro", "icon": "dam", "color": "#00D4FF", "threat_level": "LOW", "display_fields": [{"label": "River", "value": "Ngom Qu"}, {"label": "Diversion Tunnel", "value": "10 spillways"}]}}, {"type": "Feature", "geometry": {"type": "Point", "coordinates": [92.45618, 28.40469]}, "properties": {"id": "dams_007", "name": "Shaqianogcun", "category": "Dams", "category_label": "Dams / Hydro", "icon": "dam", "color": "#00D4FF", "threat_level": "LOW", "display_fields": [{"label": "Storage Capacity", "value": "8.5138 mn cu m"}, {"label": "County", "value": "Lonzi"}, {"label": "Prefecture", "value": "Shannan"}, {"label": "Planning", "value": "2024"}, {"label": "Dist LAC", "value": "56"}]}}, {"type": "Feature", "geometry": {"type": "Point", "coordinates": [81.12, 30.35]}, "properties": {"id": "dams_008", "name": "Taklakot", "category": "Dams", "category_label": "Dams / Hydro", "icon": "dam", "color": "#00D4FF", "threat_level": "LOW", "display_fields": [{"label": "River", "value": "Karnali"}, {"label": "Progress", "value": "0.6"}]}}, {"type": "Feature", "geometry": {"type": "Point", "coordinates": [100.286, 40.9424]}, "properties": {"id": "satellite_001", "name": "Jiuquan", "category": "Satellite", "category_label": "Satellite Facilities", "icon": "satellite", "color": "#64D2FF", "threat_level": "MEDIUM", "display_fields": []}}, {"type": "Feature", "geometry": {"type": "Point", "coordinates": [100.3, 41.287]}, "properties": {"id": "satellite_002", "name": "Jiuquan", "category": "Satellite", "category_label": "Satellite Facilities", "icon": "satellite", "color": "#64D2FF", "threat_level": "MEDIUM", "display_fields": []}}, {"type": "Feature", "geometry": {"type": "Point", "coordinates": [110.9593, 19.6366]}, "properties": {"id": "satellite_003", "name": "Wenchang", "category": "Satellite", "category_label": "Satellite Facilities", "icon": "satellite", "color": "#64D2FF", "threat_level": "MEDIUM", "display_fields": [{"label": "Equipment", "value": "50 containers"}]}}, {"type": "Feature", "geometry": {"type": "Point", "coordinates": [111.5893, 38.863]}, "properties": {"id": "satellite_004", "name": "Taiyuan", "category": "Satellite", "category_label": "Satellite Facilities", "icon": "satellite", "color": "#64D2FF", "threat_level": "MEDIUM", "display_fields": []}}, {"type": "Feature", "geometry": {"type": "Point", "coordinates": [110.9479, 19.6169]}, "properties": {"id": "satellite_005", "name": "Satellite Facilities", "category": "Satellite", "category_label": "Satellite Facilities", "icon": "satellite", "color": "#64D2FF", "threat_level": "MEDIUM", "display_fields": [{"label": "Sub-facility", "value": "Rocket Fuel Containers"}]}}, {"type": "Feature", "geometry": {"type": "Point", "coordinates": [103.994, 30.7027]}, "properties": {"id": "mfr_001", "name": "Chengdu", "category": "Mfr", "category_label": "Manufacturing", "icon": "factory", "color": "#FF453A", "threat_level": "HIGH", "display_fields": [{"label": "Equipment", "value": "J20, J10"}]}}, {"type": "Feature", "geometry": {"type": "Point", "coordinates": [91.86236, 27.7995]}, "properties": {"id": "mfr_002", "name": "Namdi", "category": "Mfr", "category_label": "Manufacturing", "icon": "factory", "color": "#FF453A", "threat_level": "HIGH", "display_fields": []}}, {"type": "Feature", "geometry": {"type": "Point", "coordinates": [80.09127, 32.34991]}, "properties": {"id": "tunnelsdugout_001", "name": "Ali Observatory", "category": "TunnelsDugout", "category_label": "Underground Facilities / Tunnels", "icon": "tunnel", "color": "#8E8E93", "threat_level": "MEDIUM", "display_fields": [{"label": "Alternate Name", "value": "Sezou Shiquanhe"}, {"label": "Type", "value": "2 Tunnel portals"}, {"label": "Transportation", "value": "G219 Parallel"}, {"label": "Portal 1", "value": "Northern"}, {"label": "Portal 2", "value": "Southern"}], "portal_1": {"label": "Northern", "lat": 32.3382, "lon": 80.0795}, "portal_2": {"label": "Southern", "lat": 32.28, "lon": 80.0571}}}, {"type": "Feature", "geometry": {"type": "Point", "coordinates": [79.679, 33.0741]}, "properties": {"id": "tunnelsdugout_002", "name": "Dumchele", "category": "TunnelsDugout", "category_label": "Underground Facilities / Tunnels", "icon": "tunnel", "color": "#8E8E93", "threat_level": "MEDIUM", "display_fields": [{"label": "Type", "value": "UG facility"}, {"label": "Formation", "value": "362 BDR"}]}}, {"type": "Feature", "geometry": {"type": "Point", "coordinates": [78.742, 35.278]}, "properties": {"id": "tunnelsdugout_003", "name": "Qizil Jilga", "category": "TunnelsDugout", "category_label": "Underground Facilities / Tunnels", "icon": "tunnel", "color": "#8E8E93", "threat_level": "MEDIUM", "display_fields": [{"label": "Type", "value": "4 tunnels"}]}}, {"type": "Feature", "geometry": {"type": "Point", "coordinates": [76.991, 35.729]}, "properties": {"id": "tunnelsdugout_004", "name": "Shaksgam Valley", "category": "TunnelsDugout", "category_label": "Underground Facilities / Tunnels", "icon": "tunnel", "color": "#8E8E93", "threat_level": "MEDIUM", "display_fields": [{"label": "Alternate Name", "value": "Singhi glacier"}, {"label": "Type", "value": "2 Tunnel portals"}], "portal_1": {"label": "Portal 1", "lat": 35.729, "lon": 76.991}, "portal_2": {"label": "Portal 2", "lat": 35.726, "lon": 76.999}}}, {"type": "Feature", "geometry": {"type": "Point", "coordinates": [81.1428, 30.2696]}, "properties": {"id": "tunnelsdugout_005", "name": "Taklakot", "category": "TunnelsDugout", "category_label": "Underground Facilities / Tunnels", "icon": "tunnel", "color": "#8E8E93", "threat_level": "MEDIUM", "display_fields": [{"label": "Type", "value": "7 Dugouts"}]}}, {"type": "Feature", "geometry": {"type": "Point", "coordinates": [79.9212, 32.16]}, "properties": {"id": "tunnelsdugout_006", "name": "Xinkegang", "category": "TunnelsDugout", "category_label": "Underground Facilities / Tunnels", "icon": "tunnel", "color": "#8E8E93", "threat_level": "MEDIUM", "display_fields": [{"label": "Type", "value": "8 tunnels"}]}}, {"type": "Feature", "geometry": {"type": "Point", "coordinates": [91.114, 30.453]}, "properties": {"id": "tunnelsdugout_007", "name": "Damxung", "category": "TunnelsDugout", "category_label": "Underground Facilities / Tunnels", "icon": "tunnel", "color": "#8E8E93", "threat_level": "MEDIUM", "display_fields": [{"label": "Alternate Name", "value": "Donshoon"}, {"label": "Type", "value": "6 tunnel portals"}]}}, {"type": "Feature", "geometry": {"type": "Point", "coordinates": [91.125, 30.4666]}, "properties": {"id": "tunnelsdugout_008", "name": "Damxung", "category": "TunnelsDugout", "category_label": "Underground Facilities / Tunnels", "icon": "tunnel", "color": "#8E8E93", "threat_level": "MEDIUM", "display_fields": [{"label": "Alternate Name", "value": "Donshoon"}, {"label": "Type", "value": "3 tunnel portals"}]}}, {"type": "Feature", "geometry": {"type": "Point", "coordinates": [94.8345, 36.1163]}, "properties": {"id": "tunnelsdugout_009", "name": "Golmud", "category": "TunnelsDugout", "category_label": "Underground Facilities / Tunnels", "icon": "tunnel", "color": "#8E8E93", "threat_level": "MEDIUM", "display_fields": [{"label": "Type", "value": "2 Tunnel portals"}]}}, {"type": "Feature", "geometry": {"type": "Point", "coordinates": [89.5236, 28.8946]}, "properties": {"id": "tunnelsdugout_010", "name": "Gyantse", "category": "TunnelsDugout", "category_label": "Underground Facilities / Tunnels", "icon": "tunnel", "color": "#8E8E93", "threat_level": "MEDIUM", "display_fields": [{"label": "Type", "value": "14 dugouts"}]}}, {"type": "Feature", "geometry": {"type": "Point", "coordinates": [91.2547, 28.0763]}, "properties": {"id": "tunnelsdugout_011", "name": "Lakhang Dzong", "category": "TunnelsDugout", "category_label": "Underground Facilities / Tunnels", "icon": "tunnel", "color": "#8E8E93", "threat_level": "MEDIUM", "display_fields": [{"label": "Type", "value": "Tunnel"}, {"label": "Length", "value": "1800m"}, {"label": "Transportation", "value": "Geng La Road"}, {"label": "Portal 1", "value": "Northern"}, {"label": "Portal 2", "value": "Southern"}], "portal_1": {"label": "Northern", "lat": 28.0763, "lon": 91.2547}, "portal_2": {"label": "Southern", "lat": 28.0624, "lon": 91.2615}}}, {"type": "Feature", "geometry": {"type": "Point", "coordinates": [93.3813, 28.6392]}, "properties": {"id": "tunnelsdugout_012", "name": "Longju", "category": "TunnelsDugout", "category_label": "Underground Facilities / Tunnels", "icon": "tunnel", "color": "#8E8E93", "threat_level": "MEDIUM", "display_fields": [{"label": "Type", "value": "Tunnels"}, {"label": "Length", "value": "1600m"}]}}, {"type": "Feature", "geometry": {"type": "Point", "coordinates": [96.11, 29.505]}, "properties": {"id": "tunnelsdugout_013", "name": "Midui", "category": "TunnelsDugout", "category_label": "Underground Facilities / Tunnels", "icon": "tunnel", "color": "#8E8E93", "threat_level": "MEDIUM", "display_fields": [{"label": "Alternate Name", "value": "Dalezhu"}, {"label": "Type", "value": "Tunnel"}, {"label": "Portal 1", "value": "Eastern"}, {"label": "Portal 2", "value": "Western"}], "portal_1": {"label": "Eastern", "lat": 29.505, "lon": 96.11}, "portal_2": {"label": "Western", "lat": 29.515, "lon": 96.051}}}, {"type": "Feature", "geometry": {"type": "Point", "coordinates": [94.469, 29.599]}, "properties": {"id": "tunnelsdugout_014", "name": "Nagiti", "category": "TunnelsDugout", "category_label": "Underground Facilities / Tunnels", "icon": "tunnel", "color": "#8E8E93", "threat_level": "MEDIUM", "display_fields": [{"label": "Type", "value": "Tunnel"}]}}, {"type": "Feature", "geometry": {"type": "Point", "coordinates": [88.8316, 27.2883]}, "properties": {"id": "tunnelsdugout_015", "name": "Nathu La", "category": "TunnelsDugout", "category_label": "Underground Facilities / Tunnels", "icon": "tunnel", "color": "#8E8E93", "threat_level": "MEDIUM", "display_fields": [{"label": "Type", "value": "Tunnel"}]}}, {"type": "Feature", "geometry": {"type": "Point", "coordinates": [89.31333, 29.31]}, "properties": {"id": "tunnelsdugout_016", "name": "Shigatse", "category": "TunnelsDugout", "category_label": "Underground Facilities / Tunnels", "icon": "tunnel", "color": "#8E8E93", "threat_level": "MEDIUM", "display_fields": [{"label": "Type", "value": "Tunnel"}, {"label": "Transportation", "value": "Hoping airfield"}]}}, {"type": "Feature", "geometry": {"type": "Point", "coordinates": [91.7635, 29.2405]}, "properties": {"id": "tunnelsdugout_017", "name": "Tsethang", "category": "TunnelsDugout", "category_label": "Underground Facilities / Tunnels", "icon": "tunnel", "color": "#8E8E93", "threat_level": "MEDIUM", "display_fields": [{"label": "Type", "value": "Tunnel"}]}}, {"type": "Feature", "geometry": {"type": "Point", "coordinates": [88.90416, 27.49833]}, "properties": {"id": "tunnelsdugout_018", "name": "Yatung", "category": "TunnelsDugout", "category_label": "Underground Facilities / Tunnels", "icon": "tunnel", "color": "#8E8E93", "threat_level": "MEDIUM", "display_fields": [{"label": "Type", "value": "Tunnel"}, {"label": "Length", "value": "1300m"}, {"label": "Portal 1", "value": "Western"}, {"label": "Portal 2", "value": "Eastern"}], "portal_1": {"label": "Western", "lat": 27.49833, "lon": 88.90416}, "portal_2": {"label": "Eastern", "lat": 27.49638, "lon": 88.9175}}}, {"type": "Feature", "geometry": {"type": "Point", "coordinates": [97.719, 28.7146]}, "properties": {"id": "tunnelsdugout_019", "name": "Zayu NE", "category": "TunnelsDugout", "category_label": "Underground Facilities / Tunnels", "icon": "tunnel", "color": "#8E8E93", "threat_level": "MEDIUM", "display_fields": [{"label": "Type", "value": "Tunnel portal"}, {"label": "Transportation", "value": "G219"}]}}, {"type": "Feature", "geometry": {"type": "Point", "coordinates": [105.8817, 37.875]}, "properties": {"id": "railway_station_001", "name": "Qingtongxia", "category": "Railway Station", "category_label": "Railway Stations", "icon": "rail", "color": "#00D4FF", "threat_level": "LOW", "display_fields": []}}, {"type": "Feature", "geometry": {"type": "Point", "coordinates": [101.833, 36.6]}, "properties": {"id": "railway_station_002", "name": "Xining (RTP)", "category": "Railway Station", "category_label": "Railway Stations", "icon": "rail", "color": "#00D4FF", "threat_level": "LOW", "display_fields": [{"label": "RTP", "value": "RTP"}, {"label": "Lat", "value": "36.6"}, {"label": "Long", "value": "101.833"}]}}, {"type": "Feature", "geometry": {"type": "Point", "coordinates": [94.9072, 36.3843]}, "properties": {"id": "railway_station_003", "name": "Golmud", "category": "Railway Station", "category_label": "Railway Stations", "icon": "rail", "color": "#00D4FF", "threat_level": "LOW", "display_fields": [{"label": "Local Name", "value": "Ge'ermu"}, {"label": "Altitude", "value": "2823"}, {"label": "Province", "value": "Qinghai"}, {"label": "Area", "value": "1200x700"}, {"label": "PLA", "value": "Yes"}], "rtp": {"lat": 36.19238, "lon": 94.779516}}}, {"type": "Feature", "geometry": {"type": "Point", "coordinates": [94.30477, 35.7276]}, "properties": {"id": "railway_station_004", "name": "Sanchahe", "category": "Railway Station", "category_label": "Railway Stations", "icon": "rail", "color": "#00D4FF", "threat_level": "LOW", "display_fields": [{"label": "Province", "value": "Qinghai"}, {"label": "Formation", "value": "Sanchahe Training Base"}, {"label": "RTP", "value": "RTP"}, {"label": "PLA", "value": "Yes"}], "rtp": {"lat": 35.7349, "lon": 94.29316}}}, {"type": "Feature", "geometry": {"type": "Point", "coordinates": [91.992, 31.4422]}, "properties": {"id": "railway_station_005", "name": "Nagqu", "category": "Railway Station", "category_label": "Railway Stations", "icon": "rail", "color": "#00D4FF", "threat_level": "LOW", "display_fields": [{"label": "Altitude", "value": "4513"}, {"label": "County", "value": "Nagqu"}, {"label": "Province", "value": "Tibet"}, {"label": "RTP", "value": "RTP"}, {"label": "PLA", "value": "Yes"}, {"label": "RTP Infra", "value": "2 Movable Cranes, 84 containers"}], "rtp": {"lat": 31.4576, "lon": 92.01}}}, {"type": "Feature", "geometry": {"type": "Point", "coordinates": [88.9108, 29.2252]}, "properties": {"id": "railway_station_006", "name": "Shigatse (RTP)", "category": "Railway Station", "category_label": "Railway Stations", "icon": "rail", "color": "#00D4FF", "threat_level": "LOW", "display_fields": [{"label": "Local Name", "value": "Xigaze"}, {"label": "RTP", "value": "RTP"}, {"label": "Lat", "value": "29.2252"}, {"label": "Long", "value": "88.9108"}, {"label": "PLA", "value": "Yes"}, {"label": "RTP Infra", "value": "30-35 containers"}, {"label": "Distance IB", "value": "126"}]}}, {"type": "Feature", "geometry": {"type": "Point", "coordinates": [93.0367, 29.0448]}, "properties": {"id": "railway_station_007", "name": "Nang", "category": "Railway Station", "category_label": "Railway Stations", "icon": "rail", "color": "#00D4FF", "threat_level": "LOW", "display_fields": [{"label": "Tunnel", "value": "2"}]}}, {"type": "Feature", "geometry": {"type": "Point", "coordinates": [91.754166, 29.25555]}, "properties": {"id": "railway_station_008", "name": "Tsethang (RTP)", "category": "Railway Station", "category_label": "Railway Stations", "icon": "rail", "color": "#00D4FF", "threat_level": "LOW", "display_fields": [{"label": "RTP", "value": "RTP"}, {"label": "Lat", "value": "29.25555"}, {"label": "Long", "value": "91.754166"}]}}, {"type": "Feature", "geometry": {"type": "Point", "coordinates": [94.336, 29.323]}, "properties": {"id": "railway_station_009", "name": "Linzhi", "category": "Railway Station", "category_label": "Railway Stations", "icon": "rail", "color": "#00D4FF", "threat_level": "LOW", "display_fields": []}}, {"type": "Feature", "geometry": {"type": "Point", "coordinates": [94.43, 29.523]}, "properties": {"id": "railway_station_010", "name": "Nagiti", "category": "Railway Station", "category_label": "Railway Stations", "icon": "rail", "color": "#00D4FF", "threat_level": "LOW", "display_fields": [{"label": "RTP", "value": "Siding"}], "rtp": {"lat": 29.534, "lon": 94.443}}}, {"type": "Feature", "geometry": {"type": "Point", "coordinates": [79.8889, 37.1618]}, "properties": {"id": "railway_station_011", "name": "Hotan (RTP)", "category": "Railway Station", "category_label": "Railway Stations", "icon": "rail", "color": "#00D4FF", "threat_level": "LOW", "display_fields": [{"label": "Formation", "value": "17*/6** CAD"}, {"label": "RTP", "value": "RTP"}, {"label": "Lat", "value": "37.1618"}, {"label": "Long", "value": "79.8889"}]}}, {"type": "Feature", "geometry": {"type": "Point", "coordinates": [77.4682, 37.8951]}, "properties": {"id": "railway_station_012", "name": "Yecheng", "category": "Railway Station", "category_label": "Railway Stations", "icon": "rail", "color": "#00D4FF", "threat_level": "LOW", "display_fields": [{"label": "Formation", "value": "6** CAD"}, {"label": "RTP", "value": "RTP"}, {"label": "Distance IB", "value": "265"}], "rtp": {"lat": 37.868, "lon": 77.469}}}, {"type": "Feature", "geometry": {"type": "Point", "coordinates": [98.215, 39.855]}, "properties": {"id": "railway_station_013", "name": "Jiuquan (RTP)", "category": "Railway Station", "category_label": "Railway Stations", "icon": "rail", "color": "#00D4FF", "threat_level": "LOW", "display_fields": [{"label": "Formation", "value": "62* H-CAB/ 76 GA"}, {"label": "RTP", "value": "RTP"}, {"label": "Lat", "value": "39.855"}, {"label": "Long", "value": "98.215"}]}}, {"type": "Feature", "geometry": {"type": "Point", "coordinates": [106.016, 38.475]}, "properties": {"id": "railway_station_014", "name": "Yinchuan (RTP)", "category": "Railway Station", "category_label": "Railway Stations", "icon": "rail", "color": "#00D4FF", "threat_level": "LOW", "display_fields": [{"label": "Formation", "value": "17* H-CAB/ 76 GA"}, {"label": "RTP", "value": "RTP"}, {"label": "Lat", "value": "38.475"}, {"label": "Long", "value": "106.016"}]}}, {"type": "Feature", "geometry": {"type": "Point", "coordinates": [105.099, 37.508]}, "properties": {"id": "railway_station_015", "name": "Zhongwei (RTP)", "category": "Railway Station", "category_label": "Railway Stations", "icon": "rail", "color": "#00D4FF", "threat_level": "LOW", "display_fields": [{"label": "Formation", "value": "76 GA Artillery Brigade"}, {"label": "RTP", "value": "RTP"}, {"label": "Lat", "value": "37.508"}, {"label": "Long", "value": "105.099"}]}}]}